product_code,product_name,ingredient
643301131,사이폴주(사이클로스포린)_(0.25g/5mL),cyclosporine
52400140,로슈바정20mg(로수바스타틴칼슘)_(20.8mg/1정),rosuvastatin
698002070,디크리핀서방정5밀리그램(펠로디핀)_(5mg/1정),felodipine
52401700,이트코나졸캡슐(이트라코나졸)_(0.1g/1캡슐),itraconazole
645208410,이토졸정(이트라코나졸고체분산체)_(0.253g/1정),itraconazole
52402040,인토젯정10/10밀리그램_(1정),ezetimibe
653600550,산디문뉴오랄연질캡슐25밀리그램(사이클로스포린)_(25mg/1캡슐),cyclosporine
52402330,"아이스타플러스정80/5/5밀리그램(텔미사르탄, 암로디핀, 로수바스타틴)_(1정)",telmisartan
643301100,사이폴-엔연질캡슐100밀리그램(사이클로스포린)(수출명:데나스포연질캡슐100밀리그램)_(0.1g/1캡슐),cyclosporine
52402340,"아이스타플러스정40/5/10밀리그램(텔미사르탄,암로디핀,로수바스타틴)_(1정)",amlodipine
694003800,테넬로드엠서방정10/500밀리그램_(1정),teneligliptin
52600011,아이맥스이오헥솔300주_(32.35g/50mL),iohexol
694004420,"자디엠파듀오정12.5/850밀리그램(엠파글리플로진,메트포르민염산염)_(1정)",empagliflozin
669908430,"엔피앙듀오정5/500밀리그램(엠파글리플로진,메트포르민염산염)_(1정)",empagliflozin
693903830,"네시나메트정12.5/1000밀리그램(알로글립틴벤조산염,메트포르민염산염)_(1정)",metformin
647304530,다파엘듀오서방정10/500밀리그램_(1정),metformin
693904010,"네시나메트서방정12.5/500밀리그램(알로글립틴,메트포르민염산염)_(1정)",metformin
670609260,"리나디포듀오정2.5/1000mg(리나글립틴, 메트포르민)_(1정)",metformin
671707340,트라케이듀오정2.5/850밀리그램_(1정),linagliptin
641608020,"포시로멧서방정10/1000밀리그램(다파글리플로진, 메트포르민)_(1정)",dapagliflozin
665003360,"리라젠타듀오서방정2.5/1000밀리그램(리나글립틴,메트포르민)_(1정)",metformin
52600012,아이맥스이오헥솔300주_(64.7g/100mL),iohexol
645604320,메트레닌정(메트포르민염산염)_(0.5g/1정),metformin
656005450,라니글듀오정2.5/500밀리그램_(1정),linagliptin
646005760,"엠파글엠정12.5/1000밀리그램(엠파글리플로진, 메트포르민염산염)_(1정)",metformin
642707830,"엠플디엠메트서방정25/1000밀리그램(엠파글리플로진, 메트포르민)_(1정)",metformin
641908060,"트루다파엠서방정10/1000밀리그램(다파글리플로진,메트포르민)_(1정)",dapagliflozin bis
52600013,아이맥스이오헥솔300주_(80.875g/125mL),iohexol
650300040,그린페지정(메트포르민염산염)_(0.5g/1정),metformin
652904760,"엠파벡스정12.5/850밀리그램(엠파글리플로진,메트포르민염산염)_(1정)",empagliflozin
643310010,"엠파맥스엠서방정25/1000밀리그램(엠파글리플로진,메트포르민)_(1정)",metformin
651206250,"엠포가듀오정12.5/1000밀리그램(엠파글리플로진, 메트포르민염산염)_(1정)",metformin
649105910,리나젠타듀오정2.5/500mg_(1정),linagliptin
657309220,"엠파앙듀오서방정10/1000밀리그램(엠파글리플로진,메트포르민염산염)_(1정)",empagliflozin
648104100,리타메진정2.5/850밀리그램_(1정),linagliptin
657308980,"리나탑듀오서방정5/1000밀리그램(리나글립틴,메트포르민염산염)_(1정)",metformin
643307460,듀비메트서방정0.25/1000밀리그램_(1정),metformin
698504930,"엠파디앙듀오정12.5/500밀리그램(엠파글리플로진, 메트포르민염산염)_(1정)",metformin
52600014,아이맥스이오헥솔300주_(97.05g/150mL),iohexol
653405800,"시타칸다플메트서방정5/50/1000밀리그램(다파글리플로진,시타글립틴,메트포르민)_(1정)",dapagliflozin
641908560,"트루디에스엠서방정10/100/1000밀리그램(다파글리플로진,시타글립틴,메트포르민)_(1정)",metformin
642405150,"답플로엠서방정10/500밀리그램(다파글리플로진프로판디올수화물,메트포르민염산염)_(1정)",dapagliflozin
652607310,"리나티젠듀오서방정5/1000밀리그램(리나글립틴,메트포르민염산염)_(1정)",linagliptin
643606880,"폴민엠파서방정10/1000밀리그램(엠파글리플로진, 메트포르민)_(1정)",metformin
648104850,다파메트서방정10/1000밀리그램_(1정),dapagliflozin bis
670605860,휴온스메트포르민서방정(메트포르민염산염)_(0.5g/1정),metformin
649808220,메토포르정500밀리그램(메트포르민염산염)_(0.5g/1정),metformin
644915060,"자디메트정5/500밀리그램(엠파글리플로진, 메트포르민염산염)_(1정)",empagliflozin
52600016,아이맥스이오헥솔300주_(323.5g/500mL),iohexol
643309940,"엠파맥스엠정12.5/500밀리그램(엠파글리플로진,메트포르민)_(1정)",metformin
640007300,아토메트서방정10/1000밀리그램_(1정),metformin
645307050,"리나로엠서방정2.5/1000밀리그램(리나글립틴, 메트포르민)_(1정)",metformin
671707420,"포시타엠서방정10/100/1000밀리그램(다파글리플로진,시타글립틴,메트포르민)_(1정)",sitagliptin
642907070,"엠파칸듀오정5/500밀리그램(엠파글리플로진,메트포르민염산염)_(1정)",empagliflozin
645907600,"엠플로엠서방정5/1000밀리그램(엠파글리플로진,메트포르민)_(1정)",empagliflozin
671808020,"엠파시타엠서방정10/100/1000밀리그램(엠파글리플로진,시타글립틴,메트포르민염산염)_(1정)",empagliflozin
694004450,"자디엠파듀오정5/500밀리그램(엠파글리플로진,메트포르민염산염)_(1정)",empagliflozin
651205870,"다포가듀오서방정10/500밀리그램(다파글리플로진프로판디올수화물, 메트포르민염산염)_(1정)",metformin
660703950,위디앙듀오정5/500밀리그램_(1정),metformin
641908050,"트루다파엠서방정10/500밀리그램(다파글리플로진,메트포르민)_(1정)",dapagliflozin bis
52600017,아이맥스이오헥솔300주_(6.47g/10mL),iohexol
657308950,리나탑듀오정2.5/850밀리그램_(1정),metformin
671807750,다파시타엠서방정5/50/1000밀리그램_(1정),sitagliptin
644915050,"자디메트정5/850밀리그램(엠파글리플로진, 메트포르민염산염)_(1정)",empagliflozin
643705520,트라디엠듀오정2.5/500밀리그램_(1정),linagliptin
649702860,테넬리엘듀오서방정20/1000밀리그램_(1정),teneligliptin
640007980,"리나엔듀오서방정2.5/1000밀리그램(리나글립틴,메트포르민)_(1정)",linagliptin
640007980,"리나엔듀오서방정2.5/1000밀리그램(리나글립틴,메트포르민)_(1정)",metformin
655600080,글루코프리서방정500밀리그램(메트포르민염산염)_(0.5g/1정),metformin
643310030,"엠파맥스엠서방정12.5/1000밀리그램(엠파글리플로진,메트포르민)_(1정)",metformin
646005520,"엠파글엠정5/850밀리그램(엠파글리플로진, 메트포르민염산염)_(1정)",metformin
643606750,"시타다파엠서방정5/50/1000밀리그램(다파글리플로진,시타글립틴,메트포르민)_(1정)",sitagliptin
52600021,아이맥스이오헥솔350주_(37.75g/50mL),iohexol
643508590,다파론듀오서방정10/1000밀리그램_(1정),dapagliflozin bis
671707360,트라케이듀오정2.5/1000밀리그램_(1정),linagliptin
645406150,테네필플러스서방정10/500밀리그램_(1정),teneligliptin
648104110,리타메진정2.5/1000밀리그램_(1정),metformin
694003980,포시다파엠서방정10/1000밀리그램_(1정),metformin
670501860,글루포민서방정500mg(메트포르민염산염)_(0.5g/1정),metformin
669806270,테리아엠서방정20/1000밀리그램_(1정),metformin
646005540,"엠파글엠정5/500밀리그램(엠파글리플로진, 메트포르민염산염)_(1정)",metformin
52600022,아이맥스이오헥솔350주_(75.5g/100mL),iohexol
654006060,다파릴듀오서방정10/500밀리그램_(1정),metformin
642707410,"다플디엠메트서방정10/1000밀리그램(다파글리플로진프로판디올수화물,메트포르민염산염)_(1정)",dapagliflozin
653404390,로수탄메트정500/5밀리그램_(1정),rosuvastatin
643705600,"글리앙듀오정12.5/1000밀리그램(엠파글리플로진, 메트포르민염산염)_(1정)",metformin
645307200,"엠파로엠정5/500밀리그램(엠파글리플로진,메트포르민염산염)_(1정)",empagliflozin
641706500,"다파이제서방정10/1000밀리그램(다파글리플로진,메트포르민)_(1정)",metformin
641908360,"트루리나엠서방정2.5/1000밀리그램(리나글립틴,메트포르민)_(1정)",linagliptin
657308870,다파프로진메트서방정10/1000밀리그램_(1정),metformin
52600023,아이맥스이오헥솔350주_(94.375g/125mL),iohexol
647805940,"엠포진듀오서방정25/1000밀리그램(엠파글리플로진,메트포르민)_(1정)",empagliflozin
653405620,"리나칸메트서방정2.5/1000밀리그램(리나글립틴(미분화),메트포르민염산염)_(1정)",metformin
657308940,리나탑듀오정2.5/500밀리그램_(1정),metformin
643309190,엑시글루엠서방정5/1000밀리그램_(1정),metformin
643310260,"듀비엠폴서방정0.25/12.5/1000밀리그램(로베글리타존,엠파글리플로진,메트포르민)_(1정)",lobeglitazone
643700860,글라비스서방정500밀리그람(메트포르민염산염)_(0.5g/1정),metformin
653501400,트라젠타듀오정2.5/850밀리그램_(1정),linagliptin
669908390,"리포민듀오서방정5/1000밀리그램(리나글립틴, 메트포르민염산염)_(1정)",linagliptin
52600024,아이맥스이오헥솔350주_(113.25g/150mL),iohexol
661700530,글루코파지정1000밀리그램(메트포르민염산염)_(1g/1정),metformin
649105910,리나젠타듀오정2.5/500mg_(1정),metformin
694004300,"자누플로멧서방정5/50/1000밀리그램(다파글리플로진,시타글립틴,메트포르민)_(1정)",dapagliflozin
670609440,"휴시글로엠서방정10/100/1000밀리그램(다파글리플로진, 시타글립틴, 메트포르민)_(1정)",metformin
653007070,"파마엠파로우듀오정12.5/850밀리그램(엠파글리플로진, 메트포르민염산염)_(1정)",metformin
52600026,아이맥스이오헥솔350주_(377.5g/500mL),iohexol
649105920,리나젠타듀오정2.5/1000mg_(1정),linagliptin
654004070,글루파민서방정500밀리그램(메트포르민염산염)_(0.5g/1정),metformin
642507880,"엠파프로메트서방정12.5/1000밀리그램(엠파글리플로진,메트포르민)_(1정)",empagliflozin
653405790,"시타칸다플메트서방정10/100/1000밀리그램(다파글리플로진,시타글립틴,메트포르민)_(1정)",dapagliflozin
693904000,"네시나메트서방정25/1000밀리그램(알로글립틴,메트포르민염산염)_(1정)",metformin
646005680,"다파글엠서방정10/1000밀리그램(다파글리플로진프로판디올수화물,메트포르민염산염)_(1정)",dapagliflozin
648902991,화이자메토트렉세이트주5g_(5g/50mL),methotrexate
53300170,록캄캡슐(멜록시캄)_(7.5mg/1캡슐),meloxicam
655501910,녹사필장용정100밀리그램(포사코나졸(미분화))_(0.1g/1정),posaconazole
53301050,자바렐토정10밀리그램(리바록사반)_(10mg/1정),rivaroxaban
698505080,트라졸정(이트라코나졸고체분산체)_(0.253g/1정),itraconazole
53301060,자바렐토정15밀리그램(리바록사반)_(15mg/1정),rivaroxaban
670101490,에스코졸정(이트라코나졸고체분산체)_(0.253g/1정),itraconazole
661904510,이트라녹스정(이트라코나졸고체분산체)_(0.253g/1정),itraconazole
53301070,자바렐토정20밀리그램(리바록사반)_(20mg/1정),rivaroxaban
656700900,스포나졸정(이트라코나졸고체분산체)_(0.253g/1정),itraconazole
53600320,뉴아토르타정40밀리그램(아토르바스타틴칼슘삼수화물)_(43.4mg/1정),atorvastatin
645604360,대화이트라코나졸정_(0.1g/1정),itraconazole
53601610,뉴아토르젯정10/20밀리그램_(1정),ezetimibe
690301490,하이트라졸정100mg(이트라코나졸고체분산체)_(0.253g/1정),itraconazole
53601630,뉴아토르젯정10/10밀리그램_(1정),ezetimibe
648502930,이코나졸캡슐(이트라코나졸)_(0.1g/1캡슐),itraconazole
658700670,에보타즈정_(1정),atazanavir
53601670,안국뉴팜에스오플러스정20/800밀리그램_(1정),esomeprazole
665505965,유니헥솔주300(이오헥솔)_(84.11g/130mL),iohexol
53601680,빌다틴메트정50/500밀리그램_(1정),vildagliptin
621400134,이오파미로370주사액(이오파미돌)_(113.295g/150mL),iopamidol
693901460,디트라정(이트라코나졸고체분산체)_(0.253g/1정),itraconazole
54800020,리피크린정10밀리그램(아토르바스타틴칼슘삼수화물)_(10.85mg/1정),atorvastatin
646902560,스포라녹스캡슐(이트라코나졸)_(0.1g/1캡슐),itraconazole
54800070,리피크린정20밀리그램(아토르바스타틴칼슘삼수화물)_(21.7mg/1정),atorvastatin
658203220,비보존이트라코나졸정_(0.1g/1정),itraconazole
54801210,리바롤정20밀리그램(리바록사반)_(20mg/1정),rivaroxaban
674101670,이트라원정100mg(이트라코나졸고체분산체)_(0.253g/1정),itraconazole
54801260,엔비젯정10/10밀리그램_(1정),atorvastatin
642801150,이타코나정(이트라코나졸고체분산체)_(0.253g/1정),itraconazole
670303210,코니트라정100밀리그램(이트라코나졸고체분산체)_(0.253g/1정),itraconazole
54801260,엔비젯정10/10밀리그램_(1정),ezetimibe
54801270,엔비젯정10/20밀리그램_(1정),atorvastatin
648604730,씨코나졸캡슐(이트라코나졸)_(0.1g/1캡슐),itraconazole
54801280,엔비젯정10/40밀리그램_(1정),atorvastatin
643200580,스포라졸정(이트라코나졸고체분산체)(수출명: 아주졸린정)_(0.253g/1정),itraconazole
54801280,엔비젯정10/40밀리그램_(1정),ezetimibe
650303650,이나졸정100밀리그램(이트라코나졸고체분산체)_(0.253g/1정),itraconazole
57600290,리토르정20mg(아토르바스타틴칼슘삼수화물)_(21.69mg/1정),atorvastatin
664901080,이트랄정(이트라코나졸고체분산체)_(0.253g/1정),itraconazole
57600850,아미젯정10/20밀리그램_(1정),atorvastatin
57600850,아미젯정10/20밀리그램_(1정),ezetimibe
622801490,더이트라정(이트라코나졸)_(0.1g/1정),itraconazole
57600860,아미젯정10/10밀리그램_(1정),ezetimibe
657302390,스포넥스캡슐(이트라코나졸)_(0.1g/1캡슐),itraconazole
57600870,아미젯정10/40밀리그램_(1정),ezetimibe
658700670,에보타즈정_(1정),cobicistat
58200760,아란프캡슐30밀리그램(란소프라졸과립)_(30mg/1캡슐),lansoprazole
58801220,란소앤정30/600밀리그램_(1정),lansoprazole
650100654,아이오브릭스주300(이오헥솔)_(32.35g/50mL),iohexol
59000110,케이릴엠정1/250밀리그램_(1정),metformin
645101511,보노렉스300주(이오헥솔)(수출명: IOHEXOL 300 Inj.)_(6.47g/10mL),iohexol
73600132,듀오레이주사270밀리그램(요오딕사놀)_(27.5g/50mL),iodixanol
59000110,케이릴엠정1/250밀리그램_(1정),glimepiride
73600143,메디레이300주(이오헥솔)_(19.41g/30mL),iohexol
657401744,퍼슨헥솔주300(이오헥솔)_(97.05g/150mL),iohexol
621400092,이오메론300주사액(이오메프롤)_(61.24g/100mL),iomeprol
647203920,이타녹스정100밀리그램(이트라코나졸고체분산체)_(0.253g/1정),itraconazole
59000450,아드윈정10밀리그램(아토르바스타틴칼슘삼수화물)_(10.85mg/1정),atorvastatin
657805010,스포코라정(이트라코나졸고체분산체)_(0.253g/1정),itraconazole
669905850,이코졸정(이트라코나졸고체분산체)_(0.253g/1정),itraconazole
59000460,아드윈정20밀리그램(아토르바스타틴칼슘삼수화물)_(21.7mg/1정),atorvastatin
663601030,"심비단정(심바스타틴)(수출명:SIVASTANTTAB.,SIVANSTANTTAB.)_(20mg/1정)",simvastatin
59000910,이트라스정(이트라코나졸고체분산체)_(0.253g/1정),itraconazole
657308610,사이크린연질캡슐25밀리그램(사이클로스포린)_(25mg/1캡슐),cyclosporine
59001000,아드젯정10/20밀리그램_(1정),ezetimibe
679801380,트리코나정(이트라코나졸고체분산체)_(0.253g/1정),itraconazole
59001010,아드젯정10/10밀리그램_(1정),atorvastatin
59001040,리바로트정10밀리그램(리바록사반)_(10mg/1정),rivaroxaban
650100662,아이오브릭스주350(이오헥솔)_(37.75g/50mL),iohexol
59001150,다누메트엑스알서방정50/500밀리그램_(1정),metformin
629700634,아스헥솔주300(이오헥솔)_(97.05g/150mL),iohexol
641106061,울트라비스트300주프리필드카트리지(이오프로마이드)_(77.925g/125mL),iopromide
59001160,다누메트엑스알서방정50/1000밀리그램_(1정),metformin
655403294,레이팜370주사액(이오파미돌)_(113.28g/150mL),iopamidol
79000021,보노라인370주(이오파미돌)_(75.53g/100mL),iopamidol
623500017,스캔룩스300주사액(이오파미돌)_(45.9g/75mL),iopamidol
59001160,다누메트엑스알서방정50/1000밀리그램_(1정),sitagliptin
646300134,옴니파큐350주(이오헥솔)_(377.5g/500mL),iohexol
59001170,다누메트엑스알서방정100/1000밀리그램_(1정),sitagliptin
623500028,스캔룩스370주사액(이오파미돌)_(94.375g/125mL),iopamidol
59001180,다누메트정50/500밀리그램_(1정),sitagliptin
623500012,스캔룩스300주사액(이오파미돌)_(61.2g/100mL),iopamidol
621400103,이오메론350주사액(이오메프롤)_(107.16g/150mL),iomeprol
59001180,다누메트정50/500밀리그램_(1정),metformin
73600013,메디레이350주(이오헥솔)_(113.25g/150mL),iohexol
655403282,레이팜300주사액(이오파미돌)_(30.6g/50mL),iopamidol
59001190,다누메트정50/850밀리그램_(1정),metformin
645104533,보노렉스300주(이오헥솔)(수출명: IOHEXOL 300 Inj.)_(64.7g/100mL/관),iohexol
59001190,다누메트정50/850밀리그램_(1정),sitagliptin
650102761,아이오브릭스주350(이오헥솔)_(98.15g/130mL),iohexol
59001200,다누메트정50/1000밀리그램_(1정),sitagliptin
655403283,레이팜300주사액(이오파미돌)_(61.2g/100mL),iopamidol
59001200,다누메트정50/1000밀리그램_(1정),metformin
655404152,레이헥솔주350(이오헥솔)_(113.25g/150mL),iohexol
646300131,옴니파큐350주(이오헥솔)_(37.75g/50mL),iohexol
59400040,제토바정10/40밀리그램_(1정),ezetimibe
670606420,휴온스이트라코나졸정(이트라코나졸고체분산체)_(0.253g/1정),itraconazole
59400040,제토바정10/40밀리그램_(1정),atorvastatin
640900820,이카졸정(이트라코나졸)_(0.1g/1정),itraconazole
59400050,제토바정10/20밀리그램_(1정),atorvastatin
60500760,메가아토바정20밀리그램(아토르바스타틴칼슘수화물)_(21.7mg/1정),atorvastatin
643301110,사이폴-엔연질캡슐25밀리그램(사이클로스포린)(수출명:데나스포연질캡슐25밀리그램)_(25mg/1캡슐),cyclosporine
73000140,건피타정4밀리그램(피타바스타틴칼슘)_(4mg/1정),pitavastatin
661900760,심바스정(심바스타틴)_(20mg/1정),simvastatin
73000530,이라코나정(이트라코나졸고체분산체)_(0.253g/1정),itraconazole
643301091,"사이폴-엔내복액(사이클로스포린)(수출명:데나스포내복액,사이클로랄내복액)_(5g/50mL)",cyclosporine
73000720,로수칸데정10/8밀리그램_(1정),rosuvastatin
73000760,로수칸데정5/16밀리그램_(1정),candesartan cilexetil
645102958,보노렉스300주(이오헥솔)(수출명: IOHEXOL 300 Inj.)_(84.11g/130mL),iohexol
73000870,"글리포엠정(글리메피리드, 메트포르민염산염)_(1정)",metformin
621400113,이오메론400주사액(이오메프롤)_(408.25g/500mL),iomeprol
73000870,"글리포엠정(글리메피리드, 메트포르민염산염)_(1정)",glimepiride
646002010,이트코나정(이트라코나졸)_(0.1g/1정),itraconazole
73001000,아토노바정5/10밀리그램_(1정),amlodipine
645903070,티나덤캡슐(이트라코나졸)_(0.1g/1캡슐),itraconazole
73001010,아토노바정5/20밀리그램_(1정),amlodipine
655603040,한올이트라코나졸정_(0.1g/1정),itraconazole
656001250,알트라졸정(이트라코나졸고체분산체)_(0.253g/1정),itraconazole
73001010,아토노바정5/20밀리그램_(1정),atorvastatin
625500230,셀코나졸정100밀리그램(이트라코나졸)_(0.1g/1정),itraconazole
73001440,아토건정10밀리그램(아토르바스타틴칼슘수화물)_(10.85mg/1정),atorvastatin
73001450,아토건정20밀리그램(아토르바스타틴칼슘수화물)_(21.7mg/1정),atorvastatin
649703280,이트라엘정(이트라코나졸고체분산체)_(0.253g/1정),itraconazole
653600532,산디문뉴오랄내복액(사이클로스포린)_(5g/50mL),cyclosporine
73001640,건토젯정10/10밀리그램(에제티미브/아토르바스타틴칼슘삼수화물)_(1정),atorvastatin
698502320,클래로신정 250밀리그램(클래리트로마이신)_(0.25g/1정),clarithromycin
73100070,바이토린정10/20_(1정),ezetimibe
669907281,클래마신건조시럽125mg/5mL(클래리트로마이신)_(2.5g/100mL),clarithromycin
73100070,바이토린정10/20_(1정),simvastatin
656702220,래트로신정500mg(클래리트로마이신)_(0.5g/1정),clarithromycin
649802950,크래리신정500밀리그램(클래리트로마이신)_(0.5g/1정),clarithromycin
669501640,클라이신정500mg(클래리트로마이신)_(0.5g/1정),clarithromycin
57600021,클시드건조시럽125mg/5mL(클래리트로마이신)_(2.5g/100mL),clarithromycin
690302840,이트라텍캡슐100밀리그램(이트라코나졸)_(0.1g/1캡슐),itraconazole
73100120,바이토린정10/10_(1정),ezetimibe
73100230,바이토린정10/40_(1정),simvastatin
653600561,산디문주사(사이클로스포린)_(0.25g/5mL),cyclosporine
644603080,클라비오정250밀리그램(클래리트로마이신)_(0.25g/1정),clarithromycin
657806341,씨클린건조시럽125mg/5mL(클래리트로마이신)_(2.5g/100mL),clarithromycin
655403571,일성클래리트로마이신건조시럽125mg/5mL_(2.5g/100mL),clarithromycin
698000800,클래이신정(클래리트로마이신)_(0.25g/1정),clarithromycin
657308620,사이크린연질캡슐50밀리그램(사이클로스포린)_(50mg/1캡슐),cyclosporine
73100230,바이토린정10/40_(1정),ezetimibe
657303290,크래빅스정(클래리트로마이신)_(0.25g/1정),clarithromycin
649604350,클래미신정250mg(클래리트로마이신)_(0.25g/1정),clarithromycin
73100240,조코정20밀리그램(심바스타틴)_(20mg/1정),simvastatin
645405160,제클리정500밀리그램(클래리트로마이신)_(0.5g/1정),clarithromycin
73100260,조코정40밀리그램(심바스타틴)_(40mg/1정),simvastatin
694000460,대웅바이오클래리트로마이신정500mg(클래리트로마이신)_(0.5g/1정),clarithromycin
647302710,이트라코나정(이트라코나졸고체분산체)_(0.253g/1정),itraconazole
73100380,아토젯정10/20밀리그램_(1정),ezetimibe
73100390,아토젯정10/40밀리그램_(1정),atorvastatin
649102370,이트릭스정(이트라코나졸)_(0.1g/1정),itraconazole
73100410,아토젯정10/10밀리그램_(1정),ezetimibe
73400160,카듀엣정5mg/10mg_(1정),amlodipine
671800840,대원이트라코나졸정(이트라코나졸고체분산체)_(0.253g/1정),itraconazole
73400170,카듀엣정5mg/40mg_(1정),amlodipine
73400180,카듀엣정5mg/20mg_(1정),atorvastatin
73400190,카듀엣정10/20밀리그램_(1정),atorvastatin
73400330,리피토정20밀리그램(아토르바스타틴칼슘삼수화물)_(21.7mg/1정),atorvastatin
643502220,임프란타연질캡슐25밀리그램(사이클로스포린)_(25mg/1캡슐),cyclosporine
73400350,리피토정40밀리그램(아토르바스타틴칼슘삼수화물)_(43.4mg/1정),atorvastatin
657502700,아일로정(이트라코나졸)_(0.1g/1정),itraconazole
73400460,자낙스정0.5밀리그램(알프라졸람)_(0.5mg/1정),alprazolam
648602840,씨코나졸정(이트라코나졸)_(0.1g/1정),itraconazole
73400470,자낙스정0.25밀리그램(알프라졸람)_(0.25mg/1정),alprazolam
653806290,트라글립틴듀오정2.5/850mg_(1정),metformin
73600011,메디레이350주(이오헥솔)_(75.5g/100mL),iohexol
642105570,유한메트포르민염산염정500밀리그램_(0.5g/1정),metformin
649400780,메프민서방정500밀리그램(메트포르민염산염)_(0.5g/1정),metformin
671707420,"포시타엠서방정10/100/1000밀리그램(다파글리플로진,시타글립틴,메트포르민)_(1정)",dapagliflozin
645307240,"엠파로엠정12.5/850밀리그램(엠파글리플로진, 메트포르민염산염)_(1정)",metformin
640904470,"다파글루엠서방정10/1000밀리그램(다파글리플로진프로판디올수화물,메트포르민염산염)_(1정)",dapagliflozin
647203750,에이폴민서방정(메트포르민염산염)_(0.5g/1정),metformin
645406230,리나틴플러스정2.5/1000밀리그램_(1정),linagliptin
73600012,메디레이350주(이오헥솔)_(37.75g/50mL),iohexol
648105220,"다파진에스엠서방정5/50/1000밀리그램(다파글리플로진, 시타글립틴, 메트포르민)_(1정)",metformin
643310270,"듀비엠폴서방정0.5/25/1000밀리그램(로베글리타존,엠파글리플로진,메트포르민)_(1정)",metformin
651206210,"엠포가듀오정5/850밀리그램(엠파글리플로진, 메트포르민염산염)_(1정)",empagliflozin
670105520,"엠플로진듀오정12.5/850밀리그램(엠파글리플로진, 메트포르민염산염)_(1정)",metformin
671707340,트라케이듀오정2.5/850밀리그램_(1정),metformin
694004270,"트라이나엠정2.5/500밀리그램(리나글립틴,메트포르민)_(1정)",metformin
642105770,유한메트포르민서방정1000밀리그램(메트포르민염산염)_(1g/1정),metformin
650700910,콤비글라이즈서방정5/1000밀리그램_(1정),saxagliptin
640008110,"다파엔메트서방정10/1000밀리그램(다파글리플로진, 메트포르민)_(1정)",dapagliflozin anhydrous lactose mixture
73600014,메디레이350주(이오헥솔)_(377.5g/500mL),iohexol
643307470,듀비메트서방정0.25/750밀리그램_(1정),lobeglitazone
657309240,"엠파앙듀오서방정25/1000밀리그램(엠파글리플로진,메트포르민염산염)_(1정)",metformin
649105950,"리나젠타듀오서방정2.5/1000밀리그램(리나글립틴, 메트포르민염산염)_(1정)",metformin
653501550,자디앙듀오정5/850밀리그램_(1정),empagliflozin
642907040,"엠파칸듀오정12.5/500밀리그램(엠파글리플로진,메트포르민염산염)_(1정)",empagliflozin
662504690,플로가듀오서방정5/1000밀리그램_(1정),metformin
660703970,위디앙듀오정12.5/850밀리그램_(1정),metformin
645210990,"엠파콤비정5/850밀리그램(엠파글리플로진, 메트포르민염산염)_(1정)",empagliflozin
653501390,트라젠타듀오정2.5/500밀리그램_(1정),metformin
645406260,리나틴플러스정2.5/500밀리그램_(1정),metformin
73600015,메디레이350주(이오헥솔)_(22.65g/30mL),iohexol
653501530,자디앙듀오정12.5/500밀리그램_(1정),empagliflozin
652904720,"엠파벡스정5/1000밀리그램(엠파글리플로진,메트포르민염산염)_(1정)",empagliflozin
661700580,글루코파지엑스알1000밀리그램서방정(메트포르민염산염)_(1g/1정),metformin
649702860,테넬리엘듀오서방정20/1000밀리그램_(1정),metformin
694004300,"자누플로멧서방정5/50/1000밀리그램(다파글리플로진,시타글립틴,메트포르민)_(1정)",metformin
643508970,"엠파론듀오서방정12.5/1000밀리그램(엠파글리플로진,메트포르민)_(1정)",metformin
642507700,다파프로메트서방정5/1000밀리그램_(1정),metformin
644000800,삼익염산메트포르민정(메트포르민염산염)_(0.5g/1정),metformin
669802240,엠포민정(메트포르민염산염)_(0.5g/1정),metformin
643606490,폴민다파서방정10/500밀리그램_(1정),metformin
645405300,리피토엠서방정10/500밀리그램_(1정),atorvastatin
73600016,메디레이350주(이오헥솔)_(101.925g/135mL),iohexol
693903850,"네시나메트정12.5/850밀리그램(알로글립틴벤조산염,메트포르민염산염)_(1정)",metformin
653405450,"다플진메트서방정10/500밀리그램(다파글리플로진프로판디올수화물, 메트포르민염산염)_(1정)",metformin
662504870,"플로가엠듀오서방정10/1000밀리그램(다파글리플로진, 메트포르민)_(1정)",dapagliflozin
648104090,리타메진정2.5/500밀리그램_(1정),metformin
643307560,듀비메트서방정0.25/500밀리그램_(1정),lobeglitazone
658108350,테네글엠서방정20/1000밀리그램_(1정),metformin
655603450,글루코프리서방정750밀리그램(메트포르민염산염)_(0.75g/1정),metformin
73600033,파미레이300주사액(이오파미돌)_(18.36g/30mL),iopamidol
670609330,"리나디포듀오서방정5/1000밀리그램(리나글립틴,메트포르민)_(1정)",metformin
669908380,"리포민듀오서방정2.5/1000밀리그램(리나글립틴, 메트포르민염산염)_(1정)",linagliptin
658204720,다파로진듀오서방정10/1000밀리그램_(1정),metformin
653007060,"파마엠파로우듀오정12.5/1000밀리그램(엠파글리플로진, 메트포르민염산염)_(1정)",empagliflozin
671807570,다파원엠서방정10/1000밀리그램_(1정),dapagliflozin citric acid
690303580,테넬리탁듀오서방정10/750밀리그램_(1정),teneligliptin
663608960,"엠글리듀오서방정10/1000밀리그램(엠파글리플로진, 메트포르민염산염)_(1정)",empagliflozin
73600035,파미레이300주사액(이오파미돌)_(30.6g/50mL),iopamidol
641600380,다이아벡스정250밀리그램(메트포르민염산염)_(0.25g/1정),metformin
643606900,"폴민엠파서방정25/1000밀리그램(엠파글리플로진, 메트포르민)_(1정)",empagliflozin
646005530,"엠파글엠정5/1000밀리그램(엠파글리플로진, 메트포르민염산염)_(1정)",empagliflozin
73600042,파미레이300주사액(이오파미돌)_(61.2g/100mL),iopamidol
628902350,"글레린듀오서방정2.5/1000밀리그램(리나글립틴,메트포르민)_(1정)",linagliptin
657309200,"시타플로진메트서방정5/50/1000밀리그램(다파글리플로진,시타글립틴,메트포르민)_(1정)",sitagliptin
690303590,테넬리탁듀오서방정10/500밀리그램_(1정),metformin
645307250,"엠파로엠정12.5/500밀리그램(엠파글리플로진, 메트포르민염산염)_(1정)",metformin
652607280,리나티젠듀오정2.5/850밀리그램_(1정),linagliptin
657308950,리나탑듀오정2.5/850밀리그램_(1정),linagliptin
642907030,"엠파칸듀오정12.5/850밀리그램(엠파글리플로진,메트포르민염산염)_(1정)",metformin
694003800,테넬로드엠서방정10/500밀리그램_(1정),metformin
645210910,"리나콤비서방정5/1000밀리그램(리나글립틴,메트포르민)_(1정)",metformin
73600046,파미레이300주사액(이오파미돌)_(79.56g/130mL),iopamidol
671807740,다파시타엠서방정5/50/750밀리그램_(1정),sitagliptin
649105930,리나젠타듀오정2.5/850mg_(1정),metformin
645406080,제포가듀오서방정10/500밀리그램_(1정),dapagliflozin bis
657309100,"엠파앙듀오정12.5/850밀리그램(엠파글리플로진,메트포르민염산염)_(1정)",metformin
648508000,다이비스엑스알정500밀리그램_(0.5g/1정),metformin
670609320,"리나디포듀오서방정2.5/1000밀리그램(리나글립틴,메트포르민)_(1정)",metformin
642405030,테립틴엠서방정10/500밀리그램_(1정),metformin
625200660,다이포민정500밀리그램(메트포르민염산염)_(0.5g/1정),metformin
73600048,파미레이300주사액(이오파미돌)_(91.8g/150mL),iopamidol
646005740,"엠파글엠정12.5/500밀리그램(엠파글리플로진, 메트포르민염산염)_(1정)",empagliflozin
645306850,다파로엠서방정10/500밀리그램_(1정),metformin
660703980,위디앙듀오정12.5/500밀리그램_(1정),metformin
649808120,"포글로엠서방정10/1000밀리그램(다파글리플로진프로판디올수화물, 메트포르민염산염)_(1정)",metformin
663608800,"리나맥스서방정2.5/1000밀리그램(리나글립틴, 메트포르민염산염)_(1정)",metformin
657808280,"자디스듀오정5/500밀리그램(엠파글리플로진, 메트포르민)_(1정)",empagliflozin
657808280,"자디스듀오정5/500밀리그램(엠파글리플로진, 메트포르민)_(1정)",metformin
650700930,직듀오서방정10/1000밀리그램_(1정),metformin
73600055,파미레이300주사액(이오파미돌)_(306g/500mL),iopamidol
663608940,"엠글리듀오서방정25/1000밀리그램(엠파글리플로진, 메트포르민염산염)_(1정)",metformin
643508770,"리나글로메트서방정2.5/1000밀리그램(리나글립틴,메트포르민)_(1정)",metformin
645406390,"리나틴플러스엑스알정5/1000밀리그램(리나글립틴,메트포르민염산염)_(1정)",metformin
643508680,실다파엠서방정5/50/1000밀리그램_(1정),sitagliptin
643606500,폴민다파서방정10/1000밀리그램_(1정),metformin
73600056,파미레이300주사액(이오파미돌)_(612g/1000mL),iopamidol
640904640,"트리나엠서방정2.5/1000밀리그램(리나글립틴, 메트포르민)_(1정)",metformin
652105470,테넬리아엠서방정10/750밀리그램_(1정),teneligliptin
671807690,다파시타엠서방정10/100/1000밀리그램_(1정),sitagliptin
694004080,"포시다파엠서방정5/500밀리그램(다파글리플로진프로판디올수화물,메트포르민염산염)_(1정)",metformin
694001870,다이아폴민정500밀리그램(메트포르민염산염)_(0.5g/1정),metformin
645306150,"리나로엠정2.5/1000밀리그램(리나글립틴,메트포르민염산염)_(1정)",linagliptin
662504680,플로가듀오서방정10/1000밀리그램_(1정),metformin
678601070,메포딘정500밀리그램(메트포르민염산염)_(0.5g/1정),metformin
640900050,글루메트정(메트포르민염산염)_(0.5g/1정),metformin
73600062,파미레이370주사액(이오파미돌)_(22.656g/30mL),iopamidol
642707480,"엠플디엠메트정12.5/850밀리그램(엠파글리플로진, 메트포르민염산염)_(1정)",empagliflozin
649102730,다이나브서방정(메트포르민염산염)_(0.5g/1정),metformin
642707490,"엠플디엠메트정12.5/1000밀리그램(엠파글리플로진, 메트포르민염산염)_(1정)",metformin
671807570,다파원엠서방정10/1000밀리그램_(1정),metformin
645211030,"엠파콤비정12.5/850밀리그램(엠파글리플로진, 메트포르민염산염)_(1정)",empagliflozin
645211010,"엠파콤비정12.5/1000밀리그램(엠파글리플로진, 메트포르민염산염)_(1정)",empagliflozin
73600064,파미레이370주사액(이오파미돌)_(37.76g/50mL),iopamidol
654702310,테네로틴엠서방정20/1000밀리그램_(1정),metformin
671807740,다파시타엠서방정5/50/750밀리그램_(1정),metformin
668903060,제미메트서방정25/1000밀리그램_(1정),metformin
643309920,"엠파맥스엠정12.5/1000밀리그램(엠파글리플로진,메트포르민)_(1정)",empagliflozin
653501550,자디앙듀오정5/850밀리그램_(1정),metformin
73600069,파미레이370주사액(이오파미돌)_(75.52g/100mL),iopamidol
671807580,다파원엠서방정5/500밀리그램_(1정),metformin
642105150,로수메트서방정5/750밀리그램_(1정),metformin
654006180,"글리젠타듀오서방정2.5/1000밀리그램(리나글립틴,메트포르민염산염)_(1정)",metformin
643310000,"엠파맥스엠서방정10/1000밀리그램(엠파글리플로진,메트포르민)_(1정)",metformin
648508030,테리글메트서방정10/750밀리그램_(1정),metformin
661905710,"자디플로진엠정5/850밀리그램(엠파글리플로진,메트포르민염산염)_(1정)",empagliflozin
660703860,리트라젠듀오정2.5/1000mg_(1정),metformin
645405370,리피토엠서방정10/1000밀리그램_(1정),atorvastatin
654702300,테네로틴엠서방정10/750밀리그램_(1정),metformin
73600073,파미레이370주사액(이오파미돌)_(94.4g/125mL),iopamidol
654702300,테네로틴엠서방정10/750밀리그램_(1정),teneligliptin
640007810,다파엔듀오서방정10/1000밀리그램_(1정),metformin
649508470,트란타듀오정2.5/500밀리그램_(1정),metformin
643705360,포시디엠서방정10/1000밀리그램_(1정),metformin
660703750,포시메트서방정10/1000밀리그램_(1정),dapagliflozin citric acid
642707820,"엠플디엠메트서방정10/1000밀리그램(엠파글리플로진, 메트포르민)_(1정)",empagliflozin
73600076,파미레이370주사액(이오파미돌)_(113.28g/150mL),iopamidol
642105550,유한메트포르민염산염정1000밀리그램_(1g/1정),metformin
663608940,"엠글리듀오서방정25/1000밀리그램(엠파글리플로진, 메트포르민염산염)_(1정)",empagliflozin
641908650,"트루디에스엠서방정5/50/1000밀리그램(다파글리플로진,시타글립틴,메트포르민)_(1정)",metformin
641908650,"트루디에스엠서방정5/50/1000밀리그램(다파글리플로진,시타글립틴,메트포르민)_(1정)",sitagliptin
670105340,"엠플로진듀오정5/850밀리그램(엠파글리플로진, 메트포르민염산염)_(1정)",metformin
670609310,"휴시가듀오서방정10/1000밀리그램(다파글리플로진, 메트포르민)_(1정)",dapagliflozin
694003810,테넬로드엠서방정10/750밀리그램_(1정),metformin
657808100,"리나원듀오정2.5/1000밀리그램(리나글립틴,메트포르민)_(1정)",linagliptin
642105160,로수메트서방정10/500밀리그램_(1정),rosuvastatin
694004270,"트라이나엠정2.5/500밀리그램(리나글립틴,메트포르민)_(1정)",linagliptin
73600083,파미레이370주사액(이오파미돌)_(377.6g/500mL),iopamidol
645406140,테네필플러스서방정10/750밀리그램_(1정),metformin
670609320,"리나디포듀오서방정2.5/1000밀리그램(리나글립틴,메트포르민)_(1정)",linagliptin
670609250,"리나디포듀오정2.5/850mg(리나글립틴, 메트포르민)_(1정)",linagliptin
645406090,제포가듀오서방정10/1000밀리그램_(1정),metformin
642507350,슈가메트서방정2.5/850밀리그램_(1정),evogliptin
73600094,파미레이250주사액(이오파미돌)_(25.5g/50mL),iopamidol
656005470,라니글듀오정2.5/1000밀리그램_(1정),linagliptin
670609500,"휴시글로엠서방정5/50/1000밀리그램(다파글리플로진, 시타글립틴, 메트포르민)_(1정)",dapagliflozin
645605770,타파진플러스서방정10/500밀리그램_(1정),dapagliflozin
669908420,"엔피앙듀오정5/1000밀리그램(엠파글리플로진,메트포르민염산염)_(1정)",metformin
59001070,케이듀오서방정10/1000밀리그램_(1정),metformin
668902580,제미메트서방정25/500밀리그램_(1정),gemigliptin
73600099,파미레이250주사액(이오파미돌)_(51g/100mL),iopamidol
644305450,"한국유나이티드염산메트포르민정(수출명: Glumyomin Tabs., Glyzen Tabs., Metmentab., Diazen Tabs.)_(0.5g/1정)",metformin
671707370,"트라케이듀오서방정5/1000밀리그램(리나글립틴,메트포르민염산염)_(1정)",linagliptin
665003330,"리라젠타듀오정2.5/500밀리그램(리나글립틴베실산염,메트포르민염산염)_(1정)",linagliptin
642105560,유한메트포르민염산염정850밀리그램_(0.85g/1정),metformin
662504970,"플로가엠듀오서방정5/500밀리그램(다파글리플로진, 메트포르민)_(1정)",dapagliflozin
642106330,"유한엠메트서방정10/1000밀리그램(엠파글리플로진, 메트포르민)_(1정)",metformin
648104840,다파메트서방정10/500밀리그램_(1정),metformin
648508290,"리나루틴듀오정2.5/500밀리그램(리나글립틴,메트포르민)_(1정)",metformin
73600106,파미레이250주사액(이오파미돌)_(76.5g/150mL),iopamidol
650205800,슈퍼다이아정500밀리그램(메트포르민염산염)_(0.5g/1정),metformin
665003280,다파칸메트서방정10/1000밀리그램_(1정),dapagliflozin anhydrous lactose mixture
645210850,다파엠듀오서방정10/500밀리그램_(1정),dapagliflozin
657309070,"엠파앙듀오정5/500밀리그램(엠파글리플로진,메트포르민염산염)_(1정)",empagliflozin
670609500,"휴시글로엠서방정5/50/1000밀리그램(다파글리플로진, 시타글립틴, 메트포르민)_(1정)",sitagliptin
657309180,"시타플로진메트서방정10/100/1000밀리그램(다파글리플로진,시타글립틴,메트포르민)_(1정)",metformin
655400010,그리코민정(메트포르민염산염)_(0.5g/1정),metformin
653501510,자디앙듀오정12.5/850밀리그램_(1정),empagliflozin
73600122,듀오레이주사320밀리그램(요오딕사놀)_(32.6g/50mL),iodixanol
653405120,테네리칸엠서방정20/1000밀리그램_(1정),teneligliptin
671707380,"트라케이듀오서방정2.5/1000밀리그램(리나글립틴,메트포르민염산염)_(1정)",metformin
628900370,메트폴정500mg(메트포르민염산염)_(0.5g/1정),metformin
643309170,엑시글루엠서방정10/1000밀리그램_(1정),dapagliflozin
671707210,포슈벳듀오서방정10/500밀리그램_(1정),metformin
643606670,"폴민리나서방정5/1000밀리그램(리나글립틴,메트포르민염산염)_(1정)",linagliptin
656005530,"라니글듀오서방정2.5/1000밀리그램(리나글립틴,메트포르민염산염)_(1정)",metformin
661905790,"자디플로진엠정12.5/1000밀리그램(엠파글리플로진,메트포르민염산염)_(1정)",empagliflozin
73600123,듀오레이주사320밀리그램(요오딕사놀)_(65.2g/100mL),iodixanol
648105170,"다파진에스엠서방정10/100/1000밀리그램(다파글리플로진,시타글립틴,메트포르민)_(1정)",dapagliflozin
668902910,제미메트서방정50/1000밀리그램_(1정),gemigliptin
649702870,테넬리엘듀오서방정10/750밀리그램_(1정),metformin
645406380,"리나틴플러스엑스알정2.5/1000밀리그램(리나글립틴,메트포르민염산염)_(1정)",linagliptin
643309960,"엠파맥스엠정5/850밀리그램(엠파글리플로진,메트포르민)_(1정)",metformin
694004260,"트라이나엠정2.5/850밀리그램(리나글립틴,메트포르민)_(1정)",metformin
73600124,듀오레이주사320밀리그램(요오딕사놀)_(84.76g/130mL),iodixanol
646005520,"엠파글엠정5/850밀리그램(엠파글리플로진, 메트포르민염산염)_(1정)",empagliflozin
642507710,다파프로메트서방정10/500밀리그램_(1정),dapagliflozin
670105330,"엠플로진듀오정5/1000밀리그램(엠파글리플로진, 메트포르민염산염)_(1정)",metformin
642104100,글라포민엠정1/500밀리그램_(1정),glimepiride
662504590,"글로틴듀오정2.5/1000mg(리나글립틴, 메트포르민염산염)_(1정)",metformin
671707070,포슈벳듀오서방정10/1000밀리그램_(1정),metformin
645403590,메트마릴정2/500밀리그램_(1정),glimepiride
645700720,다이아빅서방정(메트포르민염산염)_(0.5g/1정),metformin
645306140,"리나로엠정2.5/500밀리그램(리나글립틴,메트포르민염산염)_(1정)",linagliptin
653406060,"엠플진메트서방정10/1000밀리그램(엠파글리플로진, 메트포르민염산염)_(1정)",empagliflozin
649401860,영일염산메트포르민정850밀리그램_(0.85g/1정),metformin
671802680,원폴민정(메트포르민염산염)_(0.5g/1정),metformin
643309750,"엠시폴민서방정25/100/1000밀리그램(엠파글리플로진,시타글립틴,메트포르민)_(1정)",sitagliptin
73600133,듀오레이주사270밀리그램(요오딕사놀)_(55g/100mL),iodixanol
657309200,"시타플로진메트서방정5/50/1000밀리그램(다파글리플로진,시타글립틴,메트포르민)_(1정)",dapagliflozin
73600134,듀오레이주사270밀리그램(요오딕사놀)_(82.5g/150mL),iodixanol
653806300,트라글립틴듀오정2.5/1000mg_(1정),linagliptin
649508450,트란타듀오정2.5/1000밀리그램_(1정),metformin
657807730,테리움엠서방정20/1000밀리그램_(1정),teneligliptin
649001140,메트민정500밀리그램(메트포르민염산염)_(0.5g/1정),metformin
645907600,"엠플로엠서방정5/1000밀리그램(엠파글리플로진,메트포르민)_(1정)",metformin
73600141,메디레이300주(이오헥솔)_(97.05g/150mL),iohexol
657808070,"자디스듀오정12.5/850밀리그램(엠파글리플로진, 메트포르민)_(1정)",empagliflozin
643309950,"엠파맥스엠정5/1000밀리그램(엠파글리플로진,메트포르민)_(1정)",empagliflozin
657808060,"자디스듀오정12.5/500밀리그램(엠파글리플로진, 메트포르민)_(1정)",empagliflozin
640904630,"트리나엠서방정5/1000밀리그램(리나글립틴, 메트포르민)_(1정)",linagliptin
642105140,로수메트서방정5/500밀리그램_(1정),metformin
671807560,다파원엠서방정10/500밀리그램_(1정),metformin
694004460,"자디엠파듀오정5/850밀리그램(엠파글리플로진,메트포르민염산염)_(1정)",metformin
646005760,"엠파글엠정12.5/1000밀리그램(엠파글리플로진, 메트포르민염산염)_(1정)",empagliflozin
694001330,다이아폴민엑스알서방정1000밀리그램(메트포르민염산염)_(1g/1정),metformin
73600142,메디레이300주(이오헥솔)_(64.7g/100mL),iohexol
670609440,"휴시글로엠서방정10/100/1000밀리그램(다파글리플로진, 시타글립틴, 메트포르민)_(1정)",dapagliflozin
641606610,리피메트서방정20/500밀리그램_(1정),atorvastatin
644309770,"뉴젠타씨알정(리나글립틴,메트포르민)_(1정)",metformin
671707060,테네글리엠서방정10/500밀리그램_(1정),teneligliptin
657808110,"리나원듀오정2.5/850밀리그램(리나글립틴,메트포르민)_(1정)",metformin
645907570,"엠플로엠서방정25/1000밀리그램(엠파글리플로진,메트포르민)_(1정)",empagliflozin
642906860,리나제틴듀오정2.5/500밀리그램_(1정),metformin
698004710,자디원듀오정5/500밀리그램_(1정),empagliflozin
642906860,리나제틴듀오정2.5/500밀리그램_(1정),linagliptin
645406430,리나틴플러스정2.5/850밀리그램_(1정),metformin
642106340,"유한엠메트서방정25/1000밀리그램(엠파글리플로진, 메트포르민)_(1정)",metformin
73600144,메디레이300주(이오헥솔)_(32.35g/50mL),iohexol
643309740,"엠시폴민서방정12.5/50/750밀리그램(엠파글리플로진,시타글립틴,메트포르민)_(1정)",empagliflozin
648204660,유다파듀오서방정10/1000밀리그램_(1정),metformin
660703850,리트라젠듀오정2.5/500mg_(1정),metformin
645406550,"제파진듀오정5/850밀리그램(엠파글리플로진,메트포르민염산염)_(1정)",metformin
651200020,글루세라정500밀리그램(메트포르민염산염)_(0.5g/1정),metformin
647805780,"엠포진듀오정5/1000밀리그램(엠파글리플로진,메트포르민염산염)_(1정)",metformin
641908690,"트루엠파엠서방정25/1000밀리그램(엠파글리플로진,메트포르민)_(1정)",metformin
671707430,"포시타엠서방정5/50/1000밀리그램(다파글리플로진,시타글립틴,메트포르민)_(1정)",sitagliptin
641908700,"트루엠파엠서방정10/1000밀리그램(엠파글리플로진,메트포르민)_(1정)",empagliflozin
671807690,다파시타엠서방정10/100/1000밀리그램_(1정),metformin
73600145,메디레이300주(이오헥솔)_(87.345g/135mL),iohexol
643508690,실다파엠서방정5/50/500밀리그램_(1정),metformin
643508980,"엠파론듀오서방정5/1000밀리그램(엠파글리플로진,메트포르민)_(1정)",metformin
698504930,"엠파디앙듀오정12.5/500밀리그램(엠파글리플로진, 메트포르민염산염)_(1정)",empagliflozin
651206140,"글루립틴듀오엑스알서방정2.5/1000밀리그램(리나글립틴,메트포르민염산염)_(1정)",metformin
642104630,유한메트포르민서방정750mg(메트포르민염산염)_(0.75g/1정),metformin
73600146,메디레이300주(이오헥솔)_(323.5g/500mL),iohexol
644915240,"자디메트정12.5/500밀리그램(엠파글리플로진,메트포르민염산염)_(1정)",metformin
628902360,"글레린듀오서방정5/1000밀리그램(리나글립틴,메트포르민)_(1정)",linagliptin
651206200,"엠포가듀오정5/1000밀리그램(엠파글리플로진, 메트포르민염산염)_(1정)",metformin
646005740,"엠파글엠정12.5/500밀리그램(엠파글리플로진, 메트포르민염산염)_(1정)",metformin
670609570,"휴디앙듀오서방정12.5/1000밀리그램(엠파글리플로진,메트포르민)_(1정)",empagliflozin
694004090,"포시다파엠서방정10/500밀리그램(다파글리플로진프로판디올수화물,메트포르민염산염)_(1정)",metformin
79000011,보노라인370주(이오파미돌)_(113.295g/150mL),iopamidol
694004300,"자누플로멧서방정5/50/1000밀리그램(다파글리플로진,시타글립틴,메트포르민)_(1정)",sitagliptin
645211020,"엠파콤비정12.5/500밀리그램(엠파글리플로진, 메트포르민염산염)_(1정)",metformin
668902910,제미메트서방정50/1000밀리그램_(1정),metformin
653806300,트라글립틴듀오정2.5/1000mg_(1정),metformin
642405150,"답플로엠서방정10/500밀리그램(다파글리플로진프로판디올수화물,메트포르민염산염)_(1정)",metformin
643310030,"엠파맥스엠서방정12.5/1000밀리그램(엠파글리플로진,메트포르민)_(1정)",empagliflozin
657308930,리나탑듀오정2.5/1000밀리그램_(1정),linagliptin
643606750,"시타다파엠서방정5/50/1000밀리그램(다파글리플로진,시타글립틴,메트포르민)_(1정)",metformin
653007110,"파마엠파로우듀오정5/500밀리그램(엠파글리플로진,메트포르민염산염)_(1정)",metformin
640007970,"리나엔듀오서방정5/1000밀리그램(리나글립틴,메트포르민)_(1정)",metformin
643309740,"엠시폴민서방정12.5/50/750밀리그램(엠파글리플로진,시타글립틴,메트포르민)_(1정)",metformin
657309110,"엠파앙듀오정12.5/1000밀리그램(엠파글리플로진,메트포르민염산염)_(1정)",empagliflozin
644500390,본키연질캡슐(칼시트리올)_(0.25㎍/1캡슐),calcitriol
79100040,와이에스알파정1마이크로그램(알파칼시돌)_(1㎍/1정),alfacalcidol
625900060,하보니정_(1정),ledipasvir
620500280,네비로스타정5/10밀리그램_(1정),rosuvastatin
620500290,네비로스타정2.5/10밀리그램_(1정),rosuvastatin
644301820,"스파졸캡슐(이트라코나졸)(수출명:IconazoleCaps.100mg,KupitralCaps.100mg)_(0.1g/1캡슐)",itraconazole
620500380,자렐슨정2.5밀리그램(리바록사반)_(2.5mg/1정),rivaroxaban
620500390,네비로스타정2.5/20밀리그램_(1정),rosuvastatin
643502240,임프란타연질캡슐100밀리그램(사이클로스포린)_(0.1g/1캡슐),cyclosporine
620500470,"네비로스타정1.25/10밀리그램(네비보롤,로수바스타틴)_(1정)",nebivolol
621100270,지셀레카정100밀리그램(필고티닙말레산염)_(0.12724g/1정),filgotinib
658603720,타크로리캡슐0.5밀리그램(타크로리무스수화물)_(0.51mg/1캡슐),tacrolimus
621100280,지셀레카정200밀리그램(필고티닙말레산염)_(0.25448g/1정),filgotinib
643307250,타크로벨정1밀리그램(타크로리무스수화물)_(1.02mg/1정),tacrolimus
622805260,"트립엠듀오정2.5/1000밀리그램(리나글립틴,메트포르민)_(1정)",metformin
621400091,이오메론300주사액(이오메프롤)_(30.62g/50mL),iomeprol
645404200,제이폴민정500밀리그램(메트포르민염산염)_(0.5g/1정),metformin
662504870,"플로가엠듀오서방정10/1000밀리그램(다파글리플로진, 메트포르민)_(1정)",metformin
651206220,"엠포가듀오정5/500밀리그램(엠파글리플로진, 메트포르민염산염)_(1정)",metformin
651205880,"다포가듀오서방정10/1000밀리그램(다파글리플로진프로판디올수화물, 메트포르민염산염)_(1정)",metformin
645210660,다파엠서방정5/1000밀리그램_(1정),dapagliflozin citric acid
643704850,글라비스정1000밀리그램(메트포르민염산염)_(1g/1정),metformin
671707040,테네글리엠서방정20/1000밀리그램_(1정),metformin
642405050,테립틴엠서방정20/1000밀리그램_(1정),teneligliptin
657808410,"자디스듀오서방정25/1000밀리그램(엠파글리플로진, 메트포르민)_(1정)",metformin
652607280,리나티젠듀오정2.5/850밀리그램_(1정),metformin
645907590,"엠플로엠서방정12.5/1000밀리그램(엠파글리플로진,메트포르민)_(1정)",metformin
621400093,이오메론300주사액(이오메프롤)_(91.86g/150mL),iomeprol
648100320,다이미트엑스알서방정(메트포르민염산염)_(0.5g/1정),metformin
647805910,"엠포진듀오서방정12.5/1000밀리그램(엠파글리플로진,메트포르민)_(1정)",empagliflozin
640007830,다파엔듀오서방정10/500밀리그램_(1정),dapagliflozin citric acid
651206230,"엠포가듀오정12.5/500밀리그램(엠파글리플로진, 메트포르민염산염)_(1정)",empagliflozin
621400094,이오메론300주사액(이오메프롤)_(306.2g/500mL),iomeprol
694004290,"트라이나엠서방정5/1000밀리그램(리나글립틴, 메트포르민)_(1정)",linagliptin
621400101,이오메론350주사액(이오메프롤)_(35.72g/50mL),iomeprol
669908390,"리포민듀오서방정5/1000밀리그램(리나글립틴, 메트포르민염산염)_(1정)",metformin
647805920,"엠포진듀오서방정5/1000밀리그램(엠파글리플로진,메트포르민)_(1정)",metformin
693903840,"네시나메트정12.5/500밀리그램(알로글립틴벤조산염,메트포르민염산염)_(1정)",alogliptin
660703840,리트라젠듀오정2.5/850mg_(1정),metformin
645406550,"제파진듀오정5/850밀리그램(엠파글리플로진,메트포르민염산염)_(1정)",empagliflozin
642907050,"엠파칸듀오정5/1000밀리그램(엠파글리플로진,메트포르민염산염)_(1정)",metformin
664600050,글루파정500mg(메트포르민염산염)_(0.5g/1정),metformin
651206130,"글루립틴듀오엑스알서방정5/1000밀리그램(리나글립틴,메트포르민염산염)_(1정)",linagliptin
649808260,"명문리나글립틴듀오서방정 5/1000밀리그램(리나글립틴,메트포르민염산염)_(1정)",linagliptin
698004710,자디원듀오정5/500밀리그램_(1정),metformin
621400102,이오메론350주사액(이오메프롤)_(71.44g/100mL),iomeprol
641706490,"다파이제서방정10/500밀리그램(다파글리플로진,메트포르민)_(1정)",dapagliflozin anhydrous lactose mixture
660703970,위디앙듀오정12.5/850밀리그램_(1정),empagliflozin
643508680,실다파엠서방정5/50/1000밀리그램_(1정),dapagliflozin
664602630,글루파엑스알서방정1000밀리그램(메트포르민염산염)_(1g/1정),metformin
641608030,"포시로멧서방정5/500밀리그램(다파글리플로진, 메트포르민염산염)_(1정)",dapagliflozin
645210850,다파엠듀오서방정10/500밀리그램_(1정),metformin
641908700,"트루엠파엠서방정10/1000밀리그램(엠파글리플로진,메트포르민)_(1정)",metformin
694004440,"자디엠파듀오정12.5/1000밀리그램(엠파글리플로진,메트포르민염산염)_(1정)",empagliflozin
655602910,글루코다운정500밀리그램(메트포르민염산염)_(0.5g/1정),metformin
621400104,이오메론350주사액(이오메프롤)_(357.2g/500mL),iomeprol
694003980,포시다파엠서방정10/1000밀리그램_(1정),dapagliflozin
641606610,리피메트서방정20/500밀리그램_(1정),metformin
665003320,"리라젠타듀오정2.5/850밀리그램(리나글립틴베실산염,메트포르민염산염)_(1정)",metformin
649105930,리나젠타듀오정2.5/850mg_(1정),linagliptin
645907580,"엠플로엠서방정10/1000밀리그램(엠파글리플로진,메트포르민)_(1정)",metformin
645210650,다파엠서방정10/1000밀리그램_(1정),dapagliflozin citric acid
660703930,위디앙듀오정5/850밀리그램_(1정),metformin
665003320,"리라젠타듀오정2.5/850밀리그램(리나글립틴베실산염,메트포르민염산염)_(1정)",linagliptin
621400108,이오메론350주사액(이오메프롤)_(89.3g/125mL),iomeprol
642507880,"엠파프로메트서방정12.5/1000밀리그램(엠파글리플로진,메트포르민)_(1정)",metformin
645406230,리나틴플러스정2.5/1000밀리그램_(1정),metformin
647805790,"엠포진듀오정5/850밀리그램(엠파글리플로진,메트포르민염산염)_(1정)",metformin
642507360,슈가메트서방정5/1000밀리그램_(1정),evogliptin
621400111,이오메론400주사액(이오메프롤)_(40.825g/50mL),iomeprol
657308850,다파프로진메트서방정5/1000밀리그램_(1정),dapagliflozin citric acid
653406070,"엠플진메트서방정12.5/1000밀리그램(엠파글리플로진, 메트포르민염산염)_(1정)",metformin
645605780,타파진플러스서방정10/1000밀리그램_(1정),dapagliflozin
657309080,"엠파앙듀오정5/1000밀리그램(엠파글리플로진,메트포르민염산염)_(1정)",empagliflozin
643508930,"엠파론듀오서방정25/1000밀리그램(엠파글리플로진,메트포르민)_(1정)",metformin
643606890,"폴민엠파서방정12.5/1000밀리그램(엠파글리플로진, 메트포르민)_(1정)",empagliflozin
694004310,"자누플로멧서방정10/100/1000밀리그램(다파글리플로진,시타글립틴,메트포르민)_(1정)",sitagliptin
656005460,라니글듀오정2.5/850밀리그램_(1정),metformin
657808050,"자디스듀오정12.5/1000밀리그램(엠파글리플로진, 메트포르민)_(1정)",metformin
645406570,"제파진듀오정12.5/500밀리그램(엠파글리플로진,메트포르민염산염)_(1정)",empagliflozin
621400112,이오메론400주사액(이오메프롤)_(81.65g/100mL),iomeprol
645405280,리피토엠서방정20/500밀리그램_(1정),metformin
654006190,"글리젠타듀오서방정5/1000밀리그램(리나글립틴,메트포르민염산염)_(1정)",linagliptin
648105170,"다파진에스엠서방정10/100/1000밀리그램(다파글리플로진,시타글립틴,메트포르민)_(1정)",metformin
670105540,"나리젠타듀오서방정 2.5/1000밀리그램(리나글립틴,메트포르민염산염)_(1정)",metformin
645306850,다파로엠서방정10/500밀리그램_(1정),dapagliflozin
643508700,실다파엠서방정5/50/750밀리그램_(1정),sitagliptin
643705630,"글리앙듀오정5/1000밀리그램(엠파글리플로진, 메트포르민염산염)_(1정)",metformin
653405610,"리나칸메트서방정5/1000밀리그램(리나글립틴(미분화),메트포르민염산염)_(1정)",metformin
665003310,"리라젠타듀오정2.5/1000밀리그램(리나글립틴베실산염,메트포르민염산염)_(1정)",linagliptin
648604500,다파플러스서방정10/1000밀리그램_(1정),metformin
662504550,"글로틴듀오정2.5/500mg(리나글립틴, 메트포르민염산염)_(1정)",linagliptin
653501410,트라젠타듀오정2.5/1000밀리그램_(1정),metformin
621400117,이오메론400주사액(이오메프롤)_(102.0625g/125mL),iomeprol
645907530,"리디포엠서방정2.5/1000밀리그램(리나글립틴,메트포르민염산염)_(1정)",linagliptin
643508570,다파론듀오서방정5/1000밀리그램_(1정),metformin
669908340,다파포민서방정10/500밀리그램_(1정),dapagliflozin
693904000,"네시나메트서방정25/1000밀리그램(알로글립틴,메트포르민염산염)_(1정)",alogliptin
657308850,다파프로진메트서방정5/1000밀리그램_(1정),metformin
654006070,다파릴듀오서방정10/1000밀리그램_(1정),metformin
660703930,위디앙듀오정5/850밀리그램_(1정),empagliflozin
643309350,듀비메트에스서방정0.25/50/500밀리그램_(1정),sitagliptin
643508930,"엠파론듀오서방정25/1000밀리그램(엠파글리플로진,메트포르민)_(1정)",empagliflozin
621400121,이오파미로300주사액(이오파미돌)_(30.62g/50mL),iopamidol
622805330,"트립엠듀오서방정2.5/1000밀리그램(리나글립틴, 메트포르민)_(1정)",metformin
644501350,글루코파지정500밀리그램(메트포르민염산염)_(0.5g/1정),metformin
642106350,"트라듀오엠파서방정10/5/1000밀리그램(엠파글리플로진, 리나글립틴, 메트포르민)_(1정)",metformin
671707040,테네글리엠서방정20/1000밀리그램_(1정),teneligliptin
621400122,이오파미로300주사액(이오파미돌)_(61.24g/100mL),iopamidol
644003450,글루엠서방정(메트포르민염산염)_(0.5g/1정),metformin
698504920,"엠파디앙듀오정12.5/1000밀리그램(엠파글리플로진, 메트포르민염산염)_(1정)",metformin
642507710,다파프로메트서방정10/500밀리그램_(1정),metformin
653007080,"파마엠파로우듀오정12.5/500밀리그램(엠파글리플로진, 메트포르민염산염)_(1정)",empagliflozin
643508980,"엠파론듀오서방정5/1000밀리그램(엠파글리플로진,메트포르민)_(1정)",empagliflozin
641908690,"트루엠파엠서방정25/1000밀리그램(엠파글리플로진,메트포르민)_(1정)",empagliflozin
657808060,"자디스듀오정12.5/500밀리그램(엠파글리플로진, 메트포르민)_(1정)",metformin
621400123,이오파미로300주사액(이오파미돌)_(91.86g/150mL),iopamidol
642707820,"엠플디엠메트서방정10/1000밀리그램(엠파글리플로진, 메트포르민)_(1정)",metformin
653007100,"파마엠파로우듀오정5/1000밀리그램(엠파글리플로진, 메트포르민염산염)_(1정)",empagliflozin
642507760,"슈가트리서방정5/10/1000mg(에보글립틴,다파글리플로진,메트포르민염산염)_(1정)",evogliptin
621400124,이오파미로300주사액(이오파미돌)_(306.2g/500mL),iopamidol
654006060,다파릴듀오서방정10/500밀리그램_(1정),dapagliflozin
642707550,"리나디엠메트서방정5/1000밀리그램(리나글립틴,메트포르민)_(1정)",linagliptin
646200050,글루코젠정500밀리그램(메트포르민염산염)_(0.5g/1정),metformin
643309180,엑시글루엠서방정10/500밀리그램_(1정),dapagliflozin
653007070,"파마엠파로우듀오정12.5/850밀리그램(엠파글리플로진, 메트포르민염산염)_(1정)",empagliflozin
621400132,이오파미로370주사액(이오파미돌)_(37.765g/50mL),iopamidol
649808260,"명문리나글립틴듀오서방정 5/1000밀리그램(리나글립틴,메트포르민염산염)_(1정)",metformin
653405790,"시타칸다플메트서방정10/100/1000밀리그램(다파글리플로진,시타글립틴,메트포르민)_(1정)",sitagliptin
645406540,"제파진듀오정5/500밀리그램(엠파글리플로진,메트포르민염산염)_(1정)",metformin
642507760,"슈가트리서방정5/10/1000mg(에보글립틴,다파글리플로진,메트포르민염산염)_(1정)",metformin
643309740,"엠시폴민서방정12.5/50/750밀리그램(엠파글리플로진,시타글립틴,메트포르민)_(1정)",sitagliptin
657807720,테리움엠서방정10/750밀리그램_(1정),metformin
621400133,이오파미로370주사액(이오파미돌)_(75.53g/100mL),iopamidol
661905790,"자디플로진엠정12.5/1000밀리그램(엠파글리플로진,메트포르민염산염)_(1정)",metformin
668903380,"제미메트서방정25/750밀리그램(제미글립틴,메트포르민)_(1정)",gemigliptin
652904750,"엠파벡스정12.5/500밀리그램(엠파글리플로진,메트포르민염산염)_(1정)",metformin
643508700,실다파엠서방정5/50/750밀리그램_(1정),dapagliflozin
651206130,"글루립틴듀오엑스알서방정5/1000밀리그램(리나글립틴,메트포르민염산염)_(1정)",metformin
694004430,"자디엠파듀오정12.5/500밀리그램(엠파글리플로진,메트포르민염산염)_(1정)",empagliflozin
671707370,"트라케이듀오서방정5/1000밀리그램(리나글립틴,메트포르민염산염)_(1정)",metformin
662504550,"글로틴듀오정2.5/500mg(리나글립틴, 메트포르민염산염)_(1정)",metformin
645406390,"리나틴플러스엑스알정5/1000밀리그램(리나글립틴,메트포르민염산염)_(1정)",linagliptin
621400135,이오파미로370주사액(이오파미돌)_(377.65g/500mL),iopamidol
671707430,"포시타엠서방정5/50/1000밀리그램(다파글리플로진,시타글립틴,메트포르민)_(1정)",metformin
671707420,"포시타엠서방정10/100/1000밀리그램(다파글리플로진,시타글립틴,메트포르민)_(1정)",metformin
661700110,글루코파지엑스알서방정(메트포르민염산염)_(0.5g/1정),metformin
643309970,"엠파맥스엠정5/500밀리그램(엠파글리플로진,메트포르민)_(1정)",metformin
645306130,"리나로엠정2.5/850밀리그램(리나글립틴,메트포르민염산염)_(1정)",linagliptin
642105170,로수메트서방정10/750밀리그램_(1정),metformin
645905580,다이아민정500mg (메트포르민염산염)_(0.5g/1정),metformin
645406590,"제파진듀오정12.5/1000밀리그램(엠파글리플로진,메트포르민염산염)_(1정)",metformin
621400271,이오파미로300주사액(이오파미돌)_(6.124g/10mL),iopamidol
669908410,"엔피앙듀오정5/850밀리그램(엠파글리플로진,메트포르민염산염)_(1정)",metformin
661905710,"자디플로진엠정5/850밀리그램(엠파글리플로진,메트포르민염산염)_(1정)",metformin
645210910,"리나콤비서방정5/1000밀리그램(리나글립틴,메트포르민)_(1정)",linagliptin
621802260,게리드엠정_(1정),metformin
657401742,퍼슨헥솔주300(이오헥솔)_(64.7g/100mL),iohexol
640003412,캄토프주(이리노테칸염산염)_(0.1g/5mL),irinotecan
621802530,이라졸정(이트라코나졸고체분산체)_(0.253g/1정),itraconazole
657501260,하이드로핀정(펠로디핀)_(5mg/1정),felodipine
658502110,심스틴정20밀리그램(심바스타틴)_(20mg/1정),simvastatin
641801420,레카디핀정(레르카니디핀염산염)_(10mg/1정),lercanidipine
621802810,심록스에프정_(1정),simvastatin
694000450,대웅바이오클래리트로마이신정250mg(클래리트로마이신)_(0.25g/1정),clarithromycin
652903591,클래리원건조시럽125mg/5mL(클래리트로마이신)_(2.5g/100mL),clarithromycin
621802810,심록스에프정_(1정),ezetimibe
657308460,사이크린연질캡슐100밀리그램(사이클로스포린)_(0.1g/1캡슐),cyclosporine
641907561,클라릭건조시럽125mg/5mL(클래리트로마이신제피과립)_(2.5g/100mL),clarithromycin
645210980,"엠파콤비정5/500밀리그램(엠파글리플로진, 메트포르민염산염)_(1정)",metformin
621803841,헥소슈어350주(이오헥솔)_(30.2g/40mL),iohexol
640007260,아토메트서방정10/500밀리그램_(1정),atorvastatin
694003810,테넬로드엠서방정10/750밀리그램_(1정),teneligliptin
654702290,테네로틴엠서방정10/500밀리그램_(1정),teneligliptin
661905720,"자디플로진엠정5/500밀리그램(엠파글리플로진,메트포르민염산염)_(1정)",metformin
670609580,"휴디앙듀오서방정5/1000밀리그램(엠파글리플로진,메트포르민)_(1정)",empagliflozin
622805340,"트립엠듀오서방정5/1000밀리그램(리나글립틴, 메트포르민)_(1정)",linagliptin
621803843,헥소슈어350주(이오헥솔)_(75.5g/100mL),iohexol
653405290,다플진메트서방정10/1000밀리그램_(1정),dapagliflozin
644004690,디파글루엠서방정10/1000밀리그램_(1정),dapagliflozin
653406040,"엠플진메트서방정25/1000밀리그램(엠파글리플로진, 메트포르민염산염)_(1정)",metformin
671807580,다파원엠서방정5/500밀리그램_(1정),dapagliflozin citric acid
669908440,"엔피앙듀오정12.5/500밀리그램(엠파글리플로진,메트포르민염산염)_(1정)",metformin
641600370,다이아벡스정1000밀리그램(메트포르민염산염)_(1g/1정),metformin
621803844,헥소슈어350주(이오헥솔)_(113.25g/150mL),iohexol
652607290,리나티젠듀오정2.5/1000밀리그램_(1정),linagliptin
656005540,"라니글듀오서방정5/1000밀리그램(리나글립틴,메트포르민염산염)_(1정)",metformin
658502150,메트린정500mg(메트포르민염산염)_(0.5g/1정),metformin
644915230,"자디메트정12.5/850밀리그램(엠파글리플로진,메트포르민염산염)_(1정)",empagliflozin
621803845,헥소슈어350주(이오헥솔)_(377.5g/500mL),iohexol
642707560,"리나디엠메트서방정2.5/1000밀리그램(리나글립틴,메트포르민)_(1정)",linagliptin
621803847,헥소슈어350주(이오헥솔)_(94.375g/125mL),iohexol
654006070,다파릴듀오서방정10/1000밀리그램_(1정),dapagliflozin
670609260,"리나디포듀오정2.5/1000mg(리나글립틴, 메트포르민)_(1정)",linagliptin
648204660,유다파듀오서방정10/1000밀리그램_(1정),dapagliflozin
641908050,"트루다파엠서방정10/500밀리그램(다파글리플로진,메트포르민)_(1정)",metformin
653007080,"파마엠파로우듀오정12.5/500밀리그램(엠파글리플로진, 메트포르민염산염)_(1정)",metformin
649702870,테넬리엘듀오서방정10/750밀리그램_(1정),teneligliptin
621803851,헥소슈어300주(이오헥솔)_(19.41g/30mL),iohexol
657309200,"시타플로진메트서방정5/50/1000밀리그램(다파글리플로진,시타글립틴,메트포르민)_(1정)",metformin
690303570,테넬리탁듀오서방정20/1000밀리그램_(1정),teneligliptin
653501410,트라젠타듀오정2.5/1000밀리그램_(1정),linagliptin
641600390,다이아벡스정500밀리그램(메트포르민염산염)_(0.5g/1정),metformin
642103040,유한메트포르민서방정500mg(메트포르민염산염)_(0.5g/1정),metformin
645211070,"엠파콤비서방정25/1000밀리그램(엠파글리플로진,메트포르민)_(1정)",empagliflozin
653404840,엠트포민정(메트포르민염산염)_(0.5g/1정),metformin
621803852,헥소슈어300주(이오헥솔)_(32.35g/50mL),iohexol
647805800,"엠포진듀오정5/500밀리그램(엠파글리플로진,메트포르민염산염)_(1정)",empagliflozin
693904020,"네시나메트서방정12.5/1000밀리그램(알로글립틴,메트포르민염산염)_(1정)",metformin
643310270,"듀비엠폴서방정0.5/25/1000밀리그램(로베글리타존,엠파글리플로진,메트포르민)_(1정)",empagliflozin
648204670,유다파듀오서방정10/500밀리그램_(1정),dapagliflozin
657808420,"자디스듀오서방정10/1000밀리그램(엠파글리플로진, 메트포르민)_(1정)",empagliflozin
621803853,헥소슈어300주(이오헥솔)_(64.7g/100mL),iohexol
652105460,테넬리아엠서방정10/500밀리그램_(1정),metformin
645307230,"엠파로엠정12.5/1000밀리그램(엠파글리플로진, 메트포르민염산염)_(1정)",metformin
656005540,"라니글듀오서방정5/1000밀리그램(리나글립틴,메트포르민염산염)_(1정)",linagliptin
643105650,다메트서방정10/1000밀리그램_(1정),dapagliflozin citric acid
654006260,"엠파릴듀오서방정10/1000밀리그램(엠파글리플로진,메트포르민)_(1정)",metformin
698504910,"엠파디앙듀오정12.5/850밀리그램(엠파글리플로진, 메트포르민염산염)_(1정)",metformin
621803854,헥소슈어300주(이오헥솔)_(97.05g/150mL),iohexol
668903380,"제미메트서방정25/750밀리그램(제미글립틴,메트포르민)_(1정)",metformin
642106360,"트라듀오엠파서방정25/5/1000밀리그램(엠파글리플로진, 리나글립틴, 메트포르민)_(1정)",linagliptin
660702610,나코졸정100밀리그램(이트라코나졸)_(0.1g/1정),itraconazole
621804230,아토브정10/40밀리그램_(1정),ezetimibe
621804230,아토브정10/40밀리그램_(1정),atorvastatin
621804240,아토브정10/20밀리그램_(1정),atorvastatin
628901710,이카딘캡슐100밀리그램(이트라코나졸)_(0.1g/1캡슐),itraconazole
621804250,아토브정10/10밀리그램_(1정),atorvastatin
657401721,퍼슨헥솔주350(이오헥솔)_(75.5g/100mL),iohexol
621804450,테네글리틴엠서방정10/750밀리그램_(1정),metformin
654900071,리피오돌울트라액(아이오다이즈드오일)_(12.8g/10mL),ethyl esters of the iodised fatty acids of poppyseed oil
621804450,테네글리틴엠서방정10/750밀리그램_(1정),teneligliptin
654900101,제네틱스350주사(이오비트리돌)_(38.39g/50mL),iobitridol
621804460,테네글리틴엠서방정10/500밀리그램_(1정),teneligliptin
623500022,스캔룩스370주사액(이오파미돌)_(75.5g/100mL),iopamidol
621804460,테네글리틴엠서방정10/500밀리그램_(1정),metformin
654900081,제네틱스300주사(이오비트리돌)_(32.905g/50mL),iobitridol
621804470,테네글리틴엠서방정20/1000밀리그램_(1정),teneligliptin
621804470,테네글리틴엠서방정20/1000밀리그램_(1정),metformin
641106093,울트라비스트듀300주사(이오프로마이드)_(93.51g/150mL),iopromide
670301830,트레틴연질캡슐10mg(이소트레티노인)_(10mg/1캡슐),isotretinoin
622600110,독시라마이신캡슐100mg(독시사이클린수화물)_(0.1g/1캡슐),doxycycline
625201980,이트콘졸캡슐(이트라코나졸)_(0.1g/1캡슐),itraconazole
622600510,비엘토바정20밀리그램(아토르바스타틴칼슘수화물)_(21.7mg/1정),atorvastatin
670600540,레카핀정(레르카니디핀염산염)_(10mg/1정),lercanidipine
670101290,심바란정(심바스타틴)_(20mg/1정),simvastatin
641908430,비알아픽스정5밀리그램(아픽사반)_(5mg/1정),apixaban
622801580,아토틴엠정10밀리그램(아토르바스타틴칼슘삼수화물)_(10.85mg/1정),atorvastatin
622802470,아토틴엠정20밀리그램(아토르바스타틴칼슘삼수화물)_(21.7mg/1정),atorvastatin
622803280,리메트폴정2/500밀리그램_(1정),glimepiride
655404141,레이헥솔주300(이오헥솔)_(64.7g/100mL),iohexol
622803280,리메트폴정2/500밀리그램_(1정),metformin
655403284,레이팜300주사액(이오파미돌)_(91.8g/150mL),iopamidol
622804040,로수틴엠정5mg(로수바스타틴칼슘)_(5.2mg/1정),rosuvastatin
648201961,페니마돌주50밀리그램(트라마돌염산염)_(50mg/1mL),tramadol
622804160,이지렉트정1.0밀리그램(라사길린메실산염)_(1.56mg/1정),rasagiline
60500160,메가트라캡슐(이트라코나졸)_(0.1g/1캡슐),itraconazole
622804510,아토엠젯정10/40밀리그램_(1정),atorvastatin
643104040,바이트라정100밀리그램(이트라코나졸고체분산체)_(0.253g/1정),itraconazole
622804510,아토엠젯정10/40밀리그램_(1정),ezetimibe
622804520,아토엠젯정10/20밀리그램_(1정),atorvastatin
622804530,아토엠젯정10/10밀리그램_(1정),atorvastatin
622804530,아토엠젯정10/10밀리그램_(1정),ezetimibe
622804730,테네글립엠서방정20/1000밀리그램_(1정),teneligliptin
622804730,테네글립엠서방정20/1000밀리그램_(1정),metformin
622804740,테네글립엠서방정10/750밀리그램_(1정),metformin
622804750,테네글립엠서방정10/500밀리그램_(1정),metformin
646300135,옴니파큐350주(이오헥솔)_(94.375g/125mL),iohexol
622804860,시타폴엠엑스알서방정50/500밀리그램_(1정),sitagliptin
622804870,시타폴엠엑스알서방정50/1000밀리그램_(1정),sitagliptin
655403293,레이팜370주사액(이오파미돌)_(75.52g/100mL),iopamidol
622804870,시타폴엠엑스알서방정50/1000밀리그램_(1정),metformin
622804880,시타폴엠엑스알서방정100/1000밀리그램_(1정),metformin
622804880,시타폴엠엑스알서방정100/1000밀리그램_(1정),sitagliptin
665505973,유니헥솔주350(이오헥솔)_(90.6g/120mL),iohexol
665505976,유니헥솔주350(이오헥솔)_(377.5g/500mL),iohexol
622804970,시타폴엠정50/850밀리그램_(1정),sitagliptin
645101524,보노렉스350주(이오헥솔)_(113.25g/150mL),iohexol
622804970,시타폴엠정50/850밀리그램_(1정),metformin
646300132,옴니파큐350주(이오헥솔)_(75.5g/100mL),iohexol
622804980,시타폴엠정50/500밀리그램_(1정),metformin
622804980,시타폴엠정50/500밀리그램_(1정),sitagliptin
623500011,스캔룩스300주사액(이오파미돌)_(30.6g/50mL),iopamidol
653401241,에버레이300주(이오헥솔)_(64.7g/100mL),iohexol
622804990,시타폴엠정50/1000밀리그램_(1정),metformin
622804990,시타폴엠정50/1000밀리그램_(1정),sitagliptin
623500021,스캔룩스370주사액(이오파미돌)_(37.75g/50mL),iopamidol
625900060,하보니정_(1정),sofosbuvir
622805050,"로수엠젯정10/2.5밀리그램(에제티미브, 로수바스타틴)_(1정)",ezetimibe
622805130,"빌다듀오엠정50/500밀리그램(빌다글립틴,메트포르민염산염)_(1정)",metformin
622805130,"빌다듀오엠정50/500밀리그램(빌다글립틴,메트포르민염산염)_(1정)",vildagliptin
622805140,"빌다듀오엠정50/850밀리그램(빌다글립틴,메트포르민염산염)_(1정)",metformin
644302654,옴니헥솔주350(이오헥솔)(수출명:Unipaque350inj.)_(377.5g/500mL),iohexol
641106092,울트라비스트듀300주사(이오프로마이드)_(62.34g/100mL),iopromide
622805140,"빌다듀오엠정50/850밀리그램(빌다글립틴,메트포르민염산염)_(1정)",vildagliptin
622805150,"빌다듀오엠정50/1000밀리그램(빌다글립틴,메트포르민염산염)_(1정)",vildagliptin
622805150,"빌다듀오엠정50/1000밀리그램(빌다글립틴,메트포르민염산염)_(1정)",metformin
641106091,울트라비스트듀300주사(이오프로마이드)_(31.17g/50mL),iopromide
655404142,레이헥솔주300(이오헥솔)_(32.35g/50mL),iohexol
623005130,리피탑정40밀리그램(아토르바스타틴칼슘삼수화물)_(43.38mg/1정),atorvastatin
73000610,클리토신정250밀리그램(클래리트로마이신)_(0.25g/1정),clarithromycin
623006210,엔티심바정20밀리그램(심바스타틴)_(20mg/1정),simvastatin
641606680,리피메트서방정10/1000밀리그램_(1정),atorvastatin
669806290,테리아엠서방정10/500밀리그램_(1정),teneligliptin
698004730,자디원듀오정12.5/850밀리그램_(1정),empagliflozin
642106210,"트라듀오서방정5/1000밀리그램(리나글립틴, 메트포르민)_(1정)",linagliptin
648604490,다파플러스서방정10/500밀리그램_(1정),metformin
665003310,"리라젠타듀오정2.5/1000밀리그램(리나글립틴베실산염,메트포르민염산염)_(1정)",metformin
665003290,다파칸메트서방정10/500밀리그램_(1정),metformin
57600160,엠폴민정500mg(메트포르민염산염)_(0.5g/1정),metformin
651205880,"다포가듀오서방정10/1000밀리그램(다파글리플로진프로판디올수화물, 메트포르민염산염)_(1정)",dapagliflozin
623500013,스캔룩스300주사액(이오파미돌)_(122.4g/200mL),iopamidol
665003280,다파칸메트서방정10/1000밀리그램_(1정),metformin
670103780,메트원서방정(메트포르민염산염)_(0.5g/1정),metformin
657308990,"리나탑듀오서방정2.5/1000밀리그램(리나글립틴,메트포르민염산염)_(1정)",metformin
623500014,스캔룩스300주사액(이오파미돌)_(306g/500mL),iopamidol
649105950,"리나젠타듀오서방정2.5/1000밀리그램(리나글립틴, 메트포르민염산염)_(1정)",linagliptin
670609300,"휴시가듀오서방정10/500밀리그램(다파글리플로진, 메트포르민)_(1정)",metformin
662504600,"글로틴듀오정2.5/850mg(리나글립틴, 메트포르민염산염)_(1정)",metformin
657808300,"자디스듀오정5/850밀리그램(엠파글리플로진, 메트포르민)_(1정)",metformin
665003350,"리라젠타듀오서방정5/1000밀리그램(리나글립틴,메트포르민)_(1정)",linagliptin
643309930,"엠파맥스엠정12.5/850밀리그램(엠파글리플로진,메트포르민)_(1정)",metformin
623500015,스캔룩스300주사액(이오파미돌)_(91.8g/150mL),iopamidol
654006250,"엠파릴듀오서방정25/1000밀리그램(엠파글리플로진,메트포르민)_(1정)",metformin
642507890,"엠파프로메트서방정5/1000밀리그램(엠파글리플로진,메트포르민)_(1정)",metformin
647805910,"엠포진듀오서방정12.5/1000밀리그램(엠파글리플로진,메트포르민)_(1정)",metformin
644501340,글루코파지정250밀리그램(메트포르민염산염)_(0.25g/1정),metformin
694004470,"자디엠파듀오정5/1000밀리그램(엠파글리플로진,메트포르민염산염)_(1정)",empagliflozin
645406590,"제파진듀오정12.5/1000밀리그램(엠파글리플로진,메트포르민염산염)_(1정)",empagliflozin
698004700,자디원듀오정5/850밀리그램_(1정),metformin
655604990,글루코프리서방정1000밀리그램(메트포르민염산염)_(1g/1정),metformin
623500018,스캔룩스300주사액(이오파미돌)_(76.5g/125mL),iopamidol
652904740,"엠파벡스정5/500밀리그램(엠파글리플로진,메트포르민염산염)_(1정)",empagliflozin
645406430,리나틴플러스정2.5/850밀리그램_(1정),linagliptin
653806270,포시글리듀오서방정10/500밀리그램_(1정),metformin
643100670,글리렙서방정 (메트포르민염산염)_(0.5g/1정),metformin
59001070,케이듀오서방정10/1000밀리그램_(1정),dapagliflozin citric acid
643606740,"시타다파엠서방정10/100/1000밀리그램(다파글리플로진,시타글립틴,메트포르민)_(1정)",metformin
648508270,리나루틴듀오서방정2.5/1000밀리그램(리나글립틴메트포르민염산염)_(1정),metformin
642405040,테립틴엠서방정10/750밀리그램_(1정),metformin
643700870,글라비스정(메트포르민염산염)_(0.5g/1정),metformin
641606680,리피메트서방정10/1000밀리그램_(1정),metformin
657808230,뉴메트서방정500밀리그램(메트포르민염산염)_(0.5g/1정),metformin
643705530,트라디엠듀오정2.5/850밀리그램_(1정),linagliptin
643309970,"엠파맥스엠정5/500밀리그램(엠파글리플로진,메트포르민)_(1정)",empagliflozin
694003820,테넬로드엠서방정20/1000밀리그램_(1정),metformin
642105160,로수메트서방정10/500밀리그램_(1정),metformin
643307560,듀비메트서방정0.25/500밀리그램_(1정),metformin
623500023,스캔룩스370주사액(이오파미돌)_(151g/200mL),iopamidol
642507720,다파프로메트서방정10/1000밀리그램_(1정),metformin
623500024,스캔룩스370주사액(이오파미돌)_(377.5g/500mL),iopamidol
653501500,자디앙듀오정5/1000밀리그램_(1정),empagliflozin
640904460,"다파글루엠서방정10/500밀리그램(다파글리플로진프로판디올수화물,메트포르민염산염)_(1정)",metformin
643508560,다파론듀오서방정5/500밀리그램_(1정),metformin
623500025,스캔룩스370주사액(이오파미돌)_(113.25g/150mL),iopamidol
641908360,"트루리나엠서방정2.5/1000밀리그램(리나글립틴,메트포르민)_(1정)",metformin
622805270,"트립엠듀오정2.5/850밀리그램(리나글립틴,메트포르민)_(1정)",linagliptin
645306140,"리나로엠정2.5/500밀리그램(리나글립틴,메트포르민염산염)_(1정)",metformin
645406260,리나틴플러스정2.5/500밀리그램_(1정),linagliptin
647805630,다포진엠서방정10/1000밀리그램_(1정),metformin
649401300,아로반정10mg(아토르바스타틴칼슘삼수화물)_(10.85mg/1정),atorvastatin
624900290,마비렛정_(1정),glecaprevir
658106620,에이토바정20밀리그램(아토르바스타틴칼슘삼수화물)_(21.7mg/1정),atorvastatin
643304640,리피로우정80밀리그램(아토르바스타틴칼슘삼수화물)_(86.8mg/1정),atorvastatin
624900290,마비렛정_(1정),pibrentasvir
665501820,아토르반정(아토르바스타틴칼슘)_(10.36mg/1정),atorvastatin
643103640,바이피토정10밀리그램(아토르바스타틴칼슘)_(10.36mg/1정),atorvastatin
698002830,리피도정20밀리그램(아토르바스타틴칼슘수화물)_(21.7mg/1정),atorvastatin
625200780,아트로드정20밀리그램(아토르바스타틴칼슘삼수화물)_(21.69mg/1정),atorvastatin
647803670,뉴스타틴에이정20밀리그램(아토르바스타틴칼슘삼수화물)_(21.7mg/1정),atorvastatin
643300590,리포덱스정450밀리그람(리팜피신)/종근당리팜피신정450밀리그람(수출용)_(0.45g/1정),rifampicin
624900350,벤클렉스타정50밀리그램(베네토클락스)_(50mg/1정),venetoclax
651901850,카마제핀씨알정300밀리그람(카르바마제핀)_(0.3g/1정),carbamazepine
698002700,히트코나졸정(이트라코나졸고체분산체)_(0.253g/1정),itraconazole
625200130,아트로드정10밀리그램(아토르바스타틴칼슘)_(10.36mg/1정),atorvastatin
643302300,이펙트라캡슐(이트라코나졸)_(0.1g/1캡슐),itraconazole
650100657,아이오브릭스주300(이오헥솔)_(323.5g/500mL),iohexol
625201970,하이메트정15/850밀리그램_(1정),pioglitazone
656000680,심바로틴정20밀리그람(심바스타틴)_(20mg/1정),simvastatin
649100320,바스핀지속정(펠로디핀)_(5mg/1정),felodipine
625202110,아트로드플러스정10/10밀리그램_(1정),ezetimibe
654001710,트라녹스정100밀리그람(이트라코나졸고체분산체)_(0.253g/1정),itraconazole
625202120,아트로드플러스정10/20밀리그램_(1정),ezetimibe
625202130,아트로드플러스정10/40밀리그램_(1정),ezetimibe
654900103,제네틱스350주사(이오비트리돌)_(115.17g/150mL),iobitridol
625202230,자누스듀오정50/1000밀리그램_(1정),sitagliptin
646300114,옴니파큐300주(이오헥솔)_(6.47g/10mL/병),iohexol
646300022,비지파크주270밀리그람(요오딕사놀)_(55g/100mL),iodixanol
625202230,자누스듀오정50/1000밀리그램_(1정),metformin
625202370,"자누스듀오정50/500밀리그램(시타글립틴인산염수화물,메트포르민염산염)_(1정)",metformin
625202380,"자누스듀오정50/850밀리그램(시타글립틴인산염수화물,메트포르민염산염)_(1정)",sitagliptin
653401244,에버레이300주(이오헥솔)_(97.05g/150mL),iohexol
625202380,"자누스듀오정50/850밀리그램(시타글립틴인산염수화물,메트포르민염산염)_(1정)",metformin
645101543,보노렉스350주(이오헥솔)_(113.25g/150mL/관),iohexol
646004800,아픽사정5밀리그램(아픽사반)_(5mg/1정),apixaban
657200710,카디아핀정10밀리그램(레르카니디핀염산염)_(10mg/1정),lercanidipine
671706240,아픽플로정2.5밀리그램(아픽사반)_(2.5mg/1정),apixaban
693900940,셀트리온클래리트로마이신정250밀리그램_(0.25g/1정),clarithromycin
625800130,심바메디정(심바스타틴)_(20mg/1정),simvastatin
674400740,크로신필름코팅정(클래리트로마이신)_(0.25g/1정),clarithromycin
670401490,클래니즈정500mg(클래리트로마이신)_(0.5g/1정),clarithromycin
628800370,휴레스토정10밀리그램(로수바스타틴칼슘)_(10.4mg/1정),rosuvastatin
657304470,로스바탄정10mg(로수바스타틴칼슘)_(10.4mg/1정),rosuvastatin
644308800,로바스타정5밀리그램(로수바스타틴칼슘)_(5.2mg/1정),rosuvastatin
52400150,로슈바정10mg(로수바스타틴칼슘)_(10.4mg/1정),rosuvastatin
57600310,크로원정10mg(로수바스타틴칼슘)_(10.4mg/1정),rosuvastatin
641704660,크레고정20밀리그램(로수바스타틴칼슘)_(20.8mg/1정),rosuvastatin
650203390,슈스타정20밀리그램(로수바스타틴칼슘)_(20.8mg/1정),rosuvastatin
653601150,트리렙탈필름코팅정300밀리그램(옥스카르바제핀)_(0.3g/1정),oxcarbazepine
640001030,심바스타정20밀리그램(심바스타틴)_(20mg/1정),simvastatin
625900090,젠보야정_(1정),emtricitabine
642100430,리팜핀캅셀300밀리그람(리팜피신)(수출명:리팜메디코)_(0.3g/1캡슐),rifampicin
625900130,빅타비정_(1정),bictegravir
626000021,옵티레이350주사(이오버솔)_(37.05g/50mL),ioversol
651206220,"엠포가듀오정5/500밀리그램(엠파글리플로진, 메트포르민염산염)_(1정)",empagliflozin
652904750,"엠파벡스정12.5/500밀리그램(엠파글리플로진,메트포르민염산염)_(1정)",empagliflozin
648204670,유다파듀오서방정10/500밀리그램_(1정),metformin
665003290,다파칸메트서방정10/500밀리그램_(1정),dapagliflozin anhydrous lactose mixture
626000022,옵티레이350주사(이오버솔)_(74.1g/100mL),ioversol
670609540,"휴디앙듀오서방정10/1000밀리그램(엠파글리플로진,메트포르민)_(1정)",metformin
645907580,"엠플로엠서방정10/1000밀리그램(엠파글리플로진,메트포르민)_(1정)",empagliflozin
647805820,"엠포진듀오정12.5/850밀리그램(엠파글리플로진,메트포르민염산염)_(1정)",metformin
644915060,"자디메트정5/500밀리그램(엠파글리플로진, 메트포르민염산염)_(1정)",metformin
640007820,다파엔듀오서방정5/1000밀리그램_(1정),dapagliflozin citric acid
626000023,옵티레이350주사(이오버솔)_(370.5g/500mL),ioversol
671707060,테네글리엠서방정10/500밀리그램_(1정),metformin
654006190,"글리젠타듀오서방정5/1000밀리그램(리나글립틴,메트포르민염산염)_(1정)",metformin
657309090,"엠파앙듀오정5/850밀리그램(엠파글리플로진,메트포르민염산염)_(1정)",metformin
648508260,리나루틴듀오서방정5/1000밀리그램(리나글립틴메트포르민염산염)_(1정),linagliptin
645907540,"리디포엠서방정5/1000밀리그램(리나글립틴,메트포르민염산염)_(1정)",linagliptin
626000025,옵티레이350주사(이오버솔)_(111.15g/150mL),ioversol
640904470,"다파글루엠서방정10/1000밀리그램(다파글리플로진프로판디올수화물,메트포르민염산염)_(1정)",metformin
694001880,다이아폴민정250밀리그램(메트포르민염산염)_(0.25g/1정),metformin
652904770,"엠파벡스정12.5/1000밀리그램(엠파글리플로진,메트포르민염산염)_(1정)",metformin
693904020,"네시나메트서방정12.5/1000밀리그램(알로글립틴,메트포르민염산염)_(1정)",alogliptin
665002760,케이메트서방정(메트포르민염산염)_(0.5g/1정),metformin
665003360,"리라젠타듀오서방정2.5/1000밀리그램(리나글립틴,메트포르민)_(1정)",linagliptin
626000032,옵티레이320주사(이오버솔)_(33.9g/50mL),ioversol
657308990,"리나탑듀오서방정2.5/1000밀리그램(리나글립틴,메트포르민염산염)_(1정)",linagliptin
647805930,"엠포진듀오서방정10/1000밀리그램(엠파글리플로진,메트포르민)_(1정)",empagliflozin
643508680,실다파엠서방정5/50/1000밀리그램_(1정),metformin
626000033,옵티레이320주사(이오버솔)_(67.8g/100mL),ioversol
647805780,"엠포진듀오정5/1000밀리그램(엠파글리플로진,메트포르민염산염)_(1정)",empagliflozin
643705410,포시디엠서방정5/500밀리그램_(1정),dapagliflozin
648105170,"다파진에스엠서방정10/100/1000밀리그램(다파글리플로진,시타글립틴,메트포르민)_(1정)",sitagliptin
644915070,"자디메트정5/1000밀리그램(엠파글리플로진, 메트포르민염산염)_(1정)",metformin
642907060,"엠파칸듀오정5/850밀리그램(엠파글리플로진,메트포르민염산염)_(1정)",empagliflozin
669806280,테리아엠서방정10/750밀리그램_(1정),metformin
661905800,"자디플로진엠정12.5/500밀리그램(엠파글리플로진,메트포르민염산염)_(1정)",empagliflozin
647304530,다파엘듀오서방정10/500밀리그램_(1정),dapagliflozin anhydrous lactose mixture
663608960,"엠글리듀오서방정10/1000밀리그램(엠파글리플로진, 메트포르민염산염)_(1정)",metformin
642507760,"슈가트리서방정5/10/1000mg(에보글립틴,다파글리플로진,메트포르민염산염)_(1정)",dapagliflozin
698504920,"엠파디앙듀오정12.5/1000밀리그램(엠파글리플로진, 메트포르민염산염)_(1정)",empagliflozin
648604490,다파플러스서방정10/500밀리그램_(1정),dapagliflozin
626000034,옵티레이320주사(이오버솔)_(101.7g/150mL),ioversol
641607880,"엔블로멧서방정0.3/1000밀리그램(이나보글리플로진,메트포르민염산염)_(1정)",enavogliflozin
694004310,"자누플로멧서방정10/100/1000밀리그램(다파글리플로진,시타글립틴,메트포르민)_(1정)",dapagliflozin
652904740,"엠파벡스정5/500밀리그램(엠파글리플로진,메트포르민염산염)_(1정)",metformin
656005460,라니글듀오정2.5/850밀리그램_(1정),linagliptin
645406140,테네필플러스서방정10/750밀리그램_(1정),teneligliptin
645406080,제포가듀오서방정10/500밀리그램_(1정),metformin
626000035,옵티레이320주사(이오버솔)_(339g/500mL),ioversol
670609330,"리나디포듀오서방정5/1000밀리그램(리나글립틴,메트포르민)_(1정)",linagliptin
645306150,"리나로엠정2.5/1000밀리그램(리나글립틴,메트포르민염산염)_(1정)",metformin
626000091,옵티레이320울트라젝트주사(이오버솔)_(67.8g/100mL),ioversol
657807740,테리움엠서방정10/500밀리그램_(1정),metformin
657308840,다파프로진메트서방정5/500밀리그램_(1정),metformin
626000101,옵티레이320울트라젝트주사(이오버솔)_(84.75g/125mL),ioversol
645307250,"엠파로엠정12.5/500밀리그램(엠파글리플로진, 메트포르민염산염)_(1정)",empagliflozin
669908430,"엔피앙듀오정5/500밀리그램(엠파글리플로진,메트포르민염산염)_(1정)",metformin
677200120,프로그랍캅셀1밀리그람(타크로리무스수화물)_(1.02mg/1캡슐),tacrolimus
627600230,카나보센정62.5밀리그램(보센탄수화물(미분화))_(64.541mg/1정),bosentan
643307690,타크로벨서방캡슐1밀리그램(타크로리무스)_(1mg/1캡슐),tacrolimus
649700890,크래밍정(수출명:MigralTab.)_(1정),ergotamine
628800090,휴나졸캡슐50mg(플루코나졸)_(50mg/1캡슐),fluconazole
652603150,아이트라정(이트라코나졸고체분산체)_(0.253g/1정),itraconazole
628800300,휴스타정20mg(아토르바스타틴칼슘삼수화물)_(21.69mg/1정),atorvastatin
628900380,크리아신정250mg(클래리트로마이신)_(0.25g/1정),clarithromycin
628800460,휴코정20mg(심바스타틴)_(20mg/1정),simvastatin
628801150,피오트민정15/850밀리그램_(1정),pioglitazone
628801150,피오트민정15/850밀리그램_(1정),metformin
641106094,울트라비스트듀300주사(이오프로마이드)_(311.7g/500mL),iopromide
646300133,옴니파큐350주(이오헥솔)_(113.25g/150mL),iohexol
629700638,아스헥솔주300(이오헥솔)_(19.41g/30mL),iohexol
628801810,에제토젯정10/40밀리그램_(1정),atorvastatin
644603060,클라비오정500밀리그램(클래리트로마이신)_(0.5g/1정),clarithromycin
628900660,바이제타정10/20_(1정),simvastatin
628900660,바이제타정10/20_(1정),ezetimibe
628901150,바이제타정10/10_(1정),ezetimibe
644304130,"클락신정250밀리그램(클래리트로마이신)(수출명:OnexidTabs.,OrokinTabs.)_(0.25g/1정)",clarithromycin
652604270,크래시드정500밀리그램(클래리트로마이신)_(0.5g/1정),clarithromycin
628901150,바이제타정10/10_(1정),simvastatin
653403260,이트코졸정(이트라코나졸고체분산체)_(0.253g/1정),itraconazole
671803041,클래신건조시럽250mg/5mL(클래리트로마이신)_(3.5g/70mL),clarithromycin
649504700,헤리코정250밀리그람(클래리트로마이신)_(0.25g/1정),clarithromycin
698003511,클래이신건조시럽125mg/5mL(클래리트로마이신)_(2.5g/100mL),clarithromycin
670700270,마오비정(셀레길린염산염)_(5mg/1정),selegiline
628901480,부포닌정5밀리그램(부스피론염산염)_(5mg/1정),buspirone
671706980,티렐러정60밀리그램(티카그렐러)_(60mg/1정),ticagrelor
628901960,"에브젯정10/20밀리그램(에제티미브, 아토르바스타틴)_(1정)",ezetimibe
628901970,"에브젯정10/10밀리그램(에제티미브, 아토르바스타틴)_(1정)",ezetimibe
628901980,"에브젯정10/40밀리그램(에제티미브, 아토르바스타틴)_(1정)",atorvastatin
628901980,"에브젯정10/40밀리그램(에제티미브, 아토르바스타틴)_(1정)",ezetimibe
678602030,사이폴-엔연질캡슐50밀리그램(사이클로스포린)_(50mg/1캡슐),cyclosporine
628902030,이바록정20밀리그램(리바록사반)_(20mg/1정),rivaroxaban
654900083,제네틱스300주사(이오비트리돌)_(98.715g/150mL),iobitridol
628902080,시글립듀오정50/1000밀리그램_(1정),sitagliptin
650103273,아이오브릭스주270(이오헥솔)_(87.36g/150mL),iohexol
628902080,시글립듀오정50/1000밀리그램_(1정),metformin
646300033,비지파크주320밀리그람(요오딕사놀)_(97.8g/150mL),iodixanol
628902090,시글립듀오정50/500밀리그램_(1정),sitagliptin
645104532,보노렉스300주(이오헥솔)(수출명: IOHEXOL 300 Inj.)_(84.11g/130mL/관),iohexol
628902090,시글립듀오정50/500밀리그램_(1정),metformin
653401254,에버레이350주(이오헥솔)_(113.25g/150mL),iohexol
641106082,울트라비스트듀370주사(이오프로마이드)_(38.443g/50mL),iopromide
628902100,시글립듀오정50/850밀리그램_(1정),metformin
628902100,시글립듀오정50/850밀리그램_(1정),sitagliptin
629700633,아스헥솔주300(이오헥솔)_(64.7g/100mL),iohexol
653806280,트라글립틴듀오정2.5/500mg_(1정),linagliptin
641908560,"트루디에스엠서방정10/100/1000밀리그램(다파글리플로진,시타글립틴,메트포르민)_(1정)",dapagliflozin
643309950,"엠파맥스엠정5/1000밀리그램(엠파글리플로진,메트포르민)_(1정)",metformin
653405800,"시타칸다플메트서방정5/50/1000밀리그램(다파글리플로진,시타글립틴,메트포르민)_(1정)",metformin
628800390,휴트민서방정(메트포르민염산염)_(0.5g/1정),metformin
643705400,포시디엠서방정10/500밀리그램_(1정),metformin
669908450,"엔피앙듀오정12.5/850밀리그램(엠파글리플로진,메트포르민염산염)_(1정)",empagliflozin
641906990,"트루리나엠정2.5/1000mg(리나글립틴,메트포르민염산염)_(1정)",linagliptin
643307480,듀비메트서방정0.5/1000밀리그램_(1정),lobeglitazone
670105330,"엠플로진듀오정5/1000밀리그램(엠파글리플로진, 메트포르민염산염)_(1정)",empagliflozin
662504600,"글로틴듀오정2.5/850mg(리나글립틴, 메트포르민염산염)_(1정)",linagliptin
647805830,"엠포진듀오정12.5/500밀리그램(엠파글리플로진,메트포르민염산염)_(1정)",empagliflozin
643309200,엑시글루엠서방정5/500밀리그램_(1정),dapagliflozin
629700793,아스헥솔주350(이오헥솔)_(75.5g/100mL),iohexol
670609550,"휴디앙듀오서방정25/1000밀리그램(엠파글리플로진,메트포르민)_(1정)",empagliflozin
648508290,"리나루틴듀오정2.5/500밀리그램(리나글립틴,메트포르민)_(1정)",linagliptin
648105000,"리타메진서방정2.5/1000밀리그램(리나글립틴(미분화),메트포르민염산염)_(1정)",metformin
657309210,"엠파앙듀오서방정5/1000밀리그램(엠파글리플로진,메트포르민염산염)_(1정)",empagliflozin
648508310,"리나루틴듀오정2.5/850밀리그램(리나글립틴,메트포르민)_(1정)",linagliptin
629700794,아스헥솔주350(이오헥솔)_(113.25g/150mL),iohexol
660703980,위디앙듀오정12.5/500밀리그램_(1정),empagliflozin
628902360,"글레린듀오서방정5/1000밀리그램(리나글립틴,메트포르민)_(1정)",metformin
645405300,리피토엠서방정10/500밀리그램_(1정),metformin
653405440,"다플진메트서방정5/500밀리그램(다파글리플로진프로판디올수화물, 메트포르민염산염)_(1정)",dapagliflozin
641908560,"트루디에스엠서방정10/100/1000밀리그램(다파글리플로진,시타글립틴,메트포르민)_(1정)",sitagliptin
642106340,"유한엠메트서방정25/1000밀리그램(엠파글리플로진, 메트포르민)_(1정)",empagliflozin
629700797,아스헥솔주350(이오헥솔)_(377.5g/500mL),iohexol
640007260,아토메트서방정10/500밀리그램_(1정),metformin
644302642,옴니헥솔주300(이오헥솔)(수출명:Unipaque300inj.)_(64.7g/100mL),iohexol
629701010,오코마릴엠정2/500밀리그램_(1정),glimepiride
650100245,레디센스주300(이오파미돌)_(91.8g/150mL),iopamidol
644302641,옴니헥솔주300(이오헥솔)(수출명:Unipaque300inj.)_(32.35g/50mL),iohexol
629701010,오코마릴엠정2/500밀리그램_(1정),metformin
645208590,에이프로젠클래리트로마이신정500mg_(0.5g/1정),clarithromycin
645300470,마비드정(클래리트로마이신)_(0.25g/1정),clarithromycin
640001040,심바스타정40밀리그램(심바스타틴)_(40mg/1정),simvastatin
640006970,로바젯정10/20밀리그램_(1정),ezetimibe
662504490,이디졸캡슐100밀리그램(이트라코나졸)_(0.1g/1캡슐),itraconazole
640007230,아토메트서방정20/500밀리그램_(1정),metformin
57001160,히트졸정(이트라코나졸고체분산체)_(0.253g/1정),itraconazole
653600540,산디문뉴오랄연질캡슐100밀리그램(사이클로스포린)_(0.1g/1캡슐),cyclosporine
640007360,엑스원알정5/80/5밀리그램_(1정),amlodipine
640007370,엑스원알정5/80/10밀리그램_(1정),valsartan
640007380,엑스원알정5/160/10밀리그램_(1정),rosuvastatin
640007390,엑스원알정5/160/5밀리그램_(1정),valsartan
640007390,엑스원알정5/160/5밀리그램_(1정),rosuvastatin
640007670,엑스원에이정5/80/20밀리그램_(1정),atorvastatin
640007680,엑스원에이정5/80/10밀리그램_(1정),amlodipine
640007700,엑스원에이정5/160/10밀리그램_(1정),amlodipine
640007700,엑스원에이정5/160/10밀리그램_(1정),valsartan
640007700,엑스원에이정5/160/10밀리그램_(1정),atorvastatin
640007720,제피토정10/40밀리그램_(1정),atorvastatin
640007730,제피토정10/20밀리그램_(1정),ezetimibe
640007880,로바젯정10/2.5밀리그램_(1정),rosuvastatin
640007940,엑스원알정5/80/2.5밀리그램_(1정),rosuvastatin
640007950,엑스원알정5/160/2.5밀리그램_(1정),amlodipine
640008060,"제피토정10/5밀리그램(에제티미브,아토르바스타틴)_(1정)",atorvastatin
655403610,일성클래리트로마이신정500mg_(0.5g/1정),clarithromycin
640900330,리포스타정20밀리그램(심바스타틴)_(20mg/1정),simvastatin
662503240,클라라정250mg(클래리트로마이신)_(0.25g/1정),clarithromycin
670606350,클리스로정250mg(클래리트로마이신)_(0.25g/1정),clarithromycin
680900200,릭시아나정60밀리그램(에독사반토실산염수화물)_(80.82mg/1정),edoxaban
643308020,리퀴시아정2.5밀리그램(아픽사반)_(2.5mg/1정),apixaban
650100666,아이오브릭스주350(이오헥솔)_(377.5g/500mL),iohexol
640902330,글루폴민정2/500밀리그램_(1정),glimepiride
640902330,글루폴민정2/500밀리그램_(1정),metformin
625200420,클래톤정(클래리트로마이신)_(0.25g/1정),clarithromycin
640902400,돔페리움엠정(돔페리돈말레산염)_(12.72mg/1정),domperidone
644200542,클래리시드건조시럽250mg/5mL(클래리트로마이신)_(3.5g/70mL),clarithromycin
655404720,레보플라정100밀리그램(레보플록사신수화물)_(0.10249g/1정),levofloxacin
651201180,씨에프정250mg(시프로플록사신염산염)_(0.291g/1정),ciprofloxacin
647200950,코러스시프로플록사신정(수출명 : TROXACINE TAB)_(0.25g/1정),ciprofloxacin
655403941,클래리시드정주500밀리그램(클래리트로마이신)_(0.5g/1병),clarithromycin
649804301,명문시프로플록사신주사_(0.2g/100mL/백),ciprofloxacin
646002900,렉사틴정(에스시탈로프람옥살산염)_(12.77mg/1정),escitalopram
647303920,클래리드정500밀리그램(클래리트로마이신)_(0.5g/1정),clarithromycin
657807280,렉사원정10밀리그램(에스시탈로프람옥살산염)_(12.77mg/1정),escitalopram
647802590,프로세이드정(비칼루타미드)_(50mg/1정),bicalutamide
640902490,아토타틴정10밀리그램(아토르바스타틴칼슘삼수화물)_(10.85mg/1정),atorvastatin
644304140,클락신정500밀리그램(클래리트로마이신)_(0.5g/1정),clarithromycin
640903250,에제스타정10/10_(1정),ezetimibe
669804360,클래리미신정250mg(클래리트로마이신)_(0.25g/1정),clarithromycin
73000700,클리토신정500밀리그램(클래리트로마이신)_(0.5g/1정),clarithromycin
640903280,에제스타정10/20_(1정),simvastatin
645405150,제클리정250밀리그램(클래리트로마이신)_(0.25g/1정),clarithromycin
650303750,쎄클래신정250밀리그램(클래리트로마이신)_(0.25g/1정),clarithromycin
640903280,에제스타정10/20_(1정),ezetimibe
640904190,아토에정10/10밀리그램_(1정),ezetimibe
52700140,비티코나졸정(이트라코나졸고체분산체)_(0.253g/1정),itraconazole
640904200,아토에정10/20밀리그램_(1정),atorvastatin
640904290,테네글로엠서방정10/500밀리그램_(1정),metformin
640904290,테네글로엠서방정10/500밀리그램_(1정),teneligliptin
650100661,아이오브릭스주350(이오헥솔)_(22.65g/30mL),iohexol
640904300,테네글로엠서방정10/750밀리그램_(1정),teneligliptin
657401741,퍼슨헥솔주300(이오헥솔)_(32.35g/50mL),iohexol
640904300,테네글로엠서방정10/750밀리그램_(1정),metformin
650100663,아이오브릭스주350(이오헥솔)_(75.5g/100mL),iohexol
645102795,보노렉스240주(이오헥솔)_(51.8g/100mL),iohexol
640904310,테네글로엠서방정20/1000밀리그램_(1정),teneligliptin
645101521,보노렉스350주(이오헥솔)_(22.65g/30mL),iohexol
640904310,테네글로엠서방정20/1000밀리그램_(1정),metformin
640904540,"시타글루틴엠정50/500밀리그램(시타글립틴염산염수화물, 메트포르민염산염)_(1정)",sitagliptin
646300127,옴니파큐300주(이오헥솔)_(12.94g/20mL/병),iohexol
640904550,"시타글루틴엠정50/850밀리그램(시타글립틴염산염수화물, 메트포르민염산염)_(1정)",metformin
640904550,"시타글루틴엠정50/850밀리그램(시타글립틴염산염수화물, 메트포르민염산염)_(1정)",sitagliptin
646300122,옴니파큐300주(이오헥솔)_(25.88g/40mL),iohexol
640904560,"시타글루틴엠정50/1000밀리그램(시타글립틴염산염수화물, 메트포르민염산염)_(1정)",sitagliptin
640904560,"시타글루틴엠정50/1000밀리그램(시타글립틴염산염수화물, 메트포르민염산염)_(1정)",metformin
670105101,파리비엠주(파리칼시톨)_(5μg/1mL),paricalcitol
640904870,알파론연질캡슐0.5마이크로그램(알파칼시돌)_(0.5㎍/1캡슐),alfacalcidol
641104870,자렐토정10밀리그램(리바록사반)_(10mg/1정),rivaroxaban
641105730,자렐토정20밀리그램(리바록사반)_(20mg/1정),rivaroxaban
641105810,자렐토정2.5밀리그램(리바록사반)_(2.5mg/1정),rivaroxaban
693200860,글로트라정(이트라코나졸)_(0.1g/1정),itraconazole
628902350,"글레린듀오서방정2.5/1000밀리그램(리나글립틴,메트포르민)_(1정)",metformin
671807560,다파원엠서방정10/500밀리그램_(1정),dapagliflozin citric acid
693200660,글로포민서방정(메트포르민염산염)_(0.5g/1정),metformin
648104100,리타메진정2.5/850밀리그램_(1정),metformin
653405800,"시타칸다플메트서방정5/50/1000밀리그램(다파글리플로진,시타글립틴,메트포르민)_(1정)",sitagliptin
641106081,울트라비스트듀370주사(이오프로마이드)_(23.0658g/30mL),iopromide
657309230,"엠파앙듀오서방정12.5/1000밀리그램(엠파글리플로진,메트포르민염산염)_(1정)",empagliflozin
642507690,다파프로메트서방정5/500밀리그램_(1정),dapagliflozin
643606860,"폴민리나서방정2.5/750밀리그램(리나글립틴,메트포르민염산염)_(1정)",linagliptin
671807730,다파시타엠서방정5/50/500밀리그램_(1정),sitagliptin
642507340,슈가메트서방정2.5/500밀리그램_(1정),metformin
642906820,다포르메트서방정10/1000밀리그램_(1정),metformin
641106083,울트라비스트듀370주사(이오프로마이드)_(76.886g/100mL),iopromide
650700960,직듀오서방정10/500밀리그램_(1정),dapagliflozin
645211080,"엠파콤비서방정10/1000밀리그램(엠파글리플로진,메트포르민)_(1정)",empagliflozin
641106084,울트라비스트듀370주사(이오프로마이드)_(384.43g/500mL),iopromide
670105550,"나리젠타듀오서방정 5/1000밀리그램(리나글립틴,메트포르민염산염)_(1정)",metformin
653806260,포시글리듀오서방정10/1000밀리그램_(1정),dapagliflozin anhydrous lactose mixture
643508690,실다파엠서방정5/50/500밀리그램_(1정),sitagliptin
645406150,테네필플러스서방정10/500밀리그램_(1정),metformin
644914140,가드메트정100/850밀리그램_(1정),anagliptin
645406560,"제파진듀오정5/1000밀리그램(엠파글리플로진,메트포르민염산염)_(1정)",metformin
653405110,테네리칸엠서방정10/500밀리그램_(1정),metformin
649808250,"명문리나글립틴듀오서방정2.5/1000밀리그램(리나글립틴,메트포르민염산염)_(1정)",linagliptin
652607290,리나티젠듀오정2.5/1000밀리그램_(1정),metformin
698004690,자디원듀오정5/1000밀리그램_(1정),empagliflozin
657808100,"리나원듀오정2.5/1000밀리그램(리나글립틴,메트포르민)_(1정)",metformin
651206230,"엠포가듀오정12.5/500밀리그램(엠파글리플로진, 메트포르민염산염)_(1정)",metformin
671807750,다파시타엠서방정5/50/1000밀리그램_(1정),dapagliflozin
643304270,헤리클로정250밀리그램(클래리트로마이신)_(0.25g/1정),clarithromycin
641106200,케렌디아정10밀리그램(피네레논)_(10mg/1정),finerenone
671803031,클래신건조시럽125mg/5mL(클래리트로마이신)_(2.5g/100mL),clarithromycin
641501710,리피탄정10밀리그램(아토르바스타틴칼슘삼수화물)_(10.85mg/1정),atorvastatin
641503000,"글리메자큐정50/850밀리그램(시타글립틴,메트포르민)_(1정)",sitagliptin
641503000,"글리메자큐정50/850밀리그램(시타글립틴,메트포르민)_(1정)",metformin
651602811,젬시톨주(파리칼시톨)_(5μg/1mL),paricalcitol
641503190,칼디맥스연질캡슐(알파칼시돌)_(0.5㎍/1캡슐),alfacalcidol
641600200,글루리아드정500/5밀리그람_(1정),glibenclamide
641600200,글루리아드정500/5밀리그람_(1정),metformin
646300031,비지파크주320밀리그람(요오딕사놀)_(32.6g/50mL),iodixanol
641602890,스피틴정10밀리그램(무수아토르바스타틴칼슘)_(10.35mg/1정),atorvastatin
641604600,대웅로수바스타틴정10밀리그램(로수바스타틴칼슘)_(10.4mg/1정),rosuvastatin
641604610,스피틴정40밀리그램(아토르바스타틴칼슘삼수화물)_(43.4mg/1정),atorvastatin
641605700,올로스타정20/20밀리그램_(1정),rosuvastatin
641606130,크레젯정10/10밀리그램_(1정),ezetimibe
641606140,크레젯정10/20밀리그램_(1정),ezetimibe
641606150,크레젯정10/5밀리그램_(1정),ezetimibe
641606630,리피메트서방정10/500밀리그램_(1정),atorvastatin
641606750,올로맥스정20/5/5밀리그램_(1정),rosuvastatin
641607520,리토바젯정10/10밀리그램_(1정),atorvastatin
641607530,리토바젯정10/20밀리그램_(1정),ezetimibe
658107140,이코녹스정100밀리그램(이트라코나졸고체분산체)_(0.253g/1정),itraconazole
641607530,리토바젯정10/20밀리그램_(1정),atorvastatin
641607540,리토바젯정10/40밀리그램_(1정),atorvastatin
643802770,신신이트라코나졸정100밀리그램(이트라코나졸고체분산체)_(0.253g/1정),itraconazole
641607540,리토바젯정10/40밀리그램_(1정),ezetimibe
641607970,"리토바젯정10/5밀리그램(에제티미브, 아토르바스타틴칼슘삼수화물)_(1정)",atorvastatin
641608330,"바로페노정2/160밀리그램(피타바스타틴칼슘,페노피브레이트)_(1정)",fenofibrate
641608370,젤토파정5밀리그램(토파시티닙시트르산염)_(8.078mg/1정),tofacitinib
53601590,뉴로미스캡슐1밀리그램(타크로리무스수화물)_(1.02mg/1캡슐),tacrolimus
641608460,"바로에젯정1/10밀리그램(피타바스타틴칼슘수화물,에제티미브)_(1정)",ezetimibe
645101513,보노렉스300주(이오헥솔)(수출명: IOHEXOL 300 Inj.)_(64.7g/100mL/병),iohexol
641704220,글리메드엠정2/500밀리그램_(1정),metformin
641704470,일양아토르바스타틴정20밀리그램(아토르바스타틴칼슘수화물)_(21.69mg/1정),atorvastatin
641705430,크레고정5밀리그램(로수바스타틴칼슘)_(5.2mg/1정),rosuvastatin
641705920,듀얼아토정10/10밀리그램_(1정),atorvastatin
641705930,듀얼아토정10/20밀리그램_(1정),atorvastatin
641705930,듀얼아토정10/20밀리그램_(1정),ezetimibe
641706180,자누아린듀오정50/850밀리그램_(1정),metformin
641706180,자누아린듀오정50/850밀리그램_(1정),sitagliptin
644302652,옴니헥솔주350(이오헥솔)(수출명:Unipaque350inj.)_(75.5g/100mL),iohexol
641706190,자누아린듀오정50/500밀리그램_(1정),metformin
641706190,자누아린듀오정50/500밀리그램_(1정),sitagliptin
644302655,옴니헥솔주350(이오헥솔)(수출명:Unipaque350inj.)_(98.15g/130mL),iohexol
645306110,타크로스캡슐0.5밀리그램(타크로리무스수화물)_(0.51mg/1캡슐),tacrolimus
641706510,엘란즈정5밀리그램(토파시티닙)_(5mg/1정),tofacitinib
641800580,광동아토르바스타틴정10밀리그램(아토르바스타틴칼슘삼수화물)_(10.85mg/1정),atorvastatin
643300620,리포덱스캅셀(리팜피신)(수출명: 종근당리팜피신캅셀150mg)_(0.15g/1캡슐),rifampicin
641800850,광동타목시펜정10밀리그램(타목시펜시트르산염)_(15.2mg/1정),tamoxifen
653102670,튜비스정_(1정),pyrazinamide
641802561,이리테신주(이리노테칸염산염)_(40mg/2mL),irinotecan
641802670,자이렌정0.5밀리그램(알프라졸람)_(0.5mg/1정),alprazolam
641802680,자이렌정0.25밀리그램(알프라졸람)_(0.25mg/1정),alprazolam
669902830,에프로신정(시프로플록사신염산염수화물)_(0.291g/1정),ciprofloxacin
641804800,티자리드정1밀리그람(티자니딘염산염)_(1.144mg/1정),tizanidine
653805710,에이퀴스정 5밀리그램(아픽사반)_(5mg/1정),apixaban
641804960,이트라센정(이트라코나졸고체분산체)_(0.253g/1정),itraconazole
646000500,로카딘정(레르카니디핀염산염)_(10mg/1정),lercanidipine
657806880,원픽사반정5밀리그램(아픽사반)_(5mg/1정),apixaban
644304080,콜킨정(콜키신)_(0.6mg/1정),colchicine
641805291,광동클래리트로마이신건조시럽125mg/5mL_(2.5g/100mL),clarithromycin
641902730,시스타정40밀리그램(심바스타틴)_(40mg/1정),simvastatin
641906140,리피산트정20밀리그램(아토르바스타틴칼슘수화물)_(21.69mg/1정),atorvastatin
641906150,리피산트정10밀리그램(아토르바스타틴칼슘수화물)_(10.85mg/1정),atorvastatin
641907360,듀카로정60/5/10밀리그램_(1정),amlodipine
646203760,이트코젠정(이트라코나졸고체분산체)_(0.253g/1정),itraconazole
641907620,아카브정60/10밀리그램_(1정),fimasartan
54801090,엔코나캡슐100밀리그램(이트라코나졸)_(0.1g/1캡슐),itraconazole
641907630,아카브정60/20밀리그램_(1정),fimasartan
641907640,아카브정30/10밀리그램_(1정),fimasartan
641907650,아카브정30/20밀리그램_(1정),atorvastatin
641907750,엘오공정10/10밀리그램_(1정),atorvastatin
641907750,엘오공정10/10밀리그램_(1정),ezetimibe
652903740,아트졸정(이트라코나졸고체분산체)_(0.253g/1정),itraconazole
641907760,엘오공정10/20밀리그램_(1정),ezetimibe
641907760,엘오공정10/20밀리그램_(1정),atorvastatin
641907770,엘오공정10/40밀리그램_(1정),ezetimibe
641907770,엘오공정10/40밀리그램_(1정),atorvastatin
641908150,"트루시타엠서방정50/500밀리그램(시타글립틴, 메트포르민)_(1정)",sitagliptin
641908160,"트루시타엠서방정50/1000밀리그램(시타글립틴, 메트포르민)_(1정)",metformin
641908160,"트루시타엠서방정50/1000밀리그램(시타글립틴, 메트포르민)_(1정)",sitagliptin
650100632,아이오브릭스주240(이오헥솔)_(15.54g/30mL),iohexol
645101522,보노렉스350주(이오헥솔)_(37.75g/50mL),iohexol
650100263,레디센스주370(이오파미돌)_(75.5g/100mL),iopamidol
641908170,"트루시타엠서방정100/1000밀리그램(시타글립틴, 메트포르민)_(1정)",metformin
645101512,보노렉스300주(이오헥솔)(수출명: IOHEXOL 300 Inj.)_(32.35g/50mL),iohexol
641908170,"트루시타엠서방정100/1000밀리그램(시타글립틴, 메트포르민)_(1정)",sitagliptin
641908180,"트루시타엠정50/850밀리그램(시타글립틴, 메트포르민)_(1정)",metformin
646300034,비지파크주320밀리그람(요오딕사놀)_(130.4g/200mL),iodixanol
641908180,"트루시타엠정50/850밀리그램(시타글립틴, 메트포르민)_(1정)",sitagliptin
641908190,"트루시타엠정50/500밀리그램(시타글립틴, 메트포르민)_(1정)",sitagliptin
657401743,퍼슨헥솔주300(이오헥솔)_(77.64g/120mL),iohexol
641908200,"트루시타엠정50/1000밀리그램(시타글립틴, 메트포르민)_(1정)",metformin
641908200,"트루시타엠정50/1000밀리그램(시타글립틴, 메트포르민)_(1정)",sitagliptin
641908210,"트루시타엠서방정50/750밀리그램(시타글립틴, 메트포르민)_(1정)",sitagliptin
641908250,아카브정60/40밀리그램_(1정),fimasartan
654701220,스포트라정(이트라코나졸고체분산체)_(0.253g/1정),itraconazole
641908260,아카브정30/40밀리그램_(1정),atorvastatin
641908380,"엘오공정10/5밀리그램(에제티미브, 아토르바스타틴)_(1정)",ezetimibe
642001620,듀오스크정5/10밀리그램_(1정),atorvastatin
642003770,로티미브정10/5밀리그램_(1정),rosuvastatin
642004990,"시타듀얼엑스알서방정50/500밀리그램(시타글립틴염산염수화물, 메트포르민염산염)_(1정)",sitagliptin
644302651,옴니헥솔주350(이오헥솔)(수출명:Unipaque350inj.)_(37.75g/50mL),iohexol
642004990,"시타듀얼엑스알서방정50/500밀리그램(시타글립틴염산염수화물, 메트포르민염산염)_(1정)",metformin
642005000,"시타듀얼엑스알서방정50/1000밀리그램(시타글립틴염산염수화물, 메트포르민염산염)_(1정)",metformin
642005000,"시타듀얼엑스알서방정50/1000밀리그램(시타글립틴염산염수화물, 메트포르민염산염)_(1정)",sitagliptin
642005010,"시타듀얼엑스알서방정100/1000밀리그램(시타글립틴염산염수화물, 메트포르민염산염)_(1정)",sitagliptin
646300021,비지파크주270밀리그람(요오딕사놀)_(27.5g/50mL),iodixanol
642005010,"시타듀얼엑스알서방정100/1000밀리그램(시타글립틴염산염수화물, 메트포르민염산염)_(1정)",metformin
642005020,"시타듀얼정50/850밀리그램(시타글립틴염산염수화물, 메트포르민염산염)_(1정)",metformin
642005030,"시타듀얼정50/500밀리그램(시타글립틴염산염수화물, 메트포르민염산염)_(1정)",metformin
642005030,"시타듀얼정50/500밀리그램(시타글립틴염산염수화물, 메트포르민염산염)_(1정)",sitagliptin
642005040,"시타듀얼정50/1000밀리그램(시타글립틴염산염수화물, 메트포르민염산염)_(1정)",metformin
657401722,퍼슨헥솔주350(이오헥솔)_(113.25g/150mL),iohexol
653404481,패티오돌주사(아이오다이즈드오일)_(12.8g/10mL),ethyl esters of the iodised fatty acids of poppyseed oil
642005040,"시타듀얼정50/1000밀리그램(시타글립틴염산염수화물, 메트포르민염산염)_(1정)",sitagliptin
653102670,튜비스정_(1정),ethambutol
642102231,캠테칸주(이리노테칸염산염)_(0.2g/10mL),irinotecan
655403281,레이팜300주사액(이오파미돌)_(18.36g/30mL),iopamidol
642104100,글라포민엠정1/500밀리그램_(1정),metformin
642104110,글라포민엠정2/500밀리그램_(1정),glimepiride
642104110,글라포민엠정2/500밀리그램_(1정),metformin
654900082,제네틱스300주사(이오비트리돌)_(65.81g/100mL),iobitridol
642104120,글라포민엠정1/250 밀리그램_(1정),metformin
655403291,레이팜370주사액(이오파미돌)_(22.656g/30mL),iopamidol
665505972,유니헥솔주350(이오헥솔)_(75.5g/100mL),iohexol
642104120,글라포민엠정1/250 밀리그램_(1정),glimepiride
642101491,유한메토트렉세이트주사액25밀리그람/밀리리터_(50mg/2mL),methotrexate
642104440,유한아스피린장용정(아스피린)_(0.1g/1정),aspirin
642104570,듀오웰정40/20밀리그램_(1정),rosuvastatin
642104590,듀오웰정80/10밀리그램_(1정),rosuvastatin
642104810,로수바미브정10/5밀리그램_(1정),rosuvastatin
642104820,로수바미브정10/10밀리그램_(1정),rosuvastatin
642105210,로수암핀정10/5밀리그램_(1정),amlodipine
642105380,듀오웰에이정80/5/10밀리그램_(1정),telmisartan
642105690,아토바미브정10/10밀리그램_(1정),atorvastatin
642105710,아토바미브정10/40밀리그램_(1정),atorvastatin
642105710,아토바미브정10/40밀리그램_(1정),ezetimibe
642105740,유한리바록사반정20밀리그램_(20mg/1정),rivaroxaban
642105820,듀오웰플러스정80/5/10밀리그램_(1정),telmisartan
642105830,듀오웰플러스정40/20/10밀리그램_(1정),telmisartan
642105830,듀오웰플러스정40/20/10밀리그램_(1정),ezetimibe
642105840,듀오웰플러스정40/10/10밀리그램_(1정),telmisartan
649500511,렉타신주(레보플록사신수화물)_(0.25623g/50mL),levofloxacin
642200630,부광돔페리돈정10밀리그램_(10mg/1정),domperidone
651900970,명인할로페리돌정1.5밀리그람_(1.5mg/1정),haloperidol
648900371,브이펜드주사200밀리그람(보리코나졸)(주사용)_(0.2g/1병),voriconazole
645207410,에이프로젠플루코나졸캡슐_(50mg/1캡슐),fluconazole
657800230,데이칸캡슐(플루코나졸)_(50mg/1캡슐),fluconazole
649104950,코코스텔서방캡슐_(1캡슐),ebastine
648903011,화이자메토트렉세이트주25mg/mL_(50mg/2mL),methotrexate
642201001,부광케토프로펜주100밀리그램_(0.1g/2mL),ketoprofen
660702891,메로엠주1g(메로페넴·건조탄산나트륨)_(1.208g/1병),meropenem
642201801,오르필주사액(발프로산나트륨)_(0.3g/3mL),sodium valproate
642203090,디아그릴엠정2/500밀리그램_(1정),metformin
642203090,디아그릴엠정2/500밀리그램_(1정),glimepiride
650100641,아이오브릭스주300(이오헥솔)_(6.47g/10mL),iohexol
642203430,리피스틴정10밀리그램(아토르바스타틴칼슘)_(10.36mg/1정),atorvastatin
643701970,이트라콘정(이트라코나졸고체분산체)_(0.253g/1정),itraconazole
642203440,리피스틴정20밀리그램(아토르바스타틴칼슘)_(20.72mg/1정),atorvastatin
650303941,쎄클래신건조시럽125mg/5mL(클래리트로마이신)_(2.5g/100mL),clarithromycin
642204770,라투다정120밀리그램(루라시돈염산염)_(0.12g/1정),lurasidone
671705720,클래리온정(클래리트로마이신)_(0.25g/1정),clarithromycin
640902420,클래리틴정(클래리트로마이신)_(0.25g/1정),clarithromycin
642204780,라투다정80밀리그램(루라시돈염산염)_(80mg/1정),lurasidone
693201080,클래린정(클래리트로마이신)_(0.25g/1정),clarithromycin
642204790,라투다정60밀리그램(루라시돈염산염)_(60mg/1정),lurasidone
670103821,클라비오건조시럽125mg/5mL(클래리트로마이신제피과립)_(2.5g/100mL),clarithromycin
642307640,삼성클래리트로마이신정250밀리그램_(0.25g/1정),clarithromycin
642204800,라투다정20밀리그램(루라시돈염산염)_(20mg/1정),lurasidone
642306280,아토로틴정(아토르바스타틴칼슘)_(10.36mg/1정),atorvastatin
642307200,아토로틴정20밀리그램(아토르바스타틴칼슘수화물)_(21.7mg/1정),atorvastatin
642307290,삼성로수바스타틴정5밀리그램(로수바스타틴칼슘)_(5.2mg/1정),rosuvastatin
649700890,크래밍정(수출명:MigralTab.)_(1정),caffeine
642307710,푸로날정150밀리그램(플루코나졸)_(0.15g/1정),fluconazole
642308490,삼토젯정10/40밀리그램_(1정),atorvastatin
642308510,삼토젯정10/10밀리그램_(1정),ezetimibe
642308510,삼토젯정10/10밀리그램_(1정),atorvastatin
642308580,삼시타플러스정50/500밀리그램_(1정),sitagliptin
646300123,옴니파큐300주(이오헥솔)_(32.35g/50mL),iohexol
650103282,아이오브릭스주320(이오헥솔)_(89.726g/130mL),iohexol
642308590,삼시타플러스정50/850밀리그램_(1정),metformin
650103271,아이오브릭스주270(이오헥솔)_(58.24g/100mL),iohexol
642308620,삼시타플러스정50/1000밀리그램_(1정),metformin
646300126,옴니파큐300주(이오헥솔)_(323.5g/500mL),iohexol
642308620,삼시타플러스정50/1000밀리그램_(1정),sitagliptin
642403370,글리매핀엠정2/500밀리그램_(1정),metformin
642403370,글리매핀엠정2/500밀리그램_(1정),glimepiride
642403840,크레아진정10mg(로수바스타틴칼슘)_(10.4mg/1정),rosuvastatin
642404930,자렉스정10밀리그램(리바록사반(미분화))_(10mg/1정),rivaroxaban
642404950,자렉스정20밀리그램(리바록사반(미분화))_(20mg/1정),rivaroxaban
645403900,제이코나정100밀리그램(이트라코나졸고체분산체)_(0.253g/1정),itraconazole
642404980,자렉스정2.5밀리그램(리바록사반(미분화))_(2.5mg/1정),rivaroxaban
642405170,아토바진정10밀리그램(아토르바스타틴칼슘수화물)_(10.85mg/1정),atorvastatin
642405190,"아토바진플러스정10/20밀리그램(에제티미브,아토르바스타틴칼슘삼수화물)_(1정)",atorvastatin
642405200,"아토바진플러스정10/40밀리그램(에제티미브,아토르바스타틴칼슘삼수화물)_(1정)",ezetimibe
642500640,리피논정20밀리그램(아토르바스타틴칼슘삼수화물)_(21.7mg/1정),atorvastatin
642505070,리피논정10밀리그램(아토르바스타틴칼슘삼수화물)_(10.85mg/1정),atorvastatin
642506660,글리멜엠정1/250밀리그램_(1정),glimepiride
642506670,글리멜엠정2/500밀리그램_(1정),metformin
650100665,아이오브릭스주350(이오헥솔)_(113.25g/150mL),iohexol
642507400,투게논정5/8밀리그램_(1정),rosuvastatin
694000290,베라칸서방캡슐37.5밀리그램(벤라팍신염산염)_(42.42mg/1캡슐),venlafaxine
642700230,돔피돈정(돔페리돈말레산염)_(12.72mg/1정),domperidone
648502740,에바드린서방캡슐_(1캡슐),pseudoephedrine
651901010,명인할로페리돌정5밀리그램_(5mg/1정),haloperidol
651900890,"명인트라조돈캅셀25밀리그람_(트라조돈염산염, 25mg/1캡슐)",trazodone
642701320,맥페란정(메토클로프라미드)_(3.84mg/1정),metoclopramide
646901601,인베가서스티나주사234mg(팔리페리돈팔미테이트)_(0.234g/1.5mL),paliperidone
653102371,그라트릴주(그라니세트론염산염)_(3.36mg/3mL),granisetron
55101030,레보투정500밀리그램(레보플록사신수화물)_(0.5123/1정),levofloxacin
651904200,트리레보정100/25/200mg_(1정),entacapone
642701341,맥페란주사액2밀리리터(메토클로프라미드염산염수화물)_(10mg/2mL),metoclopramide
642702150,심바틴정20밀리그람(수출명:Austin)(심바스타틴)_(20mg/1정),simvastatin
669907291,클래마신건조시럽250mg/5mL(클래리트로마이신)_(3.5g/70mL),clarithromycin
670500643,비알클래건조시럽250mg/5mL(클래리트로마이신)_(3.5g/70mL),clarithromycin
621803320,클라리신정500mg(클래리트로마이신)_(0.5g/1정),clarithromycin
645101542,보노렉스350주(이오헥솔)_(75.5g/100mL/관),iohexol
642705790,글리필엠정2/500밀리그램_(1정),metformin
642706310,아토스타정20밀리그램(아토르바스타틴칼슘삼수화물)_(21.7mg/1정),atorvastatin
642707030,아토스타젯정10/10밀리그램_(1정),atorvastatin
642707030,아토스타젯정10/10밀리그램_(1정),ezetimibe
642707050,아토스타젯정10/40밀리그램_(1정),ezetimibe
642707070,리바코르정15밀리그램(리바록사반)_(15mg/1정),rivaroxaban
645104531,보노렉스300주(이오헥솔)_(80.875g/125mL/관(COC)),iohexol
642707230,테디엠메트서방정20/1000밀리그램_(1정),teneligliptin
642707230,테디엠메트서방정20/1000밀리그램_(1정),metformin
642707240,테디엠메트서방정10/500밀리그램_(1정),teneligliptin
642707240,테디엠메트서방정10/500밀리그램_(1정),metformin
642707250,테디엠메트서방정10/750밀리그램_(1정),teneligliptin
654900104,제네틱스350주사(이오비트리돌)_(383.9g/500mL),iobitridol
642707290,시트디엠메트서방정50/1000밀리그램_(1정),metformin
642707300,시트디엠메트서방정100/1000밀리그램_(1정),sitagliptin
650101715,아이오브릭스주300(이오헥솔)_(84.11g/130mL),iohexol
642707310,시트디엠메트서방정50/500밀리그램_(1정),sitagliptin
642707310,시트디엠메트서방정50/500밀리그램_(1정),metformin
642707420,시트디엠메트정50/500밀리그램_(1정),metformin
642707420,시트디엠메트정50/500밀리그램_(1정),sitagliptin
642707430,시트디엠메트정50/850밀리그램_(1정),metformin
642707440,시트디엠메트정50/1000밀리그램_(1정),metformin
642801590,플루코나캡슐(플루코나졸)_(50mg/1캡슐),fluconazole
642803350,리포듀오정10/10밀리그램_(1정),ezetimibe
642803360,리포듀오정10/20밀리그램_(1정),ezetimibe
642803380,자네트정10밀리그램(리바록사반)_(10mg/1정),rivaroxaban
642803390,자네트정15밀리그램(리바록사반)_(15mg/1정),rivaroxaban
642803400,자네트정20밀리그램(리바록사반)_(20mg/1정),rivaroxaban
645701470,클라리움정(클래리트로마이신)_(0.25g/1정),clarithromycin
642900890,심바롤정(심바스타틴)_(20mg/1정),simvastatin
650204030,슈클래리정250밀리그램(클래리트로마이신)_(0.25g/1정),clarithromycin
642902850,리피스톱정20밀리그램(아토르바스타틴칼슘삼수화물)_(21.7mg/1정),atorvastatin
642903770,리피스톱정10밀리그램(아토르바스타틴칼슘삼수화물)_(10.85mg/1정),atorvastatin
646300032,비지파크주320밀리그람(요오딕사놀)_(65.2g/100mL),iodixanol
642904270,글리팜엠정2/500밀리그램_(1정),glimepiride
642904270,글리팜엠정2/500밀리그램_(1정),metformin
646300128,옴니파큐300주(이오헥솔)_(80.875g/125mL/병(PP)),iohexol
642906010,텔로스톱플러스정40/5/5밀리그램_(1정),amlodipine
642906010,텔로스톱플러스정40/5/5밀리그램_(1정),telmisartan
642906520,아토미브정10/20밀리그램_(1정),ezetimibe
642906520,아토미브정10/20밀리그램_(1정),atorvastatin
642906530,아토미브정10/10밀리그램_(1정),atorvastatin
642906540,아토미브정10/40밀리그램_(1정),ezetimibe
642906710,시타콤비정50/500밀리그램_(1정),sitagliptin
642906710,시타콤비정50/500밀리그램_(1정),metformin
646300124,옴니파큐300주(이오헥솔)_(64.7g/100mL),iohexol
642906720,시타콤비정50/1000밀리그램_(1정),metformin
650100244,레디센스주300(이오파미돌)_(61.2g/100mL),iopamidol
642906730,시타콤비정50/850밀리그램_(1정),metformin
642906730,시타콤비정50/850밀리그램_(1정),sitagliptin
642906750,시타콤비엑스알서방정50/500밀리그램_(1정),sitagliptin
642906750,시타콤비엑스알서방정50/500밀리그램_(1정),metformin
644302643,옴니헥솔주300(이오헥솔)(수출명:Unipaque300inj.)_(97.05g/150mL),iohexol
642906760,시타콤비엑스알서방정50/1000밀리그램_(1정),sitagliptin
642906760,시타콤비엑스알서방정50/1000밀리그램_(1정),metformin
646300101,옴니파큐240주(이오헥솔)_(25.9g/50mL/병(PP)),iohexol
642906770,시타콤비엑스알서방정100/1000밀리그램_(1정),sitagliptin
642906770,시타콤비엑스알서방정100/1000밀리그램_(1정),metformin
694204920,클라토민정250밀리그램(클래리트로마이신)_(0.25g/1정),clarithromycin
643103210,바이테롤정 10/10_(1정),ezetimibe
658603590,이연클래리트로마이신정500밀리그램_(0.5g/1정),clarithromycin
643103210,바이테롤정 10/10_(1정),simvastatin
643103220,바이테롤정 10/20_(1정),simvastatin
647303930,클래리드정250밀리그램(클래리트로마이신)_(0.25g/1정),clarithromycin
643103220,바이테롤정 10/20_(1정),ezetimibe
643301480,심바로드정20밀리그람(심바스타틴)_(20mg/1정),simvastatin
643104840,바이피토정20밀리그램(아토르바스타틴칼슘수화물)_(21.7mg/1정),atorvastatin
643105600,티네글립엠서방정10/500밀리그램_(1정),teneligliptin
643105600,티네글립엠서방정10/500밀리그램_(1정),metformin
643105610,티네글립엠서방정10/750밀리그램_(1정),teneligliptin
657401723,퍼슨헥솔주350(이오헥솔)_(90.6g/120mL),iohexol
643105620,티네글립엠서방정20/1000밀리그램_(1정),metformin
643105620,티네글립엠서방정20/1000밀리그램_(1정),teneligliptin
650100634,아이오브릭스주240(이오헥솔)_(67.34g/130mL),iohexol
643105750,넥스글립틴듀오정50/1000밀리그램_(1정),sitagliptin
643105750,넥스글립틴듀오정50/1000밀리그램_(1정),metformin
643105760,넥스글립틴듀오정50/500밀리그램_(1정),metformin
643105760,넥스글립틴듀오정50/500밀리그램_(1정),sitagliptin
643105770,넥스글립틴듀오정50/850밀리그램_(1정),metformin
643105770,넥스글립틴듀오정50/850밀리그램_(1정),sitagliptin
645102953,보노렉스300주(이오헥솔)(수출명: IOHEXOL 300 Inj.)_(84.11g/130mL),iohexol
646901640,프레지스타정400밀리그램(다루나비르에탄올레이트)_(0.43364g/1정),darunavir ethanolate
643200170,동성심바스타틴정(수출명: 도파소정)_(20mg/1정),simvastatin
645203921,에이프로젠클래리트로마이신건조시럽125mg/5mL_(2.5g/100mL),clarithromycin
670601380,시바스정(심바스타틴)_(20mg/1정),simvastatin
657200830,트리람정0.25밀리그램(트리아졸람)_(0.25mg/1정),triazolam
671700370,마이트라캡슐(이트라코나졸)_(0.1g/1캡슐),itraconazole
643201470,카로디엣정5mg/10mg_(1정),atorvastatin
643201470,카로디엣정5mg/10mg_(1정),amlodipine
643202370,아바스타정10밀리그램(아토르바스타틴칼슘)_(10.36mg/1정),atorvastatin
643203010,동성로수바스타틴정10밀리그램(로수바스타틴칼슘)_(10.4mg/1정),rosuvastatin
643300660,리피로우정20밀리그램(아토르바스타틴칼슘삼수화물)_(21.7mg/1정),atorvastatin
643300670,리피로우정40밀리그램(아토르바스타틴칼슘삼수화물)_(43.4mg/1정),atorvastatin
642101501,유한메토트렉세이트주사액25밀리그람/밀리리터_(0.5g/20mL),methotrexate
643300740,멜락스캡슐7.5밀리그램(멜록시캄)_(7.5mg/1캡슐),meloxicam
651601750,크로마이신정250밀리그램(클래리트로마이신)_(0.25g/1정),clarithromycin
643301490,심바로드정40밀리그램(심바스타틴)_(40mg/1정),simvastatin
661904300,영풍클래리트로마이신정500밀리그램_(0.5g/1정),clarithromycin
693902630,펠로디온지속정5밀리그램(펠로디핀)_(5mg/1정),felodipine
643304610,리피로우정10밀리그램(아토르바스타틴칼슘삼수화물)_(10.85mg/1정),atorvastatin
643304820,카디페어정5/10mg_(1정),amlodipine
643304820,카디페어정5/10mg_(1정),atorvastatin
643507880,테포비어정(테노포비르디소프록실인산염)_(0.292g/1정),tenofovir disoproxil
643305760,에버헤파정10밀리그램(아데포비어디피복실)_(10mg/1정),adefovir dipivoxil
643306120,네오마릴엠정1/250밀리그램_(1정),metformin
643306120,네오마릴엠정1/250밀리그램_(1정),glimepiride
643306130,네오마릴엠정2/500밀리그램_(1정),metformin
643306130,네오마릴엠정2/500밀리그램_(1정),glimepiride
643306230,네오마릴엠정1/500밀리그램_(1정),metformin
643306230,네오마릴엠정1/500밀리그램_(1정),glimepiride
643306990,시타폴민정50/1000밀리그램_(1정),metformin
643306990,시타폴민정50/1000밀리그램_(1정),sitagliptin
643307050,시타폴민정50/500밀리그램_(1정),metformin
643307050,시타폴민정50/500밀리그램_(1정),sitagliptin
643307070,시타폴민정50/850밀리그램_(1정),metformin
643307070,시타폴민정50/850밀리그램_(1정),sitagliptin
645101541,보노렉스350주(이오헥솔)_(98.15g/130mL/관),iohexol
643307370,시타폴민엑스알서방정100/1000밀리그램_(1정),sitagliptin
643307370,시타폴민엑스알서방정100/1000밀리그램_(1정),metformin
655404151,레이헥솔주350(이오헥솔)_(75.5g/100mL),iohexol
643307380,시타폴민엑스알서방정50/1000밀리그램_(1정),sitagliptin
643307380,시타폴민엑스알서방정50/1000밀리그램_(1정),metformin
655404143,레이헥솔주300(이오헥솔)_(97.05g/150mL),iohexol
643307390,시타폴민엑스알서방정50/500밀리그램_(1정),sitagliptin
643307390,시타폴민엑스알서방정50/500밀리그램_(1정),metformin
643308410,리록시아정10밀리그램(리바록사반)_(10mg/1정),rivaroxaban
643308420,리록시아정20밀리그램(리바록사반)_(20mg/1정),rivaroxaban
643308460,리록시아정15밀리그램(리바록사반)_(15mg/1정),rivaroxaban
643502200,이트라정100밀리그램(이트라코나졸)_(0.1g/1정),itraconazole
643308520,리록시아캡슐2.5밀리그램(리바록사반)_(2.5mg/1캡슐),rivaroxaban
643308630,리피로우젯정10/10밀리그램_(1정),atorvastatin
658601490,이연이트라코나졸정(이트라코나졸고체분산체)_(0.253g/1정),itraconazole
643308650,리피로우젯정10/40밀리그램_(1정),atorvastatin
643308650,리피로우젯정10/40밀리그램_(1정),ezetimibe
643308890,칸타벨에이정8/5/10밀리그램_(1정),candesartan cilexetil
643308900,칸타벨에이정16/5/20밀리그램_(1정),amlodipine
643308900,칸타벨에이정16/5/20밀리그램_(1정),candesartan cilexetil
643308910,칸타벨에이정16/10/40밀리그램_(1정),amlodipine
643308910,칸타벨에이정16/10/40밀리그램_(1정),atorvastatin
643308990,텔미로젯정40/20/10밀리그램_(1정),ezetimibe
643309600,자누메트정50/500밀리그램_(1정),sitagliptin
643309600,자누메트정50/500밀리그램_(1정),metformin
643309610,자누메트정50/1000밀리그램_(1정),metformin
643309610,자누메트정50/1000밀리그램_(1정),sitagliptin
645101519,보노렉스300주(이오헥솔)(수출명: IOHEXOL 300 Inj.)_(323.5g/500mL/백),iohexol
643309620,자누메트정50/850밀리그램_(1정),sitagliptin
643309620,자누메트정50/850밀리그램_(1정),metformin
650100653,아이오브릭스주300(이오헥솔)_(25.88g/40mL),iohexol
643309730,토파셀정10밀리그램(토파시티닙시트르산염)_(16.156mg/1정),tofacitinib
643309780,"리피로우젯정10/5밀리그램(에제티미브,아토르바스타틴)_(1정)",atorvastatin
643309780,"리피로우젯정10/5밀리그램(에제티미브,아토르바스타틴)_(1정)",ezetimibe
643310210,자누메트엑스알서방정50/500밀리그램_(1정),metformin
646300125,옴니파큐300주(이오헥솔)_(97.05g/150mL),iohexol
643310230,자누메트엑스알서방정100/1000밀리그램_(1정),sitagliptin
642801370,클라로마정(클래리트로마이신)_(0.25g/1정),clarithromycin
643501470,심바스트정40밀리그램(심바스타틴)_(40mg/1정),simvastatin
642201070,부광페니토인캡슐100밀리그램_(0.1g/1캡슐),diphenylhydantoin
643502141,이노테칸주(이리노테칸염산염)_(0.1g/5mL),irinotecan
643300580,리포덱스정300밀리그람(리팜피신)_(0.3g/1정),rifampicin
659901761,메토젝트주50mg/mL(메토트렉세이트)_(15mg/0.3mL),methotrexate
643502185,이부서스펜시럽(이부프로펜)_(20g/1000mL),ibuprofen
643503650,토바스트정20밀리그램(아토르바스타틴칼슘삼수화물)_(20.72mg/1정),atorvastatin
643504590,뉴바스트정40밀리그램(아토르바스타틴스트론튬오수화물)_(46.38mg/1정),atorvastatin strontium pentahydrate
643504600,뉴바스트정80밀리그램(아토르바스타틴스트론튬오수화물)_(92.76mg/1정),atorvastatin strontium pentahydrate
664600121,노르핀주(노르에피네프린타르타르산염수화물)_(40mg/20mL),norepinephrine
643505590,투브롤패취2밀리그램(툴로부테롤)_(3.2X3.2㎠/1매),tulobuterol
643506130,토바스트정40밀리그램(아토르바스타틴칼슘삼수화물)_(41.44mg/1정),atorvastatin
643506350,그리메폴서방정2/500밀리그램_(1정),glimepiride
643506350,그리메폴서방정2/500밀리그램_(1정),metformin
643506680,"로벨리토정150/10밀리그램(이르베사르탄,아토르바스타틴)_(1정)",irbesartan
644904740,히트라졸정(이트라코나졸고체분산체)(수출명:CHOONGWAEHITRAZOLEtab.)_(0.253g/1정),itraconazole
643506771,플루테롤흡입용캡슐500/50_(60캡슐),salmeterol xinafoate
643506880,"로벨리토정300/10밀리그램(이르베사르탄,아토르바스타틴)_(1정)",irbesartan
643506890,"로벨리토정300/20밀리그램(이르베사르탄,아토르바스타틴)_(1정)",irbesartan
643507270,로수젯정10/20밀리그램_(1정),rosuvastatin
643507280,로수젯정10/5밀리그램_(1정),ezetimibe
643502700,한미클래리정500밀리그램(클래리트로마이신)_(0.5g/1정),clarithromycin
643507340,실도신캡슐8밀리그램(실로도신)_(8mg/1캡슐),silodosin
650101150,클래릭스정500밀리그람(클래리트로마이신)_(0.5g/1정),clarithromycin
643507370,"시타메트엑스알서방정50/500밀리그램(시타글립틴, 메트포르민)_(1정)",sitagliptin
643507370,"시타메트엑스알서방정50/500밀리그램(시타글립틴, 메트포르민)_(1정)",metformin
665505966,유니헥솔주300(이오헥솔)_(97.05g/150mL),iohexol
643507380,"시타메트엑스알서방정50/1000밀리그램(시타글립틴, 메트포르민)_(1정)",metformin
643507380,"시타메트엑스알서방정50/1000밀리그램(시타글립틴, 메트포르민)_(1정)",sitagliptin
643507620,리록스반정10밀리그램(리바록사반)_(10mg/1정),rivaroxaban
643507860,"아모잘탄큐정5/100/10밀리그램(암로디핀,로사르탄,로수바스타틴)_(1정)",losartan
643508330,아모잘탄엑스큐정 5/100/10/10밀리그램_(1정),ezetimibe
643508330,아모잘탄엑스큐정 5/100/10/10밀리그램_(1정),losartan
643508340,아모잘탄엑스큐정 5/50/5/10밀리그램_(1정),ezetimibe
643508350,아모잘탄엑스큐정 5/50/20/10밀리그램_(1정),ezetimibe
643508350,아모잘탄엑스큐정 5/50/20/10밀리그램_(1정),amlodipine
643508360,아모잘탄엑스큐정 5/50/10/10밀리그램_(1정),losartan
643508420,"빌다글메트정50/500밀리그램(빌다글립틴,메트포르민)_(1정)",vildagliptin
643508420,"빌다글메트정50/500밀리그램(빌다글립틴,메트포르민)_(1정)",metformin
643508430,"빌다글메트정50/850밀리그램(빌다글립틴,메트포르민)_(1정)",vildagliptin
643508440,"빌다글메트정50/1000밀리그램(빌다글립틴,메트포르민)_(1정)",vildagliptin
643508440,"빌다글메트정50/1000밀리그램(빌다글립틴,메트포르민)_(1정)",metformin
643509020,아모잘탄엑스큐정 5/50/2.5/10밀리그램_(1정),losartan
643605150,다비듀오정10/5밀리그램_(1정),rosuvastatin
643605160,다비듀오정10/20밀리그램_(1정),ezetimibe
643605160,다비듀오정10/20밀리그램_(1정),rosuvastatin
643605170,다비듀오정10/10밀리그램_(1정),rosuvastatin
643605350,네오아토정20밀리그램(아토르바스타틴칼슘수화물)_(21.7mg/1정),atorvastatin
643605430,로타칸정 5/8밀리그램_(1정),candesartan cilexetil
643606070,아젯듀오정10/10밀리그램_(1정),atorvastatin
643606070,아젯듀오정10/10밀리그램_(1정),ezetimibe
643606080,아젯듀오정10/20밀리그램_(1정),atorvastatin
643606170,네오록사반정20밀리그램(리바록사반)_(20mg/1정),rivaroxaban
643606210,로제텔정80/20/10밀리그램_(1정),rosuvastatin
643606310,네오록사반정2.5밀리그램(리바록사반)_(2.5mg/1정),rivaroxaban
643606370,"폴민시타서방정50/500밀리그램(시타글립틴염산염수화물, 메트포르민염산염)_(1정)",metformin
643606370,"폴민시타서방정50/500밀리그램(시타글립틴염산염수화물, 메트포르민염산염)_(1정)",sitagliptin
643606380,"폴민시타서방정50/1000밀리그램(시타글립틴염산염수화물, 메트포르민염산염)_(1정)",metformin
643606380,"폴민시타서방정50/1000밀리그램(시타글립틴염산염수화물, 메트포르민염산염)_(1정)",sitagliptin
643606390,"폴민시타서방정100/1000밀리그램(시타글립틴염산염수화물, 메트포르민염산염)_(1정)",sitagliptin
643606390,"폴민시타서방정100/1000밀리그램(시타글립틴염산염수화물, 메트포르민염산염)_(1정)",metformin
645101523,보노렉스350주(이오헥솔)_(75.5g/100mL),iohexol
643606400,로제텔핀정40/5/10/5밀리그램_(1정),telmisartan
643606410,로제텔핀정80/20/10/5밀리그램_(1정),rosuvastatin
643606440,로제텔핀정40/20/10/5밀리그램_(1정),telmisartan
643606530,"다비듀오정10/2.5밀리그램(에제티미브, 로수바스타틴칼슘)_(1정)",rosuvastatin
643701050,란스터캡슐(란소프라졸)_(30mg/1캡슐),lansoprazole
643703650,아페코정20밀리그램(아토르바스타틴칼슘수화물)_(21.69mg/1정),atorvastatin
641903640,클라릭정500밀리그램(클래리트로마이신)_(0.5g/1정),clarithromycin
643704530,브릴러정90밀리그램(티카그렐러)_(90mg/1정),ticagrelor
643704650,피오비스정15/850밀리그램_(1정),metformin
655404154,레이헥솔주350(이오헥솔)_(37.75g/50mL),iohexol
643704650,피오비스정15/850밀리그램_(1정),pioglitazone
643705130,아페젯정10/10밀리그램_(1정),ezetimibe
643705130,아페젯정10/10밀리그램_(1정),atorvastatin
643705280,테넬디엠서방정20/1000밀리그램_(1정),metformin
643705280,테넬디엠서방정20/1000밀리그램_(1정),teneligliptin
643705290,테넬디엠서방정10/750밀리그램_(1정),metformin
643705300,테넬디엠서방정10/500밀리그램_(1정),metformin
643705300,테넬디엠서방정10/500밀리그램_(1정),teneligliptin
643705430,자누디엠서방정50/500밀리그램_(1정),metformin
643705440,자누디엠서방정50/1000밀리그램_(1정),sitagliptin
643705450,자누디엠서방정100/1000밀리그램_(1정),metformin
654900102,제네틱스350주사(이오비트리돌)_(76.78g/100mL),iobitridol
643705460,자누디엠정50/1000밀리그램_(1정),metformin
643705460,자누디엠정50/1000밀리그램_(1정),sitagliptin
665505962,유니헥솔주300(이오헥솔)_(64.7g/100mL),iohexol
643705470,자누디엠정50/850밀리그램_(1정),metformin
643705480,자누디엠정50/500밀리그램_(1정),metformin
670607880,아피퀴스정5밀리그램(아픽사반)_(5mg/1정),apixaban
679700331,메토젝트주50mg/mL(메토트렉세이트)_(20mg/0.4mL),methotrexate
643900680,셉트린정_(1정),trimethoprim
643504300,타리무스캡슐0.5밀리그램(타크로리무스수화물)_(0.51mg/1캡슐),tacrolimus
643904240,토파잭트정10밀리그램(토파시티닙시트르산염)_(16.155mg/1정),tofacitinib
644003180,메디롤엠정2/500밀리그램_(1정),metformin
644003180,메디롤엠정2/500밀리그램_(1정),glimepiride
644003640,바로스타틴정20mg(아토르바스타틴칼슘)_(20.72mg/1정),atorvastatin
644004530,바로다운정10/10밀리그램_(1정),atorvastatin
644004530,바로다운정10/10밀리그램_(1정),ezetimibe
644004540,바로다운정10/20밀리그램_(1정),ezetimibe
644004550,바로다운정10/40밀리그램_(1정),ezetimibe
644004550,바로다운정10/40밀리그램_(1정),atorvastatin
644004600,자누맥스엠정50/1000밀리그램_(1정),sitagliptin
644004600,자누맥스엠정50/1000밀리그램_(1정),metformin
644004640,자누맥스엠엑스알서방정50/500밀리그램_(1정),metformin
644004650,자누맥스엠엑스알서방정50/1000밀리그램_(1정),sitagliptin
644004650,자누맥스엠엑스알서방정50/1000밀리그램_(1정),metformin
644004660,자누맥스엠엑스알서방정100/1000밀리그램_(1정),metformin
644004660,자누맥스엠엑스알서방정100/1000밀리그램_(1정),sitagliptin
644004790,"자누맥스엠정50/850밀리그램(시타글립틴인산염수화물,메트포르민염산염)_(1정)",metformin
644004790,"자누맥스엠정50/850밀리그램(시타글립틴인산염수화물,메트포르민염산염)_(1정)",sitagliptin
644004800,"자누맥스엠정50/500밀리그램(시타글립틴인산염수화물,메트포르민염산염)_(1정)",metformin
644004800,"자누맥스엠정50/500밀리그램(시타글립틴인산염수화물,메트포르민염산염)_(1정)",sitagliptin
648506551,메로신주1그램(메로페넴수화물·건조탄산나트륨)_(1.208g/1병),meropenem
644200100,데파코트스프링클캅셀(디발프로엑스나트륨입자)_(0.2263g/1캡슐),divalproex sodium particle
55500040,라리암정250밀리그램(메플로퀸염산염)_(0.27409g/1정),mefloquine
640904040,리사반정2.5밀리그램(아픽사반)_(2.5mg/1정),apixaban
644301880,심펙스정(심바스타틴)(수출명:Simtano)_(20mg/1정),simvastatin
690303570,테넬리탁듀오서방정20/1000밀리그램_(1정),metformin
653007090,"파마엠파로우듀오정5/850밀리그램(엠파글리플로진,메트포르민염산염)_(1정)",empagliflozin
671807850,트라리틴콤비서방정5/1000밀리그램_(1정),linagliptin
694004310,"자누플로멧서방정10/100/1000밀리그램(다파글리플로진,시타글립틴,메트포르민)_(1정)",metformin
650700910,콤비글라이즈서방정5/1000밀리그램_(1정),metformin
671707050,테네글리엠서방정10/750밀리그램_(1정),metformin
670609310,"휴시가듀오서방정10/1000밀리그램(다파글리플로진, 메트포르민)_(1정)",metformin
661905700,"자디플로진엠정5/1000밀리그램(엠파글리플로진,메트포르민염산염)_(1정)",empagliflozin
652105460,테넬리아엠서방정10/500밀리그램_(1정),teneligliptin
643601030,메트그린에스알정500밀리그람(염산메트포르민)_(0.5g/1정),metformin
652105480,테넬리아엠서방정20/1000밀리그램_(1정),teneligliptin
657308980,"리나탑듀오서방정5/1000밀리그램(리나글립틴,메트포르민염산염)_(1정)",linagliptin
654006180,"글리젠타듀오서방정2.5/1000밀리그램(리나글립틴,메트포르민염산염)_(1정)",linagliptin
649808200,메토포르서방정(메트포르민염산염)_(0.5g/1정),metformin
644915230,"자디메트정12.5/850밀리그램(엠파글리플로진,메트포르민염산염)_(1정)",metformin
646004880,메트글루서방정500밀리그램(메트포르민염산염)_(0.5g/1정),metformin
694004090,"포시다파엠서방정10/500밀리그램(다파글리플로진프로판디올수화물,메트포르민염산염)_(1정)",dapagliflozin
646005690,"다파글엠서방정10/500밀리그램(다파글리플로진프로판디올수화물,메트포르민염산염)_(1정)",metformin
643606860,"폴민리나서방정2.5/750밀리그램(리나글립틴,메트포르민염산염)_(1정)",metformin
644302653,옴니헥솔주350(이오헥솔)(수출명:Unipaque350inj.)_(113.25g/150mL),iohexol
663608790,"리나맥스서방정5/1000밀리그램(리나글립틴, 메트포르민염산염)_(1정)",metformin
641908650,"트루디에스엠서방정5/50/1000밀리그램(다파글리플로진,시타글립틴,메트포르민)_(1정)",dapagliflozin
660703840,리트라젠듀오정2.5/850mg_(1정),linagliptin
670105550,"나리젠타듀오서방정 5/1000밀리그램(리나글립틴,메트포르민염산염)_(1정)",linagliptin
645307220,"엠파로엠정5/1000밀리그램(엠파글리플로진,메트포르민염산염)_(1정)",empagliflozin
643309330,듀비메트에스서방정0.5/100/1000밀리그램_(1정),metformin
694004250,"트라이나엠정2.5/1000밀리그램(리나글립틴,메트포르민)_(1정)",metformin
653405790,"시타칸다플메트서방정10/100/1000밀리그램(다파글리플로진,시타글립틴,메트포르민)_(1정)",metformin
643105650,다메트서방정10/1000밀리그램_(1정),metformin
642507900,"엠파프로메트서방정25/1000밀리그램(엠파글리플로진,메트포르민)_(1정)",metformin
652904770,"엠파벡스정12.5/1000밀리그램(엠파글리플로진,메트포르민염산염)_(1정)",empagliflozin
643508940,"엠파론듀오서방정10/1000밀리그램(엠파글리플로진,메트포르민)_(1정)",metformin
670609580,"휴디앙듀오서방정5/1000밀리그램(엠파글리플로진,메트포르민)_(1정)",metformin
670609570,"휴디앙듀오서방정12.5/1000밀리그램(엠파글리플로진,메트포르민)_(1정)",metformin
644308240,글리마릴엠정2/500밀리그램_(1정),metformin
651503550,이라트졸정(이트라코나졸고체분산체)_(0.253g/1정),itraconazole
644308440,뉴펙스정20밀리그램(아토르바스타틴칼슘수화물)_(21.7mg/1정),atorvastatin
644308810,뉴펙스듀오정5mg/10mg_(1정),amlodipine
644308820,뉴펙스듀오정5mg/20mg_(1정),amlodipine
644308820,뉴펙스듀오정5mg/20mg_(1정),atorvastatin
644308910,에소놀캡슐20mg(에스오메프라졸마그네슘이수화물)_(21.68mg/1캡슐),esomeprazole
643502671,클래리건조시럽125mg/5ml(클래리트로마이신)_(2.5g/100mL),clarithromycin
644309030,심펙스듀오정10/20mg_(1정),ezetimibe
653403081,클리로신건조시럽125밀리그램/5밀리리터(클래리트로마이신)_(2.5g/100mL),clarithromycin
644309030,심펙스듀오정10/20mg_(1정),simvastatin
646901650,프레지스타정600밀리그램(다루나비르에탄올레이트)_(0.65046g/1정),darunavir ethanolate
642801380,클라로마정500밀리그람(클래리트로마이신)_(0.5g/1정),clarithromycin
644309050,심펙스듀오정10/10mg_(1정),ezetimibe
644309050,심펙스듀오정10/10mg_(1정),simvastatin
657202650,클래트론정500밀리그램(클래리트로마이신)_(0.5g/1정),clarithromycin
678601290,리클래신정250밀리그램(클래리트로마이신)_(0.25g/1정),clarithromycin
624900080,노비르정(리토나비르)_(0.1g/1정),ritonavir
58200010,클라오정250mg(클래리트로마이신)_(0.25g/1정),clarithromycin
644309340,티글러정60밀리그램(티카그렐러)_(60mg/1정),ticagrelor
649404570,영일클래리스로마이신정250mg_(0.25g/1정),clarithromycin
650203811,슈클래리건조시럽250mg/5mL(클래리트로마이신제피과립)_(3.5g/70mL),clarithromycin
644309630,"아트맥콤비젤연질캡슐10/1000밀리그램(아토르바스타틴,오메가-3-산에틸에스테르90)_(1캡슐)",omega-3-acid ethyl esters90
644309630,"아트맥콤비젤연질캡슐10/1000밀리그램(아토르바스타틴,오메가-3-산에틸에스테르90)_(1캡슐)",atorvastatin
646005020,이트코나캡슐100밀리그램(이트라코나졸)_(0.1g/1캡슐),itraconazole
644309660,힐러스메트정_(1정),metformin
644309660,힐러스메트정_(1정),vildagliptin
644309720,"비아틴엠정50/500밀리그램(시타글립틴,메트포르민)_(1정)",sitagliptin
644309720,"비아틴엠정50/500밀리그램(시타글립틴,메트포르민)_(1정)",metformin
650100655,아이오브릭스주300(이오헥솔)_(64.7g/100mL),iohexol
644309740,"로수맥콤비젤연질캡슐5/1000밀리그램(로수바스타틴, 오메가3산에틸에스테르90)_(1캡슐)",rosuvastatin
644309810,"로수맥콤비젤연질캡슐10/1000밀리그램(로수바스타틴,오메가3산에틸에스테르90)_(1캡슐)",omega-3-acid ethyl esters90
644309850,"아트맥콤비젤연질캡슐20/1000밀리그램(아토르바스타틴,오메가-3-산에틸에스테르90)_(1캡슐)",omega-3-acid ethyl esters90
644304520,푸리네톤정(메르캅토푸린수화물)(수출명:CatoprineTabs.)_(50mg/1정),mercaptopurine
644502230,유리가트정40밀리그램(페북소스타트)_(40mg/1정),febuxostat
644503180,유로바젯정10/20밀리그램_(1정),rosuvastatin
644503250,유토젯정10/10mg_(1정),atorvastatin
644503260,유토젯정10/20mg_(1정),ezetimibe
644503280,유바로정15밀리그램(리바록사반)_(15mg/1정),rivaroxaban
644503290,유바로정10밀리그램(리바록사반)_(10mg/1정),rivaroxaban
657401691,퍼슨파리칼시톨주_(5μg/1mL),paricalcitol
644503530,알파키연질캡슐0.5마이크로그램(알파칼시돌)_(0.5㎍/1캡슐),alfacalcidol
644602690,아바큐정10mg(아토르바스타틴칼슘수화물)_(10.85mg/1정),atorvastatin
651900940,명인피모짓4밀리그람정_(4mg/1정),pimozide
657202920,트리람정0.125밀리그램(트리아졸람)_(0.125mg/1정),triazolam
644603110,조아플루코나졸캡슐50mg_(50mg/1캡슐),fluconazole
648902971,화이자메토트렉세이트주1g_(1g/10mL),methotrexate
644603170,멜록캡슐7.5mg(멜록시캄)_(7.5mg/1캡슐),meloxicam
644901641,엠티엑스주(메토트렉세이트)_(50mg/2mL),methotrexate
644702220,트라스트패취(피록시캄)(수출명:미포톱)_(6.8X5.2㎠/1매),piroxicam
644704850,토스젯정10/10밀리그램_(1정),ezetimibe
644704860,토스젯정10/20밀리그램_(1정),atorvastatin
59600260,타그랍캡슐(타크로리무스수화물)_(1.02mg/1캡슐),tacrolimus
644705130,토시닙정5밀리그램(토파시티닙)_(5mg/1정),tofacitinib
645401860,크라비트정250밀리그람(레보플록사신)_(0.25g/1정),levofloxacin
644801160,아디팜정(히드록시진염산염)_(10mg/1정),hydroxyzine
642403290,시탈로정20밀리그램(에스시탈로프람옥살산염)_(25.54mg/1정),escitalopram
644802220,태극심바스타틴정_(20mg/1정),simvastatin
644901973,중외20%만니톨주_(20g/100mL/백),d-mannitol
644913021,중외15%만니톨주사액_(37.5g/250mL/백),d-mannitol
644913470,리바로정4밀리그램(피타바스타틴칼슘)_(4mg/1정),pitavastatin
644913730,트루패스정4밀리그램(실로도신)_(4mg/1정),silodosin
643201280,헤라신정250밀리그램(클래리트로마이신)_(0.25g/1정),clarithromycin
644913910,리바로브이정2/80밀리그램_(1정),valsartan
644913990,트루패스구강붕해정8밀리그램(실로도신)_(8mg/1정),silodosin
644915170,"라베칸듀오정20/700밀리그램(라베프라졸나트륨,탄산수소나트륨)_(1정)",sodium bicarbonate
665000300,리마클로정(클래리트로마이신)_(0.25g/1정),clarithromycin
645001331,캐싸일라주100밀리그램(트라스투주맙엠탄신)_(0.106g/1병),trastuzumab emtansine
645001341,캐싸일라주160밀리그램(트라스투주맙엠탄신)_(0.171g/1병),trastuzumab emtansine
641704750,클래팍신정500mg(클래리트로마이신)_(0.5g/1정),clarithromycin
645100411,대한디-만니톨주사액(15%)_(37.5g/250mL),d-mannitol
645100461,대한디-만니톨주사액20%_(20g/100mL/병),d-mannitol
645100471,대한디-만니톨주사액20%_(50g/250mL),d-mannitol
647805930,"엠포진듀오서방정10/1000밀리그램(엠파글리플로진,메트포르민)_(1정)",metformin
671807550,다파원엠서방정5/1000밀리그램_(1정),dapagliflozin citric acid
647304520,다파엘듀오서방정10/1000밀리그램_(1정),dapagliflozin anhydrous lactose mixture
648104090,리타메진정2.5/500밀리그램_(1정),linagliptin
694004250,"트라이나엠정2.5/1000밀리그램(리나글립틴,메트포르민)_(1정)",linagliptin
642907060,"엠파칸듀오정5/850밀리그램(엠파글리플로진,메트포르민염산염)_(1정)",metformin
642907040,"엠파칸듀오정12.5/500밀리그램(엠파글리플로진,메트포르민염산염)_(1정)",metformin
644914140,가드메트정100/850밀리그램_(1정),metformin
694004280,"트라이나엠서방정2.5/1000밀리그램(리나글립틴, 메트포르민)_(1정)",metformin
669908460,"엔피앙듀오정12.5/1000밀리그램(엠파글리플로진,메트포르민염산염)_(1정)",metformin
657309090,"엠파앙듀오정5/850밀리그램(엠파글리플로진,메트포르민염산염)_(1정)",empagliflozin
653007060,"파마엠파로우듀오정12.5/1000밀리그램(엠파글리플로진, 메트포르민염산염)_(1정)",metformin
643508970,"엠파론듀오서방정12.5/1000밀리그램(엠파글리플로진,메트포르민)_(1정)",empagliflozin
643508940,"엠파론듀오서방정10/1000밀리그램(엠파글리플로진,메트포르민)_(1정)",empagliflozin
671707350,트라케이듀오정2.5/500밀리그램_(1정),metformin
645101514,보노렉스300주(이오헥솔)(수출명: IOHEXOL 300 Inj.)_(97.05g/150mL/병),iohexol
642106210,"트라듀오서방정5/1000밀리그램(리나글립틴, 메트포르민)_(1정)",metformin
653404220,로수탄메트정500/10밀리그램_(1정),rosuvastatin
643606900,"폴민엠파서방정25/1000밀리그램(엠파글리플로진, 메트포르민)_(1정)",metformin
669908330,다파포민서방정10/1000밀리그램_(1정),dapagliflozin
645211000,"엠파콤비정5/1000밀리그램(엠파글리플로진, 메트포르민염산염)_(1정)",empagliflozin
654701580,메폴린정500mg(메트포르민염산염)_(0.5g/1정),metformin
668902990,제미메트서방정50/500밀리그램_(1정),metformin
653007100,"파마엠파로우듀오정5/1000밀리그램(엠파글리플로진, 메트포르민염산염)_(1정)",metformin
653501530,자디앙듀오정12.5/500밀리그램_(1정),metformin
642105140,로수메트서방정5/500밀리그램_(1정),rosuvastatin
640007830,다파엔듀오서방정10/500밀리그램_(1정),metformin
669908330,다파포민서방정10/1000밀리그램_(1정),metformin
693904010,"네시나메트서방정12.5/500밀리그램(알로글립틴,메트포르민염산염)_(1정)",alogliptin
642706840,동화메트포르민서방정500밀리그램(메트포르민염산염)_(0.5g/1정),metformin
657808410,"자디스듀오서방정25/1000밀리그램(엠파글리플로진, 메트포르민)_(1정)",empagliflozin
642906840,리나제틴듀오정2.5/1000밀리그램_(1정),metformin
660703960,위디앙듀오정12.5/1000밀리그램_(1정),empagliflozin
622805340,"트립엠듀오서방정5/1000밀리그램(리나글립틴, 메트포르민)_(1정)",metformin
642707380,"다플디엠메트서방정10/500밀리그램(다파글리플로진프로판디올수화물,메트포르민염산염)_(1정)",metformin
644914130,가드메트정100/500밀리그램_(1정),metformin
647805820,"엠포진듀오정12.5/850밀리그램(엠파글리플로진,메트포르민염산염)_(1정)",empagliflozin
671807870,트라리틴콤비서방정2.5/1000밀리그램_(1정),metformin
657309180,"시타플로진메트서방정10/100/1000밀리그램(다파글리플로진,시타글립틴,메트포르민)_(1정)",dapagliflozin
660703940,위디앙듀오정5/1000밀리그램_(1정),empagliflozin
649808120,"포글로엠서방정10/1000밀리그램(다파글리플로진프로판디올수화물, 메트포르민염산염)_(1정)",dapagliflozin
645406580,"제파진듀오정12.5/850밀리그램(엠파글리플로진,메트포르민염산염)_(1정)",metformin
645306130,"리나로엠정2.5/850밀리그램(리나글립틴,메트포르민염산염)_(1정)",metformin
641908370,"트루리나엠서방정5/1000밀리그램(리나글립틴,메트포르민)_(1정)",metformin
651206250,"엠포가듀오정12.5/1000밀리그램(엠파글리플로진, 메트포르민염산염)_(1정)",empagliflozin
645210980,"엠파콤비정5/500밀리그램(엠파글리플로진, 메트포르민염산염)_(1정)",empagliflozin
642507350,슈가메트서방정2.5/850밀리그램_(1정),metformin
694004260,"트라이나엠정2.5/850밀리그램(리나글립틴,메트포르민)_(1정)",linagliptin
649508450,트란타듀오정2.5/1000밀리그램_(1정),linagliptin
645101529,보노렉스350주(이오헥솔)_(377.5g/500mL),iohexol
641908370,"트루리나엠서방정5/1000밀리그램(리나글립틴,메트포르민)_(1정)",linagliptin
643606670,"폴민리나서방정5/1000밀리그램(리나글립틴,메트포르민염산염)_(1정)",metformin
645210650,다파엠서방정10/1000밀리그램_(1정),metformin
640007970,"리나엔듀오서방정5/1000밀리그램(리나글립틴,메트포르민)_(1정)",linagliptin
645101531,보노렉스350주(이오헥솔)_(755g/1000mL),iohexol
648104990,"리타메진서방정5/1000밀리그램(리나글립틴(미분화),메트포르민염산염)_(1정)",metformin
690303590,테넬리탁듀오서방정10/500밀리그램_(1정),teneligliptin
642105150,로수메트서방정5/750밀리그램_(1정),rosuvastatin
645101532,보노렉스350주(이오헥솔)_(98.15g/130mL),iohexol
653405620,"리나칸메트서방정2.5/1000밀리그램(리나글립틴(미분화),메트포르민염산염)_(1정)",linagliptin
693900350,글루코닐정(메트포르민염산염)_(0.5g/1정),metformin
643508580,다파론듀오서방정10/500밀리그램_(1정),dapagliflozin bis
670105530,"엠플로진듀오정12.5/1000밀리그램(엠파글리플로진, 메트포르민염산염)_(1정)",metformin
653501520,자디앙듀오정12.5/1000밀리그램_(1정),empagliflozin
643309350,듀비메트에스서방정0.25/50/500밀리그램_(1정),lobeglitazone
657806480,뉴메트정500밀리그램(메트포르민염산염)_(0.5g/1정),metformin
643500850,메가폴민정500밀리그램(메트포르민염산염)_(0.5g/1정),metformin
645102798,보노렉스240주(이오헥솔)_(15.54g/30mL),iohexol
653405290,다플진메트서방정10/1000밀리그램_(1정),metformin
642707560,"리나디엠메트서방정2.5/1000밀리그램(리나글립틴,메트포르민)_(1정)",metformin
642106360,"트라듀오엠파서방정25/5/1000밀리그램(엠파글리플로진, 리나글립틴, 메트포르민)_(1정)",empagliflozin
670105320,"엠플로진듀오정5/500밀리그램(엠파글리플로진, 메트포르민염산염)_(1정)",empagliflozin
664600070,"글루파정1,000㎎(메트포르민염산염)_(1g/1정)",metformin
643606870,"폴민엠파서방정5/1000밀리그램(엠파글리플로진, 메트포르민)_(1정)",empagliflozin
698004720,자디원듀오정12.5/500밀리그램_(1정),empagliflozin
643705600,"글리앙듀오정12.5/1000밀리그램(엠파글리플로진, 메트포르민염산염)_(1정)",empagliflozin
641907000,"트루리나엠정2.5/500mg(리나글립틴,메트포르민염산염)_(1정)",linagliptin
642906850,리나제틴듀오정2.5/850밀리그램_(1정),linagliptin
622805260,"트립엠듀오정2.5/1000밀리그램(리나글립틴,메트포르민)_(1정)",linagliptin
642906840,리나제틴듀오정2.5/1000밀리그램_(1정),linagliptin
647805920,"엠포진듀오서방정5/1000밀리그램(엠파글리플로진,메트포르민)_(1정)",empagliflozin
671808020,"엠파시타엠서방정10/100/1000밀리그램(엠파글리플로진,시타글립틴,메트포르민염산염)_(1정)",metformin
671807730,다파시타엠서방정5/50/500밀리그램_(1정),dapagliflozin
653405440,"다플진메트서방정5/500밀리그램(다파글리플로진프로판디올수화물, 메트포르민염산염)_(1정)",metformin
645406570,"제파진듀오정12.5/500밀리그램(엠파글리플로진,메트포르민염산염)_(1정)",metformin
646005750,"엠파글엠정12.5/850밀리그램(엠파글리플로진, 메트포르민염산염)_(1정)",metformin
653405450,"다플진메트서방정10/500밀리그램(다파글리플로진프로판디올수화물, 메트포르민염산염)_(1정)",dapagliflozin
641906960,"트루리나엠정2.5/850mg(리나글립틴,메트포르민염산염)_(1정)",linagliptin
657808300,"자디스듀오정5/850밀리그램(엠파글리플로진, 메트포르민)_(1정)",empagliflozin
698504910,"엠파디앙듀오정12.5/850밀리그램(엠파글리플로진, 메트포르민염산염)_(1정)",empagliflozin
696601040,크래신정250밀리그램(클래리트로마이신)_(0.25g/1정),clarithromycin
645201540,에이프로젠심바스타틴정20밀리그램_(20mg/1정),simvastatin
645203870,라토바정(아토르바스타틴칼슘수화물)_(10.85mg/1정),atorvastatin
649801210,명문심바스타틴정_(20mg/1정),simvastatin
645210470,아젯탐정10/40밀리그램_(1정),ezetimibe
645210470,아젯탐정10/40밀리그램_(1정),atorvastatin
645210480,아젯탐정10/20밀리그램_(1정),atorvastatin
645210480,아젯탐정10/20밀리그램_(1정),ezetimibe
645211090,"페타바정(피타바스타틴,페노피브레이트)_(1정)",pitavastatin
645302630,한림알프라졸람정0.25밀리그램_(0.25mg/1정),alprazolam
645304570,피타듀스정2밀리그램(피타바스타틴칼슘)_(2mg/1정),pitavastatin
656004630,토피메인정25밀리그램(토피라메이트)_(25mg/1정),topiramate
645304940,아세타졸정(아세타졸아미드)_(0.25g/1정),acetazolamide
645305440,크레더블정10/5밀리그램_(1정),ezetimibe
645306740,테네로엠서방정20/1000밀리그램_(1정),metformin
645306750,테네로엠서방정10/750밀리그램_(1정),metformin
645306750,테네로엠서방정10/750밀리그램_(1정),teneligliptin
645306760,테네로엠서방정10/500밀리그램_(1정),metformin
645306760,테네로엠서방정10/500밀리그램_(1정),teneligliptin
645306870,"시타로엠서방정100/1000밀리그램(시타글립틴염산염수화물, 메트포르민염산염)_(1정)",metformin
645306870,"시타로엠서방정100/1000밀리그램(시타글립틴염산염수화물, 메트포르민염산염)_(1정)",sitagliptin
645306880,"시타로엠서방정50/500밀리그램(시타글립틴염산염수화물, 메트포르민염산염)_(1정)",sitagliptin
665505975,유니헥솔주350(이오헥솔)_(113.25g/150mL),iohexol
645306880,"시타로엠서방정50/500밀리그램(시타글립틴염산염수화물, 메트포르민염산염)_(1정)",metformin
645306890,"시타로엠서방정50/1000밀리그램(시타글립틴염산염수화물, 메트포르민염산염)_(1정)",metformin
645306890,"시타로엠서방정50/1000밀리그램(시타글립틴염산염수화물, 메트포르민염산염)_(1정)",sitagliptin
645306900,"시타로엠정50/500밀리그램(시타글립틴염산염수화물, 메트포르민염산염콜로이드성이산화규소)_(1정)",metformin
645306900,"시타로엠정50/500밀리그램(시타글립틴염산염수화물, 메트포르민염산염콜로이드성이산화규소)_(1정)",sitagliptin
645306910,"시타로엠정50/850밀리그램(시타글립틴염산염수화물, 메트포르민염산염콜로이드성이산화규소)_(1정)",metformin
645306910,"시타로엠정50/850밀리그램(시타글립틴염산염수화물, 메트포르민염산염콜로이드성이산화규소)_(1정)",sitagliptin
645306920,"시타로엠정50/1000밀리그램(시타글립틴염산염수화물, 메트포르민염산염콜로이드성이산화규소)_(1정)",metformin
650100656,아이오브릭스주300(이오헥솔)_(97.05g/150mL),iohexol
645307120,크레첵정2.5밀리그램(로수바스타틴칼슘)_(2.6mg/1정),rosuvastatin
645403580,메트마릴정1/250밀리그램_(1정),glimepiride
645403580,메트마릴정1/250밀리그램_(1정),metformin
645403590,메트마릴정2/500밀리그램_(1정),metformin
650300440,레자딥정(레르카니디핀염산염)_(10mg/1정),lercanidipine
645405310,텔미듀오플러스정80/5/10밀리그램_(1정),amlodipine
645405370,리피토엠서방정10/1000밀리그램_(1정),metformin
648502283,신풍트라마돌염산염주(수출명: TRADOL-Injection)_(50mg/1mL),tramadol
645405640,라사원정0.5밀리그램(라사길린메실산염)_(0.78mg/1정),rasagiline
645405800,리박산정20밀리그램(리바록사반)_(20mg/1정),rivaroxaban
645405810,리피토플러스정10/40밀리그램_(1정),ezetimibe
645405820,리피토플러스정10/10밀리그램_(1정),atorvastatin
645405830,리피토플러스정10/20밀리그램_(1정),ezetimibe
645406120,액토존메트정15/850밀리그램_(1정),pioglitazone
645406120,액토존메트정15/850밀리그램_(1정),metformin
645406160,텔미칸큐정40/5/10/5밀리그램_(1정),telmisartan
645406200,텔미칸큐정80/10/10/5밀리그램_(1정),rosuvastatin
645406210,텔미칸큐정80/20/10/5밀리그램_(1정),telmisartan
645406310,"로제듀오정10/2.5밀리그램(에제티미브, 로수바스타틴칼슘)_(1정)",ezetimibe
645604020,포디엠정2/500밀리그램_(1정),metformin
645604020,포디엠정2/500밀리그램_(1정),glimepiride
645604030,포디엠정1/250밀리그램_(1정),metformin
645604030,포디엠정1/250밀리그램_(1정),glimepiride
645604720,탑스타틴에프정10/5밀리그램_(1정),ezetimibe
645605510,아토바에프정10/10밀리그램_(1정),ezetimibe
645605510,아토바에프정10/10밀리그램_(1정),atorvastatin
645605520,아토바에프정10/20밀리그램_(1정),atorvastatin
645605830,시타비앙듀오엑스알서방정50/500밀리그램_(1정),sitagliptin
645605830,시타비앙듀오엑스알서방정50/500밀리그램_(1정),metformin
645605840,시타비앙듀오엑스알서방정50/1000밀리그램_(1정),metformin
645605840,시타비앙듀오엑스알서방정50/1000밀리그램_(1정),sitagliptin
645605850,시타비앙듀오엑스알서방정100/1000밀리그램_(1정),sitagliptin
645605850,시타비앙듀오엑스알서방정100/1000밀리그램_(1정),metformin
645605860,시타비앙듀오정50/500밀리그램_(1정),sitagliptin
645605860,시타비앙듀오정50/500밀리그램_(1정),metformin
645605870,시타비앙듀오정50/1000밀리그램_(1정),metformin
645605870,시타비앙듀오정50/1000밀리그램_(1정),sitagliptin
645605880,시타비앙듀오정50/850밀리그램_(1정),sitagliptin
645605880,시타비앙듀오정50/850밀리그램_(1정),metformin
694002700,아질라사정0.5밀리그램(라사길린메실산염)_(0.78mg/1정),rasagiline
645700960,슈다펜정(수도에페드린염산염)_(60mg/1정),pseudoephedrine
645702360,피타에스정2밀리그램(피타바스타틴칼슘)_(2mg/1정),pitavastatin
647804660,세로카바정5밀리그램(에스시탈로프람옥살산염)_(6.39mg/1정),escitalopram
645702771,두드리진시럽(히드록시진염산염)_(0.2g/100mL),hydroxyzine
652101250,코다론정(아미오다론염산염)_(0.2g/1정),amiodarone
625200380,하이록신정250밀리그램(레보플록사신수화물)_(0.25615g/1정),levofloxacin
645604400,아세틸론정(아세클로페낙)_(0.1g/1정),aceclofenac
645902651,케로라주(케토롤락트로메타민염)_(30mg/1mL),ketorolac tromethamine
693201510,콕스그린캡슐200밀리그램(세레콕시브)_(0.2g/1캡슐),celecoxib
670303602,코키즈펜시럽(덱시부프로펜)_(0.6g/50mL),dexibuprofen
651201781,클로낙주2mL(디클로페낙베타디메칠아미노에탄올)_(90mg/2mL),diclofenac-β-dimethyl-aminoethanol
648103320,경동아스피린장용정_(0.1g/1정),aspirin
689000500,록소쿨펜정(록소프로펜나트륨수화물)_(68.1mg/1정),loxoprofen
643502184,이부서스펜시럽(이부프로펜)_(10g/500mL),ibuprofen
52400540,아멜록스캡슐7.5밀리그램(멜록시캄)_(7.5mg/1캡슐),meloxicam
669906100,셀렉콕캡슐200mg(세레콕시브)_(0.2g/1캡슐),celecoxib
654200080,리오루펜정400밀리그람(이부프로펜)_(0.4g/1정),ibuprofen
642702160,심바틴정40밀리그람(심바스타틴)_(40mg/1정),simvastatin
57000520,클래리노정250밀리그램(클래리트로마이신)_(0.25g/1정),clarithromycin
645905990,심바트롤정10/20밀리그램_(1정),simvastatin
649802940,크래리신정(클래리트로마이신)_(0.25g/1정),clarithromycin
645905990,심바트롤정10/20밀리그램_(1정),ezetimibe
645906030,심바트롤정10/10밀리그램_(1정),simvastatin
645906030,심바트롤정10/10밀리그램_(1정),ezetimibe
57600410,클시드정250mg(클래리트로마이신)_(0.25g/1정),clarithromycin
645405181,제클리건조시럽125mg/5mL(클래리트로마이신)_(2.5g/100mL),clarithromycin
663601610,이트라코정(이트라코나졸)_(0.1g/1정),itraconazole
645906210,리피롤정20mg(아토르바스타틴칼슘수화물)_(21.7mg/1정),atorvastatin
645906220,리피롤정10mg(아토르바스타틴칼슘수화물)_(10.85mg/1정),atorvastatin
645907020,알제트정10/5밀리그램_(1정),rosuvastatin
645907030,알제트정10/10밀리그램_(1정),ezetimibe
645907030,알제트정10/10밀리그램_(1정),rosuvastatin
645907140,에이젯정10/20밀리그램_(1정),atorvastatin
645907150,에이젯정10/10밀리그램_(1정),atorvastatin
645907300,테디포엠서방정20/1000밀리그램_(1정),teneligliptin
654900084,제네틱스300주사(이오비트리돌)_(329.05g/500mL),iobitridol
645907300,테디포엠서방정20/1000밀리그램_(1정),metformin
645907310,테디포엠서방정10/750밀리그램_(1정),teneligliptin
645907310,테디포엠서방정10/750밀리그램_(1정),metformin
645907320,테디포엠서방정10/500밀리그램_(1정),teneligliptin
645907320,테디포엠서방정10/500밀리그램_(1정),metformin
645907380,시디포엠정50/850밀리그램_(1정),metformin
645907390,시디포엠정50/500밀리그램_(1정),sitagliptin
645907400,시디포엠정50/1000밀리그램_(1정),metformin
645907410,시디포엠서방정50/500밀리그램_(1정),metformin
645907410,시디포엠서방정50/500밀리그램_(1정),sitagliptin
645907420,시디포엠서방정100/1000밀리그램_(1정),metformin
645907420,시디포엠서방정100/1000밀리그램_(1정),sitagliptin
645907430,시디포엠서방정50/1000밀리그램_(1정),sitagliptin
645907440,피제트정2/10밀리그램_(1정),pitavastatin
646001090,몬테스엠정(돔페리돈말레산염)_(12.72mg/1정),domperidone
670608970,휴티카정90밀리그램(티카그렐러)_(90mg/1정),ticagrelor
670304750,셀레코캡슐200밀리그램(세레콕시브)_(0.2g/1캡슐),celecoxib
646002281,타벨주(케토롤락트로메타민염)_(30mg/1mL),ketorolac tromethamine
653805250,셀코빅스캡슐200밀리그램(세레콕시브)_(0.2g/1캡슐),celecoxib
654301800,아세탑정(아세클로페낙)_(0.1g/1정),aceclofenac
647302990,씨빅캡슐7.5밀리그램(멜록시캄)_(7.5mg/1캡슐),meloxicam
53300150,콕시원캡슐200밀리그램(세레콕시브)_(0.2g/1캡슐),celecoxib
646003620,로글리코엠정_(1정),glimepiride
646003620,로글리코엠정_(1정),metformin
646003780,아토테롤정10밀리그램(아토르바스타틴칼슘삼수화물)_(10.85mg/1정),atorvastatin
646003790,아토테롤정20밀리그램(아토르바스타틴칼슘삼수화물)_(21.69mg/1정),atorvastatin
646004060,트루테라정4밀리그램(실로도신)_(4mg/1정),silodosin
646004430,"피오엠정15/850밀리그램(피오글리타존염산염,메트포르민염산염)_(1정)",pioglitazone
646004430,"피오엠정15/850밀리그램(피오글리타존염산염,메트포르민염산염)_(1정)",metformin
646005000,아토암로정5mg/10mg_(1정),amlodipine
642101740,유한스프렌딜지속정5밀리그램(펠로디핀)_(5mg/1정),felodipine
651901780,졸민정0.25밀리그램(트리아졸람)_(0.25mg/1정),triazolam
649502510,유니심바정20밀리그램(심바스타틴)(수출명:조쿠나정)_(20mg/1정),simvastatin
646005090,로바르탄정10/160밀리그램_(1정),rosuvastatin
646005230,아토에제정10/20밀리그램_(1정),ezetimibe
646005240,아토에제정10/40밀리그램_(1정),atorvastatin
646005300,리바록정15밀리그램(리바록사반)_(15mg/1정),rivaroxaban
646005490,테넬엠서방정20/1000밀리그램_(1정),metformin
646005490,테넬엠서방정20/1000밀리그램_(1정),teneligliptin
646005500,테넬엠서방정10/750밀리그램_(1정),teneligliptin
646005500,테넬엠서방정10/750밀리그램_(1정),metformin
646005510,테넬엠서방정10/500밀리그램_(1정),metformin
646005510,테넬엠서방정10/500밀리그램_(1정),teneligliptin
653404491,패티오돌주사(아이오다이즈드오일)_(6.4g/5mL),ethyl esters of the iodised fatty acids of poppyseed oil
646005590,"시글립틴엠정50/850밀리그램(시타글립틴염산염수화물, 메트포르민염산염콜로이드성이산화규소)_(1정)",sitagliptin
646005590,"시글립틴엠정50/850밀리그램(시타글립틴염산염수화물, 메트포르민염산염콜로이드성이산화규소)_(1정)",metformin
646005600,"시글립틴엠정50/500밀리그램(시타글립틴염산염수화물, 메트포르민염산염콜로이드성이산화규소)_(1정)",metformin
646005600,"시글립틴엠정50/500밀리그램(시타글립틴염산염수화물, 메트포르민염산염콜로이드성이산화규소)_(1정)",sitagliptin
646005610,"시글립틴엠정50/1000밀리그램(시타글립틴염산염수화물, 메트포르민염산염콜로이드성이산화규소)_(1정)",metformin
652001230,카프렐사정300밀리그램(반데타닙)_(0.3g/1정),vandetanib
646200560,돔페린정(돔페리돈말레산염)_(12.72mg/1정),domperidone
642403570,벤팍신서방캡슐75밀리그램(벤라팍신염산염)_(84.84mg/1캡슐),venlafaxine
668000070,렉사프로정15밀리그램(에스시탈로프람옥살산염)_(19.16mg/1정),escitalopram
628800150,휴록사신정100mg(레보플록사신수화물)_(0.10249g/1정),levofloxacin
641100151,씨프로바이주사(시프로플록사신)_(0.4g/200mL),ciprofloxacin
642701100,디푸란캡슐(플루코나졸)_(50mg/1캡슐),fluconazole
647804150,카나졸캡슐50밀리그램(플루코나졸)_(50mg/1캡슐),fluconazole
646201280,아스타틴정10밀리그램(아토르바스타틴칼슘삼수화물)_(10.85mg/1정),atorvastatin
652000850,멀택정(드로네다론염산염)_(0.426g/1정),dronedarone
647805760,삼진드론정(드로네다론염산염)_(0.426g/1정),dronedarone
646203890,아스타틴정20밀리그램(아토르바스타틴칼슘삼수화물)_(21.7mg/1정),atorvastatin
646204270,"젠토르정10/10밀리그램(에제티미브,아토르바스타틴칼슘삼수화물)_(1정)",atorvastatin
646204270,"젠토르정10/10밀리그램(에제티미브,아토르바스타틴칼슘삼수화물)_(1정)",ezetimibe
646204280,"젠토르정10/20밀리그램(에제티미브,아토르바스타틴칼슘삼수화물)_(1정)",ezetimibe
646204280,"젠토르정10/20밀리그램(에제티미브,아토르바스타틴칼슘삼수화물)_(1정)",atorvastatin
646204310,리바젠정15밀리그램(리바록사반)_(15mg/1정),rivaroxaban
646204320,리바젠정20밀리그램(리바록사반)_(20mg/1정),rivaroxaban
698004690,자디원듀오정5/1000밀리그램_(1정),metformin
640007300,아토메트서방정10/1000밀리그램_(1정),atorvastatin
643705400,포시디엠서방정10/500밀리그램_(1정),dapagliflozin
694004290,"트라이나엠서방정5/1000밀리그램(리나글립틴, 메트포르민)_(1정)",metformin
642906830,다포르메트서방정10/500밀리그램_(1정),metformin
648508270,리나루틴듀오서방정2.5/1000밀리그램(리나글립틴메트포르민염산염)_(1정),linagliptin
657808120,"리나원듀오정2.5/500밀리그램(리나글립틴,메트포르민)_(1정)",linagliptin
642507340,슈가메트서방정2.5/500밀리그램_(1정),evogliptin
653501400,트라젠타듀오정2.5/850밀리그램_(1정),metformin
657309110,"엠파앙듀오정12.5/1000밀리그램(엠파글리플로진,메트포르민염산염)_(1정)",metformin
641607880,"엔블로멧서방정0.3/1000밀리그램(이나보글리플로진,메트포르민염산염)_(1정)",metformin
642507700,다파프로메트서방정5/1000밀리그램_(1정),dapagliflozin
694004450,"자디엠파듀오정5/500밀리그램(엠파글리플로진,메트포르민염산염)_(1정)",metformin
694004440,"자디엠파듀오정12.5/1000밀리그램(엠파글리플로진,메트포르민염산염)_(1정)",metformin
670105520,"엠플로진듀오정12.5/850밀리그램(엠파글리플로진, 메트포르민염산염)_(1정)",empagliflozin
671707210,포슈벳듀오서방정10/500밀리그램_(1정),dapagliflozin citric acid
668903060,제미메트서방정25/1000밀리그램_(1정),gemigliptin
643508760,"리나글로메트서방정5/1000밀리그램(리나글립틴,메트포르민)_(1정)",metformin
671807880,트라리틴콤비서방정2.5/750밀리그램_(1정),metformin
648104990,"리타메진서방정5/1000밀리그램(리나글립틴(미분화),메트포르민염산염)_(1정)",linagliptin
648105220,"다파진에스엠서방정5/50/1000밀리그램(다파글리플로진, 시타글립틴, 메트포르민)_(1정)",sitagliptin
663608800,"리나맥스서방정2.5/1000밀리그램(리나글립틴, 메트포르민염산염)_(1정)",linagliptin
645406580,"제파진듀오정12.5/850밀리그램(엠파글리플로진,메트포르민염산염)_(1정)",empagliflozin
648508300,"리나루틴듀오정2.5/1000밀리그램(리나글립틴,메트포르민)_(1정)",metformin
642707380,"다플디엠메트서방정10/500밀리그램(다파글리플로진프로판디올수화물,메트포르민염산염)_(1정)",dapagliflozin
643705640,"글리앙듀오정5/500밀리그램(엠파글리플로진, 메트포르민염산염)_(1정)",empagliflozin
641706500,"다파이제서방정10/1000밀리그램(다파글리플로진,메트포르민)_(1정)",dapagliflozin anhydrous lactose mixture
642907020,"엠파칸듀오정12.5/1000밀리그램(엠파글리플로진,메트포르민염산염)_(1정)",empagliflozin
662504590,"글로틴듀오정2.5/1000mg(리나글립틴, 메트포르민염산염)_(1정)",linagliptin
657808110,"리나원듀오정2.5/850밀리그램(리나글립틴,메트포르민)_(1정)",linagliptin
648105220,"다파진에스엠서방정5/50/1000밀리그램(다파글리플로진, 시타글립틴, 메트포르민)_(1정)",dapagliflozin
643508700,실다파엠서방정5/50/750밀리그램_(1정),metformin
670609550,"휴디앙듀오서방정25/1000밀리그램(엠파글리플로진,메트포르민)_(1정)",metformin
643705510,트라디엠듀오정2.5/1000밀리그램_(1정),linagliptin
693903830,"네시나메트정12.5/1000밀리그램(알로글립틴벤조산염,메트포르민염산염)_(1정)",alogliptin
648604500,다파플러스서방정10/1000밀리그램_(1정),dapagliflozin
671707070,포슈벳듀오서방정10/1000밀리그램_(1정),dapagliflozin citric acid
657807730,테리움엠서방정20/1000밀리그램_(1정),metformin
648508130,다파루틴듀오서방정10/1000밀리그램_(1정),metformin
647304520,다파엘듀오서방정10/1000밀리그램_(1정),metformin
655604850,글루코다운정250밀리그램(메트포르민염산염)_(0.25g/1정),metformin
651205870,"다포가듀오서방정10/500밀리그램(다파글리플로진프로판디올수화물, 메트포르민염산염)_(1정)",dapagliflozin
694003820,테넬로드엠서방정20/1000밀리그램_(1정),teneligliptin
643309350,듀비메트에스서방정0.25/50/500밀리그램_(1정),metformin
645211030,"엠파콤비정12.5/850밀리그램(엠파글리플로진, 메트포르민염산염)_(1정)",metformin
671707050,테네글리엠서방정10/750밀리그램_(1정),teneligliptin
653007110,"파마엠파로우듀오정5/500밀리그램(엠파글리플로진,메트포르민염산염)_(1정)",empagliflozin
654006260,"엠파릴듀오서방정10/1000밀리그램(엠파글리플로진,메트포르민)_(1정)",empagliflozin
662504970,"플로가엠듀오서방정5/500밀리그램(다파글리플로진, 메트포르민)_(1정)",metformin
657309210,"엠파앙듀오서방정5/1000밀리그램(엠파글리플로진,메트포르민염산염)_(1정)",metformin
651206210,"엠포가듀오정5/850밀리그램(엠파글리플로진, 메트포르민염산염)_(1정)",metformin
646005540,"엠파글엠정5/500밀리그램(엠파글리플로진, 메트포르민염산염)_(1정)",empagliflozin
665003350,"리라젠타듀오서방정5/1000밀리그램(리나글립틴,메트포르민)_(1정)",metformin
646300241,옴니파큐300주(이오헥솔)_(647g/1000mL),iohexol
670105320,"엠플로진듀오정5/500밀리그램(엠파글리플로진, 메트포르민염산염)_(1정)",metformin
660703960,위디앙듀오정12.5/1000밀리그램_(1정),metformin
653007090,"파마엠파로우듀오정5/850밀리그램(엠파글리플로진,메트포르민염산염)_(1정)",metformin
646801490,에이피토정10밀리그램(아토르바스타틴칼슘)_(10.36mg/1정),atorvastatin
646803190,아토메가연질캡슐5/1000mg_(1캡슐),atorvastatin
650205540,에소펠정40밀리그램(에스오메프라졸마그네슘삼수화물)_(44.5mg/1정),esomeprazole
646901850,에듀란트정25밀리그램(릴피비린염산염)_(27.5mg/1정),rilpivirine
698500340,아메졸캡슐(오메프라졸)_(20mg/1캡슐),omeprazole
678601260,파라베졸정10밀리그램(라베프라졸나트륨)_(10mg/1정),rabeprazole
658601480,이연오메프라졸캡슐_(20mg/1캡슐),omeprazole
645304041,쎄레빅스주사(포스페니토인나트륨)_(0.75g/10mL),fosphenytoin
657805240,씨클린정(클래리트로마이신)_(0.25g/1정),clarithromycin
646902020,임브루비카캡슐140밀리그램(이브루티닙)_(0.14g/1캡슐),ibrutinib
647204930,다이릴엠정_(1정),metformin
647204930,다이릴엠정_(1정),glimepiride
647300180,라도바정10밀리그램(아토르바스타틴칼슘수화물)_(10.85mg/1정),atorvastatin
647300740,에이치엘비심바스타틴정20밀리그램_(20mg/1정),simvastatin
643103571,클라스타건조시럽125mg/5mL(클래리트로마이신)_(2.5g/100mL),clarithromycin
647302550,지엠정2/500밀리그램_(1정),glimepiride
647303070,로바스토정5밀리그램(로수바스타틴칼슘)_(5.2mg/1정),rosuvastatin
647303590,씨트토린정10/20밀리그램_(1정),ezetimibe
647303600,씨트토린정10/10밀리그램_(1정),simvastatin
649104741,클래스로신건조시럽250mg/5mL(클래리트로마이신)_(3.5g/70mL),clarithromycin
647303600,씨트토린정10/10밀리그램_(1정),ezetimibe
647303850,라듀엣정5/10밀리그램_(1정),amlodipine
647303850,라듀엣정5/10밀리그램_(1정),atorvastatin
647304000,아토엠정10/20밀리그램_(1정),atorvastatin
647304010,아토엠정10/40밀리그램_(1정),ezetimibe
647304050,자렐비정15밀리그램(리바록사반)_(15mg/1정),rivaroxaban
647304190,라도바정40mg(아토르바스타틴칼슘삼수화물)_(43.38mg/1정),atorvastatin
647304260,테네립틴엠서방정10/500밀리그램_(1정),teneligliptin
647304270,테네립틴엠서방정10/750밀리그램_(1정),metformin
647304270,테네립틴엠서방정10/750밀리그램_(1정),teneligliptin
647304280,테네립틴엠서방정20/1000밀리그램_(1정),teneligliptin
647304280,테네립틴엠서방정20/1000밀리그램_(1정),metformin
647304350,자누엠메트정50/500밀리그램_(1정),metformin
647304390,자누엠메트엑스알서방정50/500밀리그램_(1정),sitagliptin
647304390,자누엠메트엑스알서방정50/500밀리그램_(1정),metformin
647304400,자누엠메트정50/850밀리그램_(1정),metformin
647304400,자누엠메트정50/850밀리그램_(1정),sitagliptin
647304410,자누엠메트정50/1000밀리그램_(1정),metformin
647304410,자누엠메트정50/1000밀리그램_(1정),sitagliptin
647304420,자누엠메트엑스알서방정50/1000밀리그램_(1정),sitagliptin
647304420,자누엠메트엑스알서방정50/1000밀리그램_(1정),metformin
647304430,자누엠메트엑스알서방정100/1000밀리그램_(1정),sitagliptin
645305940,타크로스캡슐1밀리그램(타크로리무스수화물)_(1.02mg/1캡슐),tacrolimus
647304720,에이치엘비토파시티닙정5밀리그램(토파시티닙시트르산염)_(8.078mg/1정),tofacitinib
677200101,프로그랍주사액5밀리그람(타크로리무스수화물)_(5.1mg/1mL),tacrolimus
647304730,에이치엘비토파시티닙정10밀리그램(토파시티닙시트르산염)_(16.156mg/1정),tofacitinib
647304750,"피타에프정(피타바스타틴칼슘, 페노피브레이트)_(1정)",fenofibrate
647802900,듀스틴정_(1정),atorvastatin
647803560,글레딘엠정2/500밀리그램_(1정),metformin
647803560,글레딘엠정2/500밀리그램_(1정),glimepiride
647803660,뉴스타틴에이정10밀리그램(아토르바스타틴칼슘삼수화물)_(10.85mg/1정),atorvastatin
651200931,삼천당케토프로펜주100밀리그람(수출명:케페인주)_(0.1g/2mL),ketoprofen
647804481,케라신주(케토롤락트로메타민)_(30mg/1mL),ketorolac tromethamine
665500650,디프로펜정300밀리그램(덱시부프로펜디.씨.)_(0.3g/1정),dexibuprofen
653001280,씨오엑스캡슐(멜록시캄)_(7.5mg/1캡슐),meloxicam
647300800,아세클낙정(아세클로페낙)_(0.1g/1정),aceclofenac
643703640,셀렉시브캡슐(세레콕시브)_(0.2g/1캡슐),celecoxib
644304150,클란자에스연질캡슐(아세클로페낙)(수출명:SpeenacSoftCaps.)_(0.1g/1캡슐),aceclofenac
642403940,쎄레본정200밀리그램(세레콕시브)_(0.2g/1정),celecoxib
647805020,뉴스타젯알정10/20밀리그램_(1정),ezetimibe
647805080,리복사반정10밀리그램(리바록사반)_(10mg/1정),rivaroxaban
647805170,리복사반정2.5밀리그램(리바록사반)_(2.5mg/1정),rivaroxaban
647805260,빌가드엠정50/500밀리그램_(1정),vildagliptin
647805260,빌가드엠정50/500밀리그램_(1정),metformin
647805460,"시누비엠엑스알서방정100/1000밀리그램(시타글립틴,메트포르민)_(1정)",metformin
647805470,"시누비엠엑스알서방정50/500밀리그램(시타글립틴,메트포르민)_(1정)",sitagliptin
647805470,"시누비엠엑스알서방정50/500밀리그램(시타글립틴,메트포르민)_(1정)",metformin
647805480,"시누비엠엑스알서방정50/1000밀리그램(시타글립틴,메트포르민)_(1정)",metformin
647805480,"시누비엠엑스알서방정50/1000밀리그램(시타글립틴,메트포르민)_(1정)",sitagliptin
647805510,하누비엠정50/500밀리그램_(1정),sitagliptin
647805510,하누비엠정50/500밀리그램_(1정),metformin
647805520,하누비엠정50/850밀리그램_(1정),sitagliptin
647805520,하누비엠정50/850밀리그램_(1정),metformin
647805530,하누비엠정50/1000밀리그램_(1정),metformin
647805530,하누비엠정50/1000밀리그램_(1정),sitagliptin
647805600,"시누비엠정50/500밀리그램(시타글립틴,메트포르민)_(1정)",metformin
647805610,"시누비엠정50/850밀리그램(시타글립틴,메트포르민)_(1정)",sitagliptin
647805620,"시누비엠정50/1000밀리그램(시타글립틴,메트포르민)_(1정)",metformin
647805620,"시누비엠정50/1000밀리그램(시타글립틴,메트포르민)_(1정)",sitagliptin
647805950,토파누스정5밀리그램(토파시티닙시트르산염)_(8.078mg/1정),tofacitinib
643301620,아나프록스정(나프록센나트륨)_(0.275g/1정),naproxen
648102001,케토란주(케토롤락트로메타민)_(30mg/1mL),ketorolac tromethamine
671700010,나메톤정(나부메톤)_(0.5g/1정),nabumetone
693902050,아스텍션장용정100밀리그램(아스피린)_(0.1g/1정),aspirin
658200120,데코라펜연질캡슐(덱시부프로펜)_(0.3g/1캡슐),dexibuprofen
654305130,뉴셀콕캡슐(세레콕시브)_(0.1g/1캡슐),celecoxib
664900940,아스테린정(아스피린)_(0.1g/1정),aspirin
642302861,에스페낙주(디클로페낙나트륨)_(75mg/2mL),diclofenac
697100720,모릭스캡슐7.5밀리그램(멜록시캄)_(7.5mg/1캡슐),meloxicam
653402660,멜시빅캡슐15밀리그램(멜록시캄)_(15mg/1캡슐),meloxicam
665503611,유니페낙에프주(디클로페낙β-디메틸아미노에탄올)_(90mg/2mL),diclofenac-β-dimethyl-aminoethanol
648102590,아토디핀정_(1정),atorvastatin
648103260,아트로반정20밀리그램(아토르바스타틴칼슘)_(21.7mg/1정),atorvastatin
648103630,스타메진정50/500밀리그램_(1정),sitagliptin
648103630,스타메진정50/500밀리그램_(1정),metformin
648103640,스타메진정50/850밀리그램_(1정),metformin
648103640,스타메진정50/850밀리그램_(1정),sitagliptin
648103650,스타메진정50/1000밀리그램_(1정),metformin
648103650,스타메진정50/1000밀리그램_(1정),sitagliptin
648103730,듀오로반정10/20밀리그램_(1정),ezetimibe
648103740,듀오로반정10/5밀리그램_(1정),rosuvastatin
648103990,픽토민정_(1정),pioglitazone
648103990,픽토민정_(1정),metformin
648104550,발트리오정10/160/10밀리그램_(1정),rosuvastatin
648104550,발트리오정10/160/10밀리그램_(1정),amlodipine
648104550,발트리오정10/160/10밀리그램_(1정),valsartan
648104690,아토브젯정10/10밀리그램_(1정),atorvastatin
648104690,아토브젯정10/10밀리그램_(1정),ezetimibe
648104700,아토브젯정10/20밀리그램_(1정),atorvastatin
648104700,아토브젯정10/20밀리그램_(1정),ezetimibe
648104780,테네리엠서방정10/500밀리그램_(1정),teneligliptin
648104780,테네리엠서방정10/500밀리그램_(1정),metformin
648104790,테네리엠서방정20/1000밀리그램_(1정),metformin
648104790,테네리엠서방정20/1000밀리그램_(1정),teneligliptin
648104800,테네리엠서방정10/750밀리그램_(1정),teneligliptin
648104800,테네리엠서방정10/750밀리그램_(1정),metformin
648105210,"로토디핀정20/5밀리그램(로수바스타틴, 암로디핀)_(1정)",rosuvastatin
648201020,아토스틴정(아토르바스타틴칼슘삼수화물)_(10.85mg/1정),atorvastatin
648204390,와이젯정10/20밀리그램_(1정),atorvastatin
648204440,유록사반정10밀리그램(리바록사반)_(10mg/1정),rivaroxaban
648204450,유록사반정15밀리그램(리바록사반)_(15mg/1정),rivaroxaban
648204470,유록사반정2.5밀리그램(리바록사반)_(2.5mg/1정),rivaroxaban
648204520,유테네엠서방정10/750밀리그램_(1정),teneligliptin
648204530,유테네엠서방정10/500밀리그램_(1정),teneligliptin
648204530,유테네엠서방정10/500밀리그램_(1정),metformin
648204540,유테네엠서방정20/1000밀리그램_(1정),teneligliptin
648204540,유테네엠서방정20/1000밀리그램_(1정),metformin
648204570,유시타메트엑스알서방정50/500밀리그램_(1정),sitagliptin
648204580,유시타메트엑스알서방정100/1000밀리그램_(1정),sitagliptin
648204590,유시타메트엑스알서방정50/1000밀리그램_(1정),metformin
648204590,유시타메트엑스알서방정50/1000밀리그램_(1정),sitagliptin
648204630,유시타메트정50/850밀리그램_(1정),sitagliptin
648204630,유시타메트정50/850밀리그램_(1정),metformin
648204640,유시타메트정50/500밀리그램_(1정),metformin
648204640,유시타메트정50/500밀리그램_(1정),sitagliptin
648204650,유시타메트정50/1000밀리그램_(1정),sitagliptin
646203120,디프루졸캡슐(플루코나졸)_(50mg/1캡슐),fluconazole
648500260,돔필정(돔페리돈말레산염)_(12.72mg/1정),domperidone
651203100,슈도에바스트서방캡슐_(1캡슐),pseudoephedrine
641905651,온세트론주(바이알)(온단세트론염산염수화물)_(5mg/2mL),ondansetron
651901021,명인할로페리돌주사_(5mg/1mL),haloperidol
641907441,파시톨주(파리칼시톨)_(5μg/1mL),paricalcitol
648500590,로이칼연질캅셀(칼시트리올)_(0.25㎍/1캡슐),calcitriol
648501240,베라졸정(라베프라졸나트륨)_(10mg/1정),rabeprazole
644500120,노이로민정(세인트존스워트80%메탄올건조엑스)_(0.3g/1정),st john's wort 80% methanol ext
648503481,크래칸주(이리노테칸염산염)_(0.2g/10mL),irinotecan
653102670,튜비스정_(1정),rifampicin
648503491,크래칸주(이리노테칸염산염)_(0.3g/15mL),irinotecan
648506610,크리메릴엠정2/500밀리그램_(1정),glimepiride
648506610,크리메릴엠정2/500밀리그램_(1정),metformin
648507220,에스넥졸정20밀리그램(에스오메프라졸마그네슘이수화물)_(21.69mg/1정),esomeprazole
648507960,가블리메트정_(1정),metformin
648508160,시타루틴듀오서방정50/500밀리그램_(1정),metformin
648508160,시타루틴듀오서방정50/500밀리그램_(1정),sitagliptin
648508170,시타루틴듀오서방정50/1000밀리그램_(1정),sitagliptin
648508170,시타루틴듀오서방정50/1000밀리그램_(1정),metformin
648508180,시타루틴듀오서방정100/1000밀리그램_(1정),metformin
648508180,시타루틴듀오서방정100/1000밀리그램_(1정),sitagliptin
648508190,시타루틴듀오정50/500밀리그램_(1정),sitagliptin
648508190,시타루틴듀오정50/500밀리그램_(1정),metformin
648508200,시타루틴듀오정50/850밀리그램_(1정),sitagliptin
648508200,시타루틴듀오정50/850밀리그램_(1정),metformin
648508210,시타루틴듀오정50/1000밀리그램_(1정),sitagliptin
648508210,시타루틴듀오정50/1000밀리그램_(1정),metformin
648508220,"에제로수정10/2.5밀리그램(에제티미브, 로수바스타틴)_(1정)",rosuvastatin
648602590,아로토정(아토르바스타틴칼슘)_(10.36mg/1정),atorvastatin
648602620,씨엠지로수바스타틴정10mg(로수바스타틴칼슘)_(10.4mg/1정),rosuvastatin
658204000,엘릭사반정2.5밀리그램(아픽사반)_(2.5mg/1정),apixaban
651901770,졸민정0.125밀리그람(트리아졸람)_(0.125mg/1정),triazolam
648602970,플렉스캡슐150mg(플루코나졸)_(0.15g/1캡슐),fluconazole
649102450,클래스로신정500mg(클래리트로마이신)_(0.5g/1정),clarithromycin
648603230,듀오토린정10/20mg_(1정),ezetimibe
648603230,듀오토린정10/20mg_(1정),simvastatin
648603260,듀오토린정10/10mg_(1정),ezetimibe
669906310,클래마신정250밀리그램(클래리트로마이신)_(0.25g/1정),clarithromycin
670303651,크래리스건조시럽125mg/5mL(클래리트로마이신제피과립)_(2.5g/100mL),clarithromycin
648603260,듀오토린정10/10mg_(1정),simvastatin
656004580,클로리드정250밀리그램 (클래리트로마이신)_(0.25g/1정),clarithromycin
648604110,로티젯정10/10밀리그램_(1정),rosuvastatin
648604190,아로젯정10/40밀리그램_(1정),ezetimibe
648604190,아로젯정10/40밀리그램_(1정),atorvastatin
648604200,아로젯정10/10밀리그램_(1정),ezetimibe
648604210,아로젯정10/20밀리그램_(1정),ezetimibe
648604370,아모르탄알정5/160/5밀리그램_(1정),valsartan
648604380,아모르탄알정5/80/10밀리그램_(1정),valsartan
648604390,아모르탄알정5/80/5밀리그램_(1정),rosuvastatin
648604520,"시타플러스정50/1000밀리그램(시타글립틴,메트포르민)_(1정)",metformin
648604520,"시타플러스정50/1000밀리그램(시타글립틴,메트포르민)_(1정)",sitagliptin
648604530,"시타플러스정50/500밀리그램(시타글립틴,메트포르민)_(1정)",metformin
648604540,"시타플러스정50/850밀리그램(시타글립틴,메트포르민)_(1정)",sitagliptin
648604540,"시타플러스정50/850밀리그램(시타글립틴,메트포르민)_(1정)",metformin
648604580,"시타플러스서방정100/1000밀리그램(시타글립틴,메트포르민)_(1정)",metformin
648604580,"시타플러스서방정100/1000밀리그램(시타글립틴,메트포르민)_(1정)",sitagliptin
648604590,"시타플러스서방정50/1000밀리그램(시타글립틴,메트포르민)_(1정)",sitagliptin
648604590,"시타플러스서방정50/1000밀리그램(시타글립틴,메트포르민)_(1정)",metformin
648604600,"시타플러스서방정50/500밀리그램(시타글립틴,메트포르민)_(1정)",metformin
659901370,아자비오정50밀리그램(아자티오프린)_(50mg/1정),azathioprine
648902810,젤잔즈정5밀리그램(토파시티닙시트르산염)_(8.078mg/1정),tofacitinib
658106820,클래나정250밀리그램(클래리트로마이신)_(0.25g/1정),clarithromycin
648902920,입랜스캡슐100mg(팔보시클립)_(0.1g/1캡슐),palbociclib
669501620,클라이신정250mg(클래리트로마이신)_(0.25g/1정),clarithromycin
648902930,입랜스캡슐75mg(팔보시클립)_(75mg/1캡슐),palbociclib
648902940,입랜스캡슐125mg(팔보시클립)_(0.125g/1캡슐),palbociclib
663601900,크래마정500밀리그램(클래리트로마이신)_(0.5g/1정),clarithromycin
658601750,타크로리캡슐(타크로리무스수화물)_(1.02mg/1캡슐),tacrolimus
648903610,로비큐아정25밀리그램(롤라티닙)_(25mg/정),lorlatinib
648903700,입랜스정75밀리그램(팔보시클립)_(75mg/1정),palbociclib
648903710,입랜스정125밀리그램(팔보시클립)_(0.125g/1정),palbociclib
648903720,입랜스정100밀리그램(팔보시클립)_(0.1g/1정),palbociclib
642900970,씨라클정250밀리그램(클래리트로마이신)_(0.25g/1정),clarithromycin
693903270,이무테라정25밀리그램(아자티오프린)_(25mg/1정),azathioprine
648903841,젤잔즈시럽1mg/mL(토파시티닙시트르산염)_(0.3888g/1병),tofacitinib
659901360,아자비오정25밀리그램(아자티오프린)_(25mg/1정),azathioprine
57600050,클로텍정(클로피도그렐황산수소염)_(97.875mg/1정),clopidogrel bisulfate
648903860,"팍스로비드정(니르마트렐비르, 리토나비르)_(30정)",nirmatrelvir
660702830,하루디서방정0.2밀리그램(탐스로신염산염)_(0.2mg/1정),tamsulosin
658204510,카사반정15밀리그램(리바록사반)_(15mg/1정),rivaroxaban
648903860,"팍스로비드정(니르마트렐비르, 리토나비르)_(30정)",ritonavir
657502360,엘피도그렐정(클로피도그렐황산염)_(97.875mg/1정),clopidogrel bisulfate
647304060,자렐비정20밀리그램(리바록사반)_(20mg/1정),rivaroxaban
664102670,클로디드정(클로피도그렐황산염)_(97.875mg/1정),clopidogrel bisulfate
670402520,탐시케어서방정0.4밀리그램(탐스로신염산염)_(0.4mg/1정),tamsulosin
643105380,바이넥스탐스로신염산염서방정0.4밀리그램_(0.4mg/1정),tamsulosin
642800970,알프신엑스엘정(알푸조신염산염)_(10mg/1정),alfuzosin
693202710,조바토린정10/10밀리그램(에제티미브/심바스타틴)_(1정),simvastatin
649000100,메로캄캡슐(멜록시캄)_(7.5mg/1캡슐),meloxicam
649000590,콜듀엣정5mg/10mg_(1정),amlodipine
649001030,리바스타틴정 20밀리그램(심바스타틴)_(20mg/1정),simvastatin
649001090,아톨바정10밀리그램(아토르바스타틴칼슘삼수화물)_(10.85mg/1정),atorvastatin
649002150,아톨바정20밀리그램(아토르바스타틴칼슘삼수화물)_(21.7mg/1정),atorvastatin
649100110,디엠정(돔페리돈말레산염)_(12.72mg/1정),domperidone
641100141,씨프로바이주사(시프로플록사신)_(0.2g/100mL),ciprofloxacin
680500560,씨팍신정250밀리그램(시프로플록사신염산염수화물)_(0.291g/1정),ciprofloxacin
59000280,클리비오정(클래리트로마이신)_(0.25g/1정),clarithromycin
649101780,휴심바정(심바스타틴)_(20mg/1정),simvastatin
641907571,클라릭건조시럽250mg/5mL(클래리트로마이신제피과립)_(3.5g/70mL),clarithromycin
642307590,삼성클래리트로마이신정500밀리그램_(0.5g/1정),clarithromycin
649102290,크레스바정10mg(로수바스타틴칼슘)_(10.4mg/1정),rosuvastatin
658600220,레핀정(레르카니디핀염산염)(수출명 : RY-LPIN)_(10mg/1정),lercanidipine
649102390,아토듀엣정5/10mg_(1정),atorvastatin
649102720,후리패스캡슐(실로도신)_(4mg/1캡슐),silodosin
649604411,클래미신건조시럽125mg/5mL(클래리트로마이신)_(2.5g/100mL),clarithromycin
649102990,심바티브정10/20_(1정),simvastatin
644200580,클래리시드필름코팅정500밀리그람(클래리트로마이신)_(0.5g/1정),clarithromycin
649102990,심바티브정10/20_(1정),ezetimibe
660703070,클래민정250mg(클래리트로마이신)_(0.25g/1정),clarithromycin
649103020,심바티브정10/10_(1정),simvastatin
649103020,심바티브정10/10_(1정),ezetimibe
670303630,크래리스정250밀리그램(클래리트로마이신)_(0.25g/1정),clarithromycin
649104880,젤로스타정20/20밀리그램_(1정),olmesartan medoxomil
649104980,듀오텔미정40/5밀리그램_(1정),rosuvastatin
649105010,듀오텔미정80/5밀리그램_(1정),telmisartan
649105120,크레칸데정10/8밀리그램_(1정),candesartan cilexetil
649105140,아토티브정10/10밀리그램_(1정),ezetimibe
649105140,아토티브정10/10밀리그램_(1정),atorvastatin
649105170,아토티브정10/20밀리그램_(1정),ezetimibe
649105180,아토티브정10/40밀리그램_(1정),atorvastatin
649105220,리넬토정10밀리그램(리바록사반)_(10mg/1정),rivaroxaban
649105230,리넬토정15밀리그램(리바록사반)_(15mg/1정),rivaroxaban
649105240,리넬토정20밀리그램(리바록사반)_(20mg/1정),rivaroxaban
649105330,엑스아토르정5/80/10밀리그램_(1정),valsartan
649105330,엑스아토르정5/80/10밀리그램_(1정),amlodipine
649105340,엑스아토르정5/160/10밀리그램_(1정),atorvastatin
649105340,엑스아토르정5/160/10밀리그램_(1정),amlodipine
649105360,엑스크레스바정5/80/5밀리그램_(1정),amlodipine
649105370,엑스크레스바정5/80/10밀리그램_(1정),valsartan
649105450,다낼리아엠서방정20/1000밀리그램_(1정),teneligliptin
649105450,다낼리아엠서방정20/1000밀리그램_(1정),metformin
649105460,다낼리아엠서방정10/750밀리그램_(1정),metformin
649105470,다낼리아엠서방정10/500밀리그램_(1정),teneligliptin
649105470,다낼리아엠서방정10/500밀리그램_(1정),metformin
649105520,나누메트엑스알서방정50/500밀리그램_(1정),sitagliptin
649105530,나누메트엑스알서방정50/1000밀리그램_(1정),sitagliptin
649105540,나누메트엑스알서방정100/1000밀리그램_(1정),sitagliptin
649105590,아토코마연질캡슐5/1000밀리그램_(1캡슐),atorvastatin
649105690,나누메트정50/500밀리그램_(1정),sitagliptin
649105700,나누메트정50/850밀리그램_(1정),metformin
649105700,나누메트정50/850밀리그램_(1정),sitagliptin
649105710,나누메트정50/1000밀리그램_(1정),sitagliptin
649105710,나누메트정50/1000밀리그램_(1정),metformin
649105770,"다야브스메트정50/500밀리그램(빌다글립틴, 메트포르민염산염)_(1정)",metformin
649105770,"다야브스메트정50/500밀리그램(빌다글립틴, 메트포르민염산염)_(1정)",vildagliptin
649105780,"다야브스메트정50/850밀리그램(빌다글립틴, 메트포르민염산염)_(1정)",vildagliptin
649105780,"다야브스메트정50/850밀리그램(빌다글립틴, 메트포르민염산염)_(1정)",metformin
649105790,"다야브스메트정50/1000밀리그램(빌다글립틴, 메트포르민염산염)_(1정)",vildagliptin
649106070,"듀오텔미플러스정80/5/10밀리그램(텔미사르탄,암로디핀,로수바스타틴)_(1정)",amlodipine
644500300,맥스마빌장용정_(1정),sodium alendronate
649106170,디알파연질캡슐1.0마이크로그램(알파칼시돌)_(1㎍/1캡슐),alfacalcidol
649401280,심바로정(심바스타틴)_(20mg/1정),simvastatin
643201271,헤라신건조시럽250밀리그람/5밀리리터(클래리트로마이신)_(3.5g/70mL),clarithromycin
649404510,글리피론엠정2/500밀리그램_(1정),metformin
649404510,글리피론엠정2/500밀리그램_(1정),glimepiride
649404880,아로반정20밀리그램(아토르바스타틴칼슘삼수화물)_(21.7mg/1정),atorvastatin
649405510,크레바젯정10/10밀리그램_(1정),rosuvastatin
649405530,크레바젯정10/5밀리그램_(1정),rosuvastatin
649405580,알트젯정10/10밀리그램_(1정),atorvastatin
649405580,알트젯정10/10밀리그램_(1정),ezetimibe
649501400,아졸락정0.25밀리그람(알프라졸람)_(0.25mg/1정),alprazolam
649501420,아졸락정0.5밀리그람(알프라졸람)_(0.5mg/1정),alprazolam
649506230,유니피토정10밀리그램(아토르바스타틴칼슘)_(10.36mg/1정),atorvastatin
649506790,유니심바정5밀리그램(심바스타틴)_(5mg/1정),simvastatin
649508030,텔로타틴정40/5/10밀리그램_(1정),amlodipine
649508090,토바젯정10/10밀리그램_(1정),ezetimibe
649508090,토바젯정10/10밀리그램_(1정),atorvastatin
649508380,디엠타틴정(피타바스타틴칼슘)_(2mg/1정),pitavastatin
643502740,타리무스캡슐1밀리그램(타크로리무스수화물)_(1.02mg/1캡슐),tacrolimus
649508700,지에케이정5밀리그램(토파시티닙)_(5mg/1정),tofacitinib
649600920,리피테롤정(아토르바스타틴칼슘삼수화물)_(10.85mg/1정),atorvastatin
649601420,심바스테롤정20밀리그람(심바스타틴)_(20mg/1정),simvastatin
649605210,글리밀엠정2/500mg_(1정),glimepiride
649605210,글리밀엠정2/500mg_(1정),metformin
649606020,리피듀엣정10/20밀리그램_(1정),atorvastatin
655501341,녹사필현탁액(포사코나졸(미분화))_(4.2g/105mL),posaconazole
649606050,리록사반정15밀리그램(리바록사반)_(15mg/1정),rivaroxaban
649606190,시타글리듀오엑스알서방정50/500밀리그램_(1정),sitagliptin
649606190,시타글리듀오엑스알서방정50/500밀리그램_(1정),metformin
649606200,시타글리듀오엑스알서방정50/1000밀리그램_(1정),metformin
649606200,시타글리듀오엑스알서방정50/1000밀리그램_(1정),sitagliptin
649606210,시타글리듀오엑스알서방정100/1000밀리그램_(1정),metformin
649606210,시타글리듀오엑스알서방정100/1000밀리그램_(1정),sitagliptin
649606370,"리피듀엣정10/10밀리그램(에제티미브, 아토르바스타틴칼슘삼수화물)_(1정)",atorvastatin
644000290,로미록신정(록시트로마이신)_(0.15g/1정),roxithromycin
670300400,록시틸정150밀리그램(록시트로마이신)_(0.15g/1정),roxithromycin
655403620,일성클래리트로마이신정250mg_(0.25g/1정),clarithromycin
649702270,로수바신정20mg(로수바스타틴칼슘)_(20.8mg/1정),rosuvastatin
649703020,시타엔메트엑스알서방정50/500밀리그램_(1정),metformin
649703020,시타엔메트엑스알서방정50/500밀리그램_(1정),sitagliptin
649703030,시타엔메트엑스알서방정50/1000밀리그램_(1정),metformin
649703040,시타엔메트엑스알서방정100/1000밀리그램_(1정),metformin
649703040,시타엔메트엑스알서방정100/1000밀리그램_(1정),sitagliptin
649703150,아토엘젯정10/10밀리그램_(1정),ezetimibe
649703160,아토엘젯정10/20밀리그램_(1정),atorvastatin
649703160,아토엘젯정10/20밀리그램_(1정),ezetimibe
649703170,아토엘젯정10/40밀리그램_(1정),atorvastatin
658700520,엘리퀴스정2.5밀리그램(아픽사반)_(2.5mg/1정),apixaban
655403541,일성클래리트로마이신건조시럽250mg/5mL_(3.5g/70mL),clarithromycin
649802760,카르마인씨알정(카르바마제핀)_(0.2g/1정),carbamazepine
622800200,아페락정(아세클로페낙)_(0.1g/1정),aceclofenac
649802851,"케토신주사(케토롤락트로메타민염)(수출명:뉴케토신주사,NEWKETOCININJ)_(30mg/1mL)",ketorolac tromethamine
653805620,에이스낙CR서방정200밀리그램(아세클로페낙)_(0.2g/1정),aceclofenac
665001860,엔클로페낙정(아세클로페낙)_(0.1g/1정),aceclofenac
647204440,아스팜장용정(아스피린)_(0.1g/1정),aspirin
653001330,아나클정(아세클로페낙)(수출명:파나정정)_(0.1g/1정),aceclofenac
649806290,명문아토르바스타틴정10mg(아토르바스타틴칼슘삼수화물)_(10.85mg/1정),atorvastatin
649806800,명문알프라졸람정0.5밀리그램_(0.5mg/1정),alprazolam
641908100,젤로다정150밀리그램(카페시타빈)_(0.15g/1정),capecitabine
649807210,테고캡슐20_(1캡슐),oteracil
649807590,텔미로브정80/5밀리그램_(1정),telmisartan
649807800,에젯토정10/20밀리그램_(1정),ezetimibe
649807810,에젯토정10/10밀리그램_(1정),atorvastatin
649807810,에젯토정10/10밀리그램_(1정),ezetimibe
649807950,당이자누콤비정50/500밀리그램_(1정),metformin
655403292,레이팜370주사액(이오파미돌)_(37.76g/50mL),iopamidol
649807950,당이자누콤비정50/500밀리그램_(1정),sitagliptin
649807960,당이자누콤비정50/850밀리그램_(1정),sitagliptin
649807970,당이자누콤비정50/1000밀리그램_(1정),sitagliptin
649808240,텔미원스플러스정80/5/5밀리그램_(1정),telmisartan
649808350,"로젯정10/2.5밀리그램(에제티미브,로수바스타틴)_(1정)",ezetimibe
649900290,삼스카정15밀리그램(톨밥탄분무건조분말)_(15mg/1정),tolvaptan sd powder
643300600,리포덱스정600밀리그람(리팜피신)/종근당리팜피신정600밀리그람(수출용)_(0.6g/1정),rifampicin
649900460,아이클루시그정45밀리그램(포나티닙염산염)_(48.08mg/1정),ponatinib
625900090,젠보야정_(1정),elvitegravir
650002840,키벡사정_(1정),lamivudine
645307060,"리나로엠서방정5/1000밀리그램(리나글립틴,메트포르민)_(1정)",metformin
648104840,다파메트서방정10/500밀리그램_(1정),dapagliflozin bis
648508300,"리나루틴듀오정2.5/1000밀리그램(리나글립틴,메트포르민)_(1정)",linagliptin
647805640,다포진엠서방정10/500밀리그램_(1정),dapagliflozin anhydrous lactose mixture
643309960,"엠파맥스엠정5/850밀리그램(엠파글리플로진,메트포르민)_(1정)",empagliflozin
664600060,글루파정850mg(메트포르민염산염)_(0.85g/1정),metformin
645211070,"엠파콤비서방정25/1000밀리그램(엠파글리플로진,메트포르민)_(1정)",metformin
641606630,리피메트서방정10/500밀리그램_(1정),metformin
641600360,다이아벡스엑스알서방정500밀리그램(메트포르민염산염)_(0.5g/1정),metformin
640904630,"트리나엠서방정5/1000밀리그램(리나글립틴, 메트포르민)_(1정)",metformin
658204720,다파로진듀오서방정10/1000밀리그램_(1정),dapagliflozin
669806270,테리아엠서방정20/1000밀리그램_(1정),teneligliptin
641906990,"트루리나엠정2.5/1000mg(리나글립틴,메트포르민염산염)_(1정)",metformin
643508570,다파론듀오서방정5/1000밀리그램_(1정),dapagliflozin bis
698004680,자디원듀오정12.5/1000밀리그램_(1정),empagliflozin
648105000,"리타메진서방정2.5/1000밀리그램(리나글립틴(미분화),메트포르민염산염)_(1정)",linagliptin
652301110,아포민정(메트포르민염산염)_(0.5g/1정),metformin
693903850,"네시나메트정12.5/850밀리그램(알로글립틴벤조산염,메트포르민염산염)_(1정)",alogliptin
641608050,"포시로멧서방정10/500밀리그램(다파글리플로진, 메트포르민염산염)_(1정)",dapagliflozin
668902580,제미메트서방정25/500밀리그램_(1정),metformin
643606500,폴민다파서방정10/1000밀리그램_(1정),dapagliflozin
669908460,"엔피앙듀오정12.5/1000밀리그램(엠파글리플로진,메트포르민염산염)_(1정)",empagliflozin
645306860,다파로엠서방정10/1000밀리그램_(1정),dapagliflozin
642906820,다포르메트서방정10/1000밀리그램_(1정),dapagliflozin bis
652105480,테넬리아엠서방정20/1000밀리그램_(1정),metformin
641907000,"트루리나엠정2.5/500mg(리나글립틴,메트포르민염산염)_(1정)",metformin
657308930,리나탑듀오정2.5/1000밀리그램_(1정),metformin
648508020,테리글메트서방정10/500밀리그램_(1정),teneligliptin
644915050,"자디메트정5/850밀리그램(엠파글리플로진, 메트포르민염산염)_(1정)",metformin
643508690,실다파엠서방정5/50/500밀리그램_(1정),dapagliflozin
649808250,"명문리나글립틴듀오서방정2.5/1000밀리그램(리나글립틴,메트포르민염산염)_(1정)",metformin
657309100,"엠파앙듀오정12.5/850밀리그램(엠파글리플로진,메트포르민염산염)_(1정)",empagliflozin
653405110,테네리칸엠서방정10/500밀리그램_(1정),teneligliptin
641604640,다이아벡스엑스알서방정1000밀리그램(메트포르민염산염)_(1g/1정),metformin
654702310,테네로틴엠서방정20/1000밀리그램_(1정),teneligliptin
661905800,"자디플로진엠정12.5/500밀리그램(엠파글리플로진,메트포르민염산염)_(1정)",metformin
622801930,메트폴엠정(메트포르민염산염)_(0.5g/1정),metformin
657808420,"자디스듀오서방정10/1000밀리그램(엠파글리플로진, 메트포르민)_(1정)",metformin
650700900,콤비글라이즈서방정5/500밀리그램_(1정),metformin
671807730,다파시타엠서방정5/50/500밀리그램_(1정),metformin
653501540,자디앙듀오정5/500밀리그램_(1정),empagliflozin
694001260,다이아폴민엑스알서방정750밀리그램(메트포르민염산염)_(0.75g/1정),metformin
642507900,"엠파프로메트서방정25/1000밀리그램(엠파글리플로진,메트포르민)_(1정)",empagliflozin
670609300,"휴시가듀오서방정10/500밀리그램(다파글리플로진, 메트포르민)_(1정)",dapagliflozin
644915070,"자디메트정5/1000밀리그램(엠파글리플로진, 메트포르민염산염)_(1정)",empagliflozin
643309750,"엠시폴민서방정25/100/1000밀리그램(엠파글리플로진,시타글립틴,메트포르민)_(1정)",metformin
694004080,"포시다파엠서방정5/500밀리그램(다파글리플로진프로판디올수화물,메트포르민염산염)_(1정)",dapagliflozin
645907570,"엠플로엠서방정25/1000밀리그램(엠파글리플로진,메트포르민)_(1정)",metformin
698004700,자디원듀오정5/850밀리그램_(1정),empagliflozin
668902990,제미메트서방정50/500밀리그램_(1정),gemigliptin
641906960,"트루리나엠정2.5/850mg(리나글립틴,메트포르민염산염)_(1정)",metformin
646005690,"다파글엠서방정10/500밀리그램(다파글리플로진프로판디올수화물,메트포르민염산염)_(1정)",dapagliflozin
645406380,"리나틴플러스엑스알정2.5/1000밀리그램(리나글립틴,메트포르민염산염)_(1정)",metformin
642105170,로수메트서방정10/750밀리그램_(1정),rosuvastatin
650103272,아이오브릭스주270(이오헥솔)_(75.712g/130mL),iohexol
670609500,"휴시글로엠서방정5/50/1000밀리그램(다파글리플로진, 시타글립틴, 메트포르민)_(1정)",metformin
657807720,테리움엠서방정10/750밀리그램_(1정),teneligliptin
671807880,트라리틴콤비서방정2.5/750밀리그램_(1정),linagliptin
663607360,피오민메트정15/850밀리그램_(1정),metformin
59000150,글루테니어정500mg(메트포르민염산염)_(0.5g/1정),metformin
694000490,베아릴엠정2/500밀리그램_(1정),glimepiride
653701970,랙스엠정2/500밀리그램_(1정),metformin
650201650,알파시돌연질캡슐1마이크로그램(알파칼시돌)_(1㎍/1캡슐),alfacalcidol
650202940,리포액틴정40밀리그램(아토르바스타틴칼슘삼수화물)_(43.4mg/1정),atorvastatin
650203700,글리베타엠정_(1정),glimepiride
650205760,리포젯정10/20밀리그램_(1정),ezetimibe
650205830,에이브스메트정50/500밀리그램_(1정),metformin
650205860,에이테넬엠서방정10/500밀리그램_(1정),metformin
650205860,에이테넬엠서방정10/500밀리그램_(1정),teneligliptin
650205870,에이테넬엠서방정10/750밀리그램_(1정),teneligliptin
650205870,에이테넬엠서방정10/750밀리그램_(1정),metformin
650205880,에이테넬엠서방정20/1000밀리그램_(1정),teneligliptin
650205880,에이테넬엠서방정20/1000밀리그램_(1정),metformin
650205940,에이시타메트엑스알서방정50/500밀리그램_(1정),sitagliptin
650205940,에이시타메트엑스알서방정50/500밀리그램_(1정),metformin
650205950,에이시타메트엑스알서방정100/1000밀리그램_(1정),metformin
650205950,에이시타메트엑스알서방정100/1000밀리그램_(1정),sitagliptin
650205960,에이시타메트엑스알서방정50/1000밀리그램_(1정),metformin
650205960,에이시타메트엑스알서방정50/1000밀리그램_(1정),sitagliptin
650206100,"에이브스메트정50/1000밀리그램(빌다글립틴,메트포르민염산염)_(1정)",vildagliptin
650206100,"에이브스메트정50/1000밀리그램(빌다글립틴,메트포르민염산염)_(1정)",metformin
650301130,조바틴정20밀리그램(심바스타틴)_(20mg/1정),simvastatin
650302680,로수바틴정20밀리그램(로수바스타틴칼슘)_(20.8mg/1정),rosuvastatin
650302800,미아릴엠정1/250밀리그램_(1정),glimepiride
650302800,미아릴엠정1/250밀리그램_(1정),metformin
650302810,미아릴엠정2/500밀리그램_(1정),metformin
650302810,미아릴엠정2/500밀리그램_(1정),glimepiride
650303010,아토란정20밀리그램(아토르바스타틴칼슘수화물)_(21.7mg/1정),atorvastatin
650303020,아토란정10밀리그램(아토르바스타틴칼슘수화물)_(10.85mg/1정),atorvastatin
650303450,바이스타정10/20mg_(1정),simvastatin
650303450,바이스타정10/20mg_(1정),ezetimibe
57600031,클시드건조시럽250mg/5mL(클래리트로마이신)_(3.5g/70mL),clarithromycin
669906850,클래마신정500mg(클래리트로마이신)_(0.5g/1정),clarithromycin
650303460,바이스타정10/10mg_(1정),ezetimibe
650303460,바이스타정10/10mg_(1정),simvastatin
650304230,진토젯정10/40밀리그램_(1정),ezetimibe
650304240,진토젯정10/20밀리그램_(1정),atorvastatin
650304300,테네그린듀오서방정10/750밀리그램_(1정),teneligliptin
650304310,테네그린듀오서방정10/500밀리그램_(1정),metformin
650304310,테네그린듀오서방정10/500밀리그램_(1정),teneligliptin
650304320,테네그린듀오서방정20/1000밀리그램_(1정),teneligliptin
650304340,자누그린듀오정50/500밀리그램_(1정),sitagliptin
650304340,자누그린듀오정50/500밀리그램_(1정),metformin
650304370,자누그린듀오정50/850밀리그램_(1정),sitagliptin
650304370,자누그린듀오정50/850밀리그램_(1정),metformin
650304380,자누그린듀오정50/1000밀리그램_(1정),sitagliptin
650304380,자누그린듀오정50/1000밀리그램_(1정),metformin
650700540,크레스토정5밀리그램(로수바스타틴칼슘)_(5.2mg/1정),rosuvastatin
657307140,크래빅스정500mg(클래리트로마이신)_(0.5g/1정),clarithromycin
650700790,브릴린타정90밀리그램(티카그렐러)_(90mg/1정),ticagrelor
649102310,클래스로신정250mg(클래리트로마이신)_(0.25g/1정),clarithromycin
650701000,브릴린타정60밀리그램(티카그렐러)_(60mg/1정),ticagrelor
643100260,로프신정250mg(시프로플록사신염산염수화물)_(0.291g/1정),ciprofloxacin
651202630,비듀엣정5mg/10mg_(1정),atorvastatin
651203240,로수틴정10밀리그램(로수바스타틴칼슘)_(10.4mg/1정),rosuvastatin
651203620,디어메디엠정2/500밀리그램_(1정),glimepiride
651204390,로스텔정80/5밀리그램_(1정),telmisartan
651204410,로스텔정40/5밀리그램_(1정),telmisartan
644309860,아자프린정12.5밀리그램(아자티오프린)_(12.5mg/1정),azathioprine
651204670,페록스정80밀리그램(페북소스타트)_(80mg/1정),febuxostat
651205690,아토로우플러스정10/10밀리그램_(1정),atorvastatin
651205700,아토로우플러스정10/20밀리그램_(1정),ezetimibe
651205770,암로반플러스정5/80/5밀리그램_(1정),rosuvastatin
651205830,텔리아엠서방정20/1000밀리그램_(1정),metformin
651205840,텔리아엠서방정10/500밀리그램_(1정),teneligliptin
651205850,텔리아엠서방정10/750밀리그램_(1정),metformin
651205850,텔리아엠서방정10/750밀리그램_(1정),teneligliptin
651205960,자누글루엠엑스알서방정50/500밀리그램_(1정),metformin
651205960,자누글루엠엑스알서방정50/500밀리그램_(1정),sitagliptin
651205970,자누글루엠엑스알서방정50/1000밀리그램_(1정),sitagliptin
651205980,자누글루엠엑스알서방정100/1000밀리그램_(1정),sitagliptin
651206020,자누글루엠정50/500밀리그램(시타글립틴염산염수화물/메트포르민염산염)_(1정),metformin
651206020,자누글루엠정50/500밀리그램(시타글립틴염산염수화물/메트포르민염산염)_(1정),sitagliptin
651206030,자누글루엠정50/850밀리그램(시타글립틴염산염수화물/메트포르민염산염)_(1정),sitagliptin
651206030,자누글루엠정50/850밀리그램(시타글립틴염산염수화물/메트포르민염산염)_(1정),metformin
651206040,자누글루엠정50/1000밀리그램(시타글립틴염산염수화물/메트포르민염산염)_(1정),metformin
651206040,자누글루엠정50/1000밀리그램(시타글립틴염산염수화물/메트포르민염산염)_(1정),sitagliptin
651206070,로스텔플러스정80/5/10밀리그램_(1정),telmisartan
651206070,로스텔플러스정80/5/10밀리그램_(1정),amlodipine
651206080,로스텔플러스정40/5/10밀리그램_(1정),telmisartan
651300710,아토잘정10밀리그램(아토르바스타틴칼슘삼수화물)_(10.85mg/1정),atorvastatin
651500480,리피트롤정(아토르바스타틴칼슘수화물)_(10.85mg/1정),atorvastatin
651500560,바스트정20밀리그람(심바스타틴)_(20mg/1정),simvastatin
651503310,그리마린엠정2/500밀리그램_(1정),glimepiride
651503310,그리마린엠정2/500밀리그램_(1정),metformin
645402521,이리테칸주(이리노테칸염산염)_(0.2g/10mL),irinotecan
642200720,부광미졸렌정10밀리그램(미졸라스틴)_(10mg/1정),mizolastine
651600771,피케이멜즈인퓨전주(아만타딘황산염)_(0.2g/500mL),amantadine
651600840,아토산정10밀리그램(아토르바스타틴칼슘삼수화물)_(10.85mg/1정),atorvastatin
651601510,윈글리엠정1/250밀리그램_(1정),metformin
651601510,윈글리엠정1/250밀리그램_(1정),glimepiride
651601520,윈글리엠정2/500밀리그램_(1정),metformin
651601520,윈글리엠정2/500밀리그램_(1정),glimepiride
670600181,노르에피린주사(노르에피네프린타르타르산염수화물)_(8mg/4mL),norepinephrine
651601550,네오날린패취0.5밀리그램(툴로부테롤)_(1.6X1.6㎠/1매),tulobuterol
651601760,크로마이신정500밀리그램(클래리트로마이신)_(0.5g/1정),clarithromycin
651601770,리드코졸캡슐(플루코나졸)_(50mg/1캡슐),fluconazole
642505810,렉사큐어정10밀리그램(에스시탈로프람옥살산염)_(12.77mg/1정),escitalopram
651602761,이치리진시럽(히드록시진염산염)_(0.2g/100mL),hydroxyzine
657200880,페리돌정3밀리그램(할로페리돌)_(3mg/1정),haloperidol
651602920,"한화로칸정 5/8밀리그램(로수바스타틴칼슘, 칸데사르탄실렉세틸)_(1정)",candesartan cilexetil
651602930,"한화로칸정 5/16밀리그램(로수바스타틴칼슘, 칸데사르탄실렉세틸)_(1정)",rosuvastatin
645406340,제프람멜츠구강붕해정5밀리그램(에스시탈로프람옥살산염)_(6.385mg/1정),escitalopram
652606090,렉사젠정20밀리그램(에스시탈로프람옥살산염)_(25.54mg/1정),escitalopram
648903021,화이자펜타미딘이세티온산염주300mg_(0.3g/1병),pentamidine isethionate
59000750,레보프사정100밀리그램(레보플록사신수화물)_(0.10249g/1정),levofloxacin
644101431,리스로마이신건조시럽125mg/5ml(클래리트로마이신제피과립)_(2.5g/100mL),clarithromycin
642004140,엑스프람정5밀리그램(에스시탈로프람옥살산염)_(6.39mg/1정),escitalopram
658601540,이연클래리트로마이신정_(0.25g/1정),clarithromycin
694001360,렉사스타정10밀리그램(에스시탈로프람옥살산염)_(12.77mg/1정),escitalopram
651900980,명인할로페리돌정10밀리그램(수출명:로펠-엠정(할로페리돌))_(10mg/1정),haloperidol
648102570,레시프람정(에스시탈로프람옥살산염)_(12.77mg/1정),escitalopram
645304930,마비드정500밀리그램(클래리트로마이신)_(0.5g/1정),clarithromycin
651200281,레토스건조시럽(클래리트로마이신제피과립)_(2.5g/100mL),clarithromycin
645901261,레펙신주(레보플록사신수화물)_(0.51246g/100mL),levofloxacin
628800040,클래비트정250mg(클래리트로마이신)_(0.25g/1정),clarithromycin
651904180,트리레보정125/31.25/200mg_(1정),levodopa
670300830,아지로신정250밀리그램(아지트로마이신수화물)_(0.26203g/1정),azithromycin
651900990,명인할로페리돌정20밀리그람_(20mg/1정),haloperidol
645404520,트리도파정75/18.75/200밀리그램_(1정),levodopa
642404280,시탈로정5밀리그램(에스시탈로프람옥살산염)_(6.39mg/1정),escitalopram
646000430,레록신정(레보플록사신수화물)_(0.1g/1정),levofloxacin
621800510,클라리신정(클래리스로마이신)_(0.25g/1정),clarithromycin
645401891,크라비트주(레보플록사신)_(0.5g/100mL),levofloxacin
649505100,렉타신정250밀리그램(레보플록사신수화물)_(0.25615g/1정),levofloxacin
651901000,명인할로페리돌정3밀리그램_(3mg/1정),haloperidol
643504840,레복사신정250밀리그램(레보플록사신수화물)_(0.25625g/1정),levofloxacin
657203630,에프람정20밀리그램(에스시탈로프람옥살산염)_(25.54mg/1정),escitalopram
694001740,렉사스타정5밀리그램(에스시탈로프람옥살산염)_(6.39mg/1정),escitalopram
645404490,트리도파정125/31.25/200밀리그램_(1정),entacapone
694003380,크라보신정100밀리그램(레보플록사신수화물)_(0.10249g/1정),levofloxacin
642801900,시타프렉스정10밀리그램(에스시탈로프람옥살산염)_(12.77mg/1정),escitalopram
652000451,코다론주사(아미오다론염산염)_(0.15g/3mL),amiodarone
55102280,클로시드정250밀리그램(클래리트로마이신)_(0.25g/1정),clarithromycin
652606870,스타레보필름코팅정50/12.5/200밀리그램_(1정),carbidopa
641704760,클래팍신정 250mg(클래리트로마이신)_(0.25g/1정),clarithromycin
643904070,산도스에스시탈로프람정5밀리그램_(6.39mg/1정),escitalopram
651901730,자나팜정0.25밀리그람(알프라졸람)_(0.25mg/1정),alprazolam
651901740,자나팜정0.4밀리그람(알프라졸람)_(0.4mg/1정),alprazolam
651901750,자나팜정0.5밀리그람(알프라졸람)_(0.5mg/1정),alprazolam
651901760,자나팜정1밀리그람(알프라졸람)_(1mg/1정),alprazolam
59400031,이펨큐주500밀리그램_(1병),cilastatin
651902390,프로막정500밀리그람(발프로산마그네슘)_(0.5g/1정),valproate
651902500,투믹스정 5mg/10mg_(1정),atorvastatin
651902510,투믹스정 5mg/20mg_(1정),atorvastatin
651904130,올스타틴정20mg(로수바스타틴칼슘)_(20.8mg/1정),rosuvastatin
654001730,트로돈캅셀(트라마돌염산염)[수출명:트로돈포르트캅셀(트라마돌염산염)]_(50mg/1캡슐),tramadol
651904850,라사린정0.5밀리그램(라사길린메실산염)_(0.78mg/1정),rasagiline
651904980,명인리바록사반정15밀리그램_(15mg/1정),rivaroxaban
651905210,명인톨밥탄정30밀리그램_(30mg/1정),tolvaptan
661604600,알피클래리정250mg(클래리트로마이신)_(0.25g/1정),clarithromycin
652100830,아마릴엠정1/250밀리그람(수출명 : 코아마릴1/250밀리그람)_(1정),metformin
652100830,아마릴엠정1/250밀리그람(수출명 : 코아마릴1/250밀리그람)_(1정),glimepiride
652100840,아마릴엠정2/500밀리그람(수출명 : 코아마릴2/500밀리그람)_(1정),metformin
652100840,아마릴엠정2/500밀리그람(수출명 : 코아마릴2/500밀리그람)_(1정),glimepiride
652103560,아마릴엠정1/500밀리그램_(1정),glimepiride
652103560,아마릴엠정1/500밀리그램_(1정),metformin
652103870,아마릴-멕스서방정2/500밀리그램_(1정),glimepiride
652103870,아마릴-멕스서방정2/500밀리그램_(1정),metformin
652105490,메가로젯정10/20밀리그램_(1정),ezetimibe
652301150,파로틴정10mg(아토르바스타틴칼슘)_(10.36mg/1정),atorvastatin
653004591,"로푸신주(시프로플록사신)(수출명:시프로플록스주,파마시프로플록사신주)_(0.2g/100mL/백)",ciprofloxacin
652600040,알보젠돔페리돈정_(10mg/1정),domperidone
648603160,클라로드정500mg(클래리트로마이신)_(0.5g/1정),clarithromycin
647205991,온트론주2밀리그램/밀리리터(바이알)(온단세트론염산염)_(5mg/2mL),ondansetron
651901950,코팩사엑스알서방캡슐75mg(벤라팍신염산염)_(84.84mg/1캡슐),venlafaxine
644002010,후루칸캡슐(플루코나졸)(수출명: HEFLUCONE Cap.)_(50mg/1캡슐),fluconazole
640001622,이노엔레보플록사신주_(0.51246g/100mL/백),levofloxacin
652603030,글루비엠정2/500밀리그램_(1정),glimepiride
652603030,글루비엠정2/500밀리그램_(1정),metformin
680900180,릭시아나정30밀리그램(에독사반토실산염수화물)_(40.41mg/1정),edoxaban
652603240,엘디로정20밀리그램(아토르바스타틴칼슘삼수화물)_(21.7mg/1정),atorvastatin
653103761,젝스트프리필드펜주150마이크로그램(에피네프린타르타르산염)_(0.27285mg/1펜),epinephrine
652606790,쎄로켈서방정300밀리그램(쿠에티아핀푸마르산염)_(0.34538g/1정),quetiapine
652606960,아제티브정10/10밀리그램_(1정),ezetimibe
652606960,아제티브정10/10밀리그램_(1정),atorvastatin
652606970,아제티브정10/20밀리그램_(1정),atorvastatin
652606970,아제티브정10/20밀리그램_(1정),ezetimibe
652606980,아제티브정10/40밀리그램_(1정),atorvastatin
652903400,아토르정20밀리그램(아토르바스타틴칼슘삼수화물)_(21.7mg/1정),atorvastatin
654700590,지로디핀지속정(펠로디핀)_(5mg/1정),felodipine
652904130,듀타딘정 5/10밀리그램_(1정),amlodipine
652904510,듀토르정10/10밀리그램_(1정),atorvastatin
652904670,"자누벡스정50/1000밀리그램(시타글립틴염산염수화물, 메트포르민염산염)_(1정)",metformin
652904670,"자누벡스정50/1000밀리그램(시타글립틴염산염수화물, 메트포르민염산염)_(1정)",sitagliptin
652904680,"자누벡스정50/850밀리그램(시타글립틴염산염수화물, 메트포르민염산염)_(1정)",metformin
652904680,"자누벡스정50/850밀리그램(시타글립틴염산염수화물, 메트포르민염산염)_(1정)",sitagliptin
652904690,"자누벡스정50/500밀리그램(시타글립틴염산염수화물, 메트포르민염산염)_(1정)",metformin
653100431,비씨디클로페낙나트륨주사_(75mg/2mL),diclofenac
653100600,비씨아토르바스타틴정(아토르바스타틴칼슘수화물)_(10.85mg/1정),atorvastatin
653102060,듀오맥스정_(1정),amlodipine
647803710,크리페낙정(아세클로페낙)_(0.1g/1정),aceclofenac
653400910,케토라신정(케토롤락트로메타민)_(10mg/1정),ketorolac tromethamine
644003280,삼익아스피린장용정_(0.1g/1정),aspirin
690302080,멜록시엠캡슐7.5밀리그램(멜록시캄)_(7.5mg/1캡슐),meloxicam
654005320,파나덱스정300밀리그램(덱시부프로펜)_(0.3g/1정),dexibuprofen
53300200,아세크릴정(아세클로페낙)_(0.1g/1정),aceclofenac
653406070,"엠플진메트서방정12.5/1000밀리그램(엠파글리플로진, 메트포르민염산염)_(1정)",empagliflozin
671808030,"엠파시타엠서방정25/100/1000밀리그램(엠파글리플로진,시타글립틴,메트포르민염산염)_(1정)",sitagliptin
642405160,"답플로엠서방정10/1000밀리그램(다파글리플로진프로판디올수화물,메트포르민염산염)_(1정)",metformin
642405050,테립틴엠서방정20/1000밀리그램_(1정),metformin
653806290,트라글립틴듀오정2.5/850mg_(1정),linagliptin
647805800,"엠포진듀오정5/500밀리그램(엠파글리플로진,메트포르민염산염)_(1정)",metformin
694000420,트라콘정(이트라코나졸고체분산체)_(0.253g/1정),itraconazole
653401650,아토반정20밀리그램(아토르바스타틴칼슘)_(20.72mg/1정),atorvastatin
653402510,글리메론정_(1정),metformin
653402510,글리메론정_(1정),glimepiride
624900340,벤클렉스타정10밀리그램(베네토클락스)_(10mg/1정),venetoclax
653403750,로수탄젯정10/5밀리그램_(1정),ezetimibe
653404330,피타론에프캡슐_(1캡슐),pitavastatin
645306860,다파로엠서방정10/1000밀리그램_(1정),metformin
669806290,테리아엠서방정10/500밀리그램_(1정),metformin
653404750,아토반듀오정10/20밀리그램_(1정),ezetimibe
653404750,아토반듀오정10/20밀리그램_(1정),atorvastatin
653404770,아토반듀오정10/40밀리그램_(1정),ezetimibe
653404770,아토반듀오정10/40밀리그램_(1정),atorvastatin
653405190,시타칸메트정50/500밀리그램_(1정),sitagliptin
653405200,시타칸메트정50/850밀리그램_(1정),metformin
653405200,시타칸메트정50/850밀리그램_(1정),sitagliptin
653405210,시타칸메트정50/1000밀리그램_(1정),sitagliptin
653405210,시타칸메트정50/1000밀리그램_(1정),metformin
653405220,시타칸메트서방정100/1000밀리그램_(1정),sitagliptin
653405230,시타칸메트서방정50/500밀리그램_(1정),metformin
653405230,시타칸메트서방정50/500밀리그램_(1정),sitagliptin
653405240,시타칸메트서방정50/1000밀리그램_(1정),metformin
653405240,시타칸메트서방정50/1000밀리그램_(1정),sitagliptin
653405600,"아토반듀오정10/5밀리그램(에제티미브,아토르바스타틴칼슘삼수화물)_(1정)",atorvastatin
653405600,"아토반듀오정10/5밀리그램(에제티미브,아토르바스타틴칼슘삼수화물)_(1정)",ezetimibe
653501350,프라닥사캡슐150밀리그램(다비가트란에텍실레이트메실산염)_(0.17295g/1캡슐),dabigatran etexilate
653601420,가브스메트정50/850밀리그램_(1정),vildagliptin
653601420,가브스메트정50/850밀리그램_(1정),metformin
653601430,가브스메트정50/1000밀리그램_(1정),metformin
653601430,가브스메트정50/1000밀리그램_(1정),vildagliptin
653602300,가브스메트정50/500밀리그램_(1정),metformin
653602530,자이카디아캡슐150밀리그램(세리티닙)_(0.15g/1캡슐),ceritinib
653603270,키스칼리정200밀리그램(리보시클립숙신산염)_(0.2g/1정),ribociclib
643702623,레보카신주(레보플록사신수화물)_(0.51246g/100mL/백),levofloxacin
653700160,돔펠엠정(돔페리돈말레산염)_(12.72mg/1정),domperidone
626900610,테바비칼루타마이드정50밀리그램_(50mg/1정),bicalutamide
643904100,조프란자이디스정4밀리그램(온단세트론)_(4mg/1정),ondansetron
653005141,"로푸신주(시프로플록사신)(수출명:시프로플록스주,파마시프로플록사신주)_(0.4g/200mL/백)",ciprofloxacin
641704380,슈펙트캡슐200밀리그램(라도티닙염산염)_(0.2136g/1캡슐),radotinib
653701970,랙스엠정2/500밀리그램_(1정),glimepiride
653801370,리피칸정10밀리그램(아토르바스타틴칼슘)_(10.36mg/1정),atorvastatin
653801380,리피칸정20밀리그램(아토르바스타틴칼슘)_(20.72mg/1정),atorvastatin
653803460,리피칸정40밀리그램(아토르바스타틴칼슘)_(41.44mg/1정),atorvastatin
653805110,신에소메정40mg(에스오메프라졸마그네슘삼수화물)_(44.50mg/1정),esomeprazole
653805820,로타젯정10/5밀리그램_(1정),ezetimibe
653805830,로타젯정10/20밀리그램_(1정),ezetimibe
653805900,리피젯정10/10밀리그램_(1정),atorvastatin
653805920,리피젯정10/40밀리그램_(1정),atorvastatin
653806010,테글리엠서방정10/500밀리그램_(1정),teneligliptin
653806010,테글리엠서방정10/500밀리그램_(1정),metformin
653806030,테글리엠서방정20/1000밀리그램_(1정),metformin
653806040,테글리엠서방정10/750밀리그램_(1정),metformin
653806040,테글리엠서방정10/750밀리그램_(1정),teneligliptin
653806160,자누메티아엑스알서방정100/1000밀리그램_(1정),metformin
653806180,자누메티아엑스알서방정50/1000밀리그램_(1정),sitagliptin
653806180,자누메티아엑스알서방정50/1000밀리그램_(1정),metformin
653806190,자누메티아엑스알서방정50/500밀리그램_(1정),sitagliptin
653806200,자누메티아정50/1000밀리그램_(1정),sitagliptin
653806200,자누메티아정50/1000밀리그램_(1정),metformin
653806210,자누메티아정50/850밀리그램_(1정),sitagliptin
653806210,자누메티아정50/850밀리그램_(1정),metformin
653806220,자누메티아정50/500밀리그램_(1정),sitagliptin
653806220,자누메티아정50/500밀리그램_(1정),metformin
653806540,"자누엑스알서방정100/1000밀리그램(시타글립틴,메트포르민)_(1정)",metformin
653806540,"자누엑스알서방정100/1000밀리그램(시타글립틴,메트포르민)_(1정)",sitagliptin
653806550,"자누엑스알서방정50/1000밀리그램(시타글립틴,메트포르민)_(1정)",sitagliptin
653806560,"자누엑스알서방정50/500밀리그램(시타글립틴,메트포르민)_(1정)",metformin
653806560,"자누엑스알서방정50/500밀리그램(시타글립틴,메트포르민)_(1정)",sitagliptin
654000071,뉴페낙주사2밀리리터(디클로페낙β-디메틸아미노에탄올)_(90mg/2mL),diclofenac-β-dimethyl-aminoethanol
654000580,심바트정20밀리그람(심바스타틴)_(20mg/1정),simvastatin
643306680,헤리클로정500밀리그램(클래리트로마이신)_(0.5g/1정),clarithromycin
622804000,클래리마신정500mg(클래리트로마이신)_(0.5g/1정),clarithromycin
654002230,올핀정5mg/10mg_(1정),atorvastatin
654002230,올핀정5mg/10mg_(1정),amlodipine
654004020,아로밀엠정2/500밀리그램_(1정),glimepiride
654004020,아로밀엠정2/500밀리그램_(1정),metformin
654004200,올피트정10밀리그램(아토르바스타틴칼슘)_(10.36mg/1정),atorvastatin
654004310,올피트정20밀리그램(아토르바스타틴칼슘)_(20.72mg/1정),atorvastatin
654004720,유리도신정4밀리그램(실로도신)_(4mg/1정),silodosin
654005350,피오토민정15/850밀리그램_(1정),metformin
654005660,올피토젯정10/10밀리그램_(1정),ezetimibe
654005670,올피토젯정10/20밀리그램_(1정),atorvastatin
654005670,올피토젯정10/20밀리그램_(1정),ezetimibe
654005700,자톨정15밀리그램(리바록사반)_(15mg/1정),rivaroxaban
654005800,자톨정2.5밀리그램(리바록사반)_(2.5mg/1정),rivaroxaban
654005820,테네스엠서방정10/750밀리그램_(1정),metformin
654005820,테네스엠서방정10/750밀리그램_(1정),teneligliptin
654005830,테네스엠서방정10/500밀리그램_(1정),teneligliptin
654005830,테네스엠서방정10/500밀리그램_(1정),metformin
654005840,테네스엠서방정20/1000밀리그램_(1정),teneligliptin
654005840,테네스엠서방정20/1000밀리그램_(1정),metformin
654005910,프로메트엑스알서방정100/1000밀리그램_(1정),metformin
654005910,프로메트엑스알서방정100/1000밀리그램_(1정),sitagliptin
654005920,프로메트엑스알서방정50/500밀리그램_(1정),metformin
654005920,프로메트엑스알서방정50/500밀리그램_(1정),sitagliptin
654005930,프로메트엑스알서방정50/1000밀리그램_(1정),metformin
654005930,프로메트엑스알서방정50/1000밀리그램_(1정),sitagliptin
654006000,프로메트정50/500밀리그램_(1정),sitagliptin
654006000,프로메트정50/500밀리그램_(1정),metformin
654006010,프로메트정50/850밀리그램_(1정),metformin
654006010,프로메트정50/850밀리그램_(1정),sitagliptin
654006020,프로메트정50/1000밀리그램_(1정),sitagliptin
654006020,프로메트정50/1000밀리그램_(1정),metformin
644101270,라이록사신정(레보플록사신수화물)_(0.1g/1정),levofloxacin
654100091,유시락스시럽(히드록시진염산염)_(0.2g/100mL),hydroxyzine
671702330,에스시탐정(에스시탈로프람옥살산염)_(12.77mg/1정),escitalopram
652900310,레보박터정(레보플록사신)_(0.1g/1정),levofloxacin
654303810,노토바정5mg/10mg_(1정),atorvastatin
654304510,글리엠정2/500밀리그램_(1정),glimepiride
654304510,글리엠정2/500밀리그램_(1정),metformin
664900560,클래스정500mg(클래리트로마이신)_(0.5g/1정),clarithromycin
654700360,심바스포정20밀리그람(심바스타틴)_(20mg/1정),simvastatin
651503440,클래리신정(클래리트로마이신)_(0.25g/1정),clarithromycin
693202720,클래린정500밀리그램(클래리트로마이신)_(0.5g/1정),clarithromycin
694004430,"자디엠파듀오정12.5/500밀리그램(엠파글리플로진,메트포르민염산염)_(1정)",metformin
642106360,"트라듀오엠파서방정25/5/1000밀리그램(엠파글리플로진, 리나글립틴, 메트포르민)_(1정)",metformin
647805810,"엠포진듀오정12.5/1000밀리그램(엠파글리플로진,메트포르민염산염)_(1정)",empagliflozin
645211020,"엠파콤비정12.5/500밀리그램(엠파글리플로진, 메트포르민염산염)_(1정)",empagliflozin
645907540,"리디포엠서방정5/1000밀리그램(리나글립틴,메트포르민염산염)_(1정)",metformin
698002650,다이아메트서방정(메트포르민염산염)_(0.5g/1정),metformin
670609440,"휴시글로엠서방정10/100/1000밀리그램(다파글리플로진, 시타글립틴, 메트포르민)_(1정)",sitagliptin
644914120,가드메트정100/1000밀리그램_(1정),anagliptin
643606680,"폴민리나서방정2.5/1000밀리그램(리나글립틴,메트포르민염산염)_(1정)",metformin
698004680,자디원듀오정12.5/1000밀리그램_(1정),metformin
670105340,"엠플로진듀오정5/850밀리그램(엠파글리플로진, 메트포르민염산염)_(1정)",empagliflozin
622805280,"트립엠듀오정2.5/500밀리그램(리나글립틴,메트포르민)_(1정)",linagliptin
645211080,"엠파콤비서방정10/1000밀리그램(엠파글리플로진,메트포르민)_(1정)",metformin
694004460,"자디엠파듀오정5/850밀리그램(엠파글리플로진,메트포르민염산염)_(1정)",empagliflozin
664600040,글루파정250mg(메트포르민염산염)_(0.25g/1정),metformin
641608050,"포시로멧서방정10/500밀리그램(다파글리플로진, 메트포르민염산염)_(1정)",metformin
645307210,"엠파로엠정5/850밀리그램(엠파글리플로진,메트포르민염산염)_(1정)",empagliflozin
643705630,"글리앙듀오정5/1000밀리그램(엠파글리플로진, 메트포르민염산염)_(1정)",empagliflozin
645406130,테네필플러스서방정20/1000밀리그램_(1정),metformin
644914120,가드메트정100/1000밀리그램_(1정),metformin
657808120,"리나원듀오정2.5/500밀리그램(리나글립틴,메트포르민)_(1정)",metformin
645406560,"제파진듀오정5/1000밀리그램(엠파글리플로진,메트포르민염산염)_(1정)",empagliflozin
643606880,"폴민엠파서방정10/1000밀리그램(엠파글리플로진, 메트포르민)_(1정)",empagliflozin
642907050,"엠파칸듀오정5/1000밀리그램(엠파글리플로진,메트포르민염산염)_(1정)",empagliflozin
670609250,"리나디포듀오정2.5/850mg(리나글립틴, 메트포르민)_(1정)",metformin
655403030,아도르정20밀리그램(아토르바스타틴칼슘수화물)_(21.69mg/1정),atorvastatin
664600111,노르핀주(노르에피네프린타르타르산염수화물)_(8mg/4mL),norepinephrine
655403050,코프날린패취1밀리그램(툴로부테롤)_(5㎠/1매),tulobuterol
653103771,젝스트프리필드펜주300마이크로그램(에피네프린타르타르산염)_(0.5457mg/1펜),epinephrine
655403070,코프날린패취2밀리그램(툴로부테롤)_(10㎠/1매),tulobuterol
651206240,"엠포가듀오정12.5/850밀리그램(엠파글리플로진, 메트포르민염산염)_(1정)",metformin
645210900,"리나콤비서방정2.5/1000밀리그램(리나글립틴,메트포르민)_(1정)",metformin
660703850,리트라젠듀오정2.5/500mg_(1정),linagliptin
651206240,"엠포가듀오정12.5/850밀리그램(엠파글리플로진, 메트포르민염산염)_(1정)",empagliflozin
671707380,"트라케이듀오서방정2.5/1000밀리그램(리나글립틴,메트포르민염산염)_(1정)",linagliptin
622805330,"트립엠듀오서방정2.5/1000밀리그램(리나글립틴, 메트포르민)_(1정)",linagliptin
669908340,다파포민서방정10/500밀리그램_(1정),metformin
643310270,"듀비엠폴서방정0.5/25/1000밀리그램(로베글리타존,엠파글리플로진,메트포르민)_(1정)",lobeglitazone
642106350,"트라듀오엠파서방정10/5/1000밀리그램(엠파글리플로진, 리나글립틴, 메트포르민)_(1정)",linagliptin
690303580,테넬리탁듀오서방정10/750밀리그램_(1정),metformin
642900510,메토폴정(메트포르민염산염)_(0.5g/1정),metformin
657309240,"엠파앙듀오서방정25/1000밀리그램(엠파글리플로진,메트포르민염산염)_(1정)",empagliflozin
653405130,테네리칸엠서방정10/750밀리그램_(1정),teneligliptin
653501510,자디앙듀오정12.5/850밀리그램_(1정),metformin
643307480,듀비메트서방정0.5/1000밀리그램_(1정),metformin
643310010,"엠파맥스엠서방정25/1000밀리그램(엠파글리플로진,메트포르민)_(1정)",empagliflozin
645307210,"엠파로엠정5/850밀리그램(엠파글리플로진,메트포르민염산염)_(1정)",metformin
662504980,"플로가엠듀오서방정10/500밀리그램(다파글리플로진, 메트포르민)_(1정)",metformin
640008110,"다파엔메트서방정10/1000밀리그램(다파글리플로진, 메트포르민)_(1정)",metformin
657309220,"엠파앙듀오서방정10/1000밀리그램(엠파글리플로진,메트포르민염산염)_(1정)",metformin
653806260,포시글리듀오서방정10/1000밀리그램_(1정),metformin
647805790,"엠포진듀오정5/850밀리그램(엠파글리플로진,메트포르민염산염)_(1정)",empagliflozin
647805940,"엠포진듀오서방정25/1000밀리그램(엠파글리플로진,메트포르민)_(1정)",metformin
643606740,"시타다파엠서방정10/100/1000밀리그램(다파글리플로진,시타글립틴,메트포르민)_(1정)",sitagliptin
660703950,위디앙듀오정5/500밀리그램_(1정),empagliflozin
655404170,일성에젯틴정10/10밀리그램_(1정),ezetimibe
655404170,일성에젯틴정10/10밀리그램_(1정),atorvastatin
655404180,일성에젯틴정10/20밀리그램_(1정),ezetimibe
655404180,일성에젯틴정10/20밀리그램_(1정),atorvastatin
655404450,아도르정40밀리그램(아토르바스타틴칼슘수화물)_(43.38mg/1정),atorvastatin
655404800,"텔미트리원정40/5/10밀리그램(텔미사르탄,암로디핀,로수바스타틴)_(1정)",amlodipine
655404810,"텔미트리원정40/5/5밀리그램(텔미사르탄,암로디핀,로수바스타틴)_(1정)",amlodipine
674101390,아토린정10mg(아토르바스타틴칼슘삼수화물)_(10.85mg/1정),atorvastatin
693200970,글로스타정20mg(아토르바스타틴칼슘수화물)_(21.7mg/1정),atorvastatin
646201110,심바젠정(심바스타틴)_(20mg/1정),simvastatin
655501780,자누메트엑스알서방정50/500밀리그램_(1정),sitagliptin
655501780,자누메트엑스알서방정50/500밀리그램_(1정),metformin
655501790,자누메트엑스알서방정50/1000밀리그램_(1정),metformin
655501790,자누메트엑스알서방정50/1000밀리그램_(1정),sitagliptin
655501800,자누메트엑스알서방정100/1000밀리그램_(1정),sitagliptin
629701500,오코바스타정10밀리그램(아토르바스타틴칼슘삼수화물)_(10.85mg/1정),atorvastatin
657804910,아리토정10밀리그램(아토르바스타틴칼슘수화물)_(10.85mg/1정),atorvastatin
642004930,아토로민정20밀리그램(아토르바스타틴칼슘삼수화물)_(21.7mg/1정),atorvastatin
671704500,리파르정10밀리그램(아토르바스타틴칼슘수화물)_(10.85mg/1정),atorvastatin
643502131,이노테칸주(이리노테칸염산염)_(40mg/2mL),irinotecan
640902630,펠로딥정(펠로디핀)_(5mg/1정),felodipine
655605300,한토젯정10/10밀리그램_(1정),atorvastatin
655605310,한토젯정10/20밀리그램_(1정),atorvastatin
655605460,글루시타듀오서방정50/500밀리그램_(1정),sitagliptin
655605460,글루시타듀오서방정50/500밀리그램_(1정),metformin
655605470,글루시타듀오서방정50/1000밀리그램_(1정),sitagliptin
655605480,글루시타듀오서방정100/1000밀리그램_(1정),metformin
655605480,글루시타듀오서방정100/1000밀리그램_(1정),sitagliptin
655605620,글루시타듀오정50/850밀리그램_(1정),sitagliptin
655605620,글루시타듀오정50/850밀리그램_(1정),metformin
655605630,글루시타듀오정50/500밀리그램_(1정),metformin
655605630,글루시타듀오정50/500밀리그램_(1정),sitagliptin
656000700,아르바정10밀리그램(아토르바스타틴칼슘삼수화물)_(10.85mg/1정),atorvastatin
645402321,이리테칸주(이리노테칸염산염)_(40mg/2mL),irinotecan
656003140,글리메릴엠정_(1정),metformin
656003140,글리메릴엠정_(1정),glimepiride
656003930,크레스정10mg(로수바스타틴칼슘)_(10.4mg/1정),rosuvastatin
670606410,클리스로정500mg(클래리트로마이신)_(0.5g/1정),clarithromycin
656004120,에제심바정10/20밀리그램_(1정),simvastatin
653403110,클리로신정250mg(클래리트로마이신)_(0.25g/1정),clarithromycin
656004120,에제심바정10/20밀리그램_(1정),ezetimibe
648601660,클라로드정250mg(클래리트로마이신)_(0.25g/1정),clarithromycin
656004130,에제심바정10/10밀리그램_(1정),simvastatin
656004130,에제심바정10/10밀리그램_(1정),ezetimibe
622802700,클래리마신정(클래리트로마이신)_(0.25g/1정),clarithromycin
656005090,아르바정40밀리그램(아토르바스타틴칼슘삼수화물)_(43.38mg/1정),atorvastatin
656005200,아르바젯정10/20밀리그램_(1정),atorvastatin
656005200,아르바젯정10/20밀리그램_(1정),ezetimibe
656005210,아르바젯정10/10밀리그램_(1정),ezetimibe
656005370,시타글민듀오서방정50/1000밀리그램_(1정),metformin
656005370,시타글민듀오서방정50/1000밀리그램_(1정),sitagliptin
656005380,시타글민듀오서방정100/1000밀리그램_(1정),metformin
656005380,시타글민듀오서방정100/1000밀리그램_(1정),sitagliptin
656005390,시타글민듀오서방정 50/500밀리그램_(1정),sitagliptin
656205040,레토바정20밀리그램(아토르바스타틴칼슘수화물)_(21.7mg/1정),atorvastatin
656205050,레토바정10밀리그램(아토르바스타틴칼슘수화물)_(10.85mg/1정),atorvastatin
642101470,유한메토트렉세이트정_(2.5mg/1정),methotrexate
656700601,다이크론주2ml(디클로페낙베타-디메틸아미노에탄올)_(90mg/2mL),diclofenac-β-dimethyl-aminoethanol
656702100,넬라스토정10밀리그램(로수바스타틴칼슘)_(10.4mg/1정),rosuvastatin
644901631,엠티엑스주(메토트렉세이트)_(0.5g/20mL),methotrexate
657200301,바렌탁주(디클로페낙나트륨)_(75mg/2mL),diclofenac
653101140,실라신주사500밀리그램(수출명:SINRACI Injection)_(1병),cilastatin
657200310,바렙톨서방정(발프로산나트륨)_(0.3g/1정),sodium valproate
653402450,셀브렉캡슐(세레콕시브)_(0.2g/1캡슐),celecoxib
657200821,트롤락주(케토롤락트로메타민염)_(30mg/1mL),ketorolac tromethamine
661601030,에스빌연질캡슐(덱시부프로펜)_(0.3g/1캡슐),dexibuprofen
694000480,대웅바이오멜록시캄캡슐15밀리그램_(15mg/1캡슐),meloxicam
647204160,로페날정(록소프로펜나트륨수화물)_(68.1mg/1정),loxoprofen
657200870,페리돌정1.5밀리그램(할로페리돌)_(1.5mg/1정),haloperidol
658501710,레사크라정100밀리그램(레보플록사신수화물)_(0.1g/1정),levofloxacin
642900260,레보펙신정250밀리그램(레보플록사신수화물)_(0.25615g/1정),levofloxacin
643701070,레보카신정(레보플록사신수화물)_(0.1g/1정),levofloxacin
689000540,렉사모정10밀리그램(에스시탈로프람옥살산염)_(12.77mg/1정),escitalopram
661604410,알피레보플록사신정100밀리그램(레보플록사신수화물)_(0.1g/1정),levofloxacin
657200890,페리돌정5밀리그램(할로페리돌)_(5mg/1정),haloperidol
73400110,젤독스캡슐80밀리그램(염산지프라시돈일수화물)_(90.6mg/1캡슐),ziprasidone
657200900,페리돌정10밀리그램(할로페리돌)_(10mg/1정),haloperidol
651902560,뉴프람정 10mg (에스시탈로프람옥살산염)_(12.77mg/1정),escitalopram
670501530,클래정250mg(클래리트로마이신)_(0.25g/1정),clarithromycin
657200910,페리돌정20밀리그램(할로페리돌)_(20mg/1정),haloperidol
651904490,트리레보정150/37.5/200mg_(1정),entacapone
698503180,레프렉스정100mg(레보플록사신수화물)_(0.1g/1정),levofloxacin
73001410,리플록신정100밀리그램(레보플록사신수화물)_(0.1g/1정),levofloxacin
642900270,레보펙신정500밀리그램(레보플록사신수화물)_(0.5123g/1정),levofloxacin
670606450,레보바이정(레보플록사신수화물)_(0.1g/1정),levofloxacin
645404490,트리도파정125/31.25/200밀리그램_(1정),levodopa
694001320,크라보신정250밀리그램(레보플록사신수화물)_(0.25615g/1정),levofloxacin
657200921,페리돌주(할로페리돌)_(5mg/1mL),haloperidol
52701591,휴라비트주(레보플록사신수화물)_(0.76869g/150mL),levofloxacin
647303690,레플로신정100밀리그램(레보플록사신수화물)_(0.10249g/1정),levofloxacin
643705562,레보카신점안액1.5%(레보플록사신수화물)(1회용)_(6mg/0.4mL),levofloxacin
650500421,제일에피네프린주사액_(1mg/1mL),epinephrine
657202210,자이레핀정5밀리그램(올란자핀)_(5mg/1정),olanzapine
657202320,피타바로틴정2밀리그램(피타바스타틴칼슘)_(2mg/1정),pitavastatin
657203120,콤비로칸정20/32밀리그램_(1정),rosuvastatin
645400393,보스민액(에피네프린)_(0.1g/100mL),epinephrine
657203130,쿠에타핀정12.5밀리그램(쿠에티아핀푸마르산염)_(14.39mg/1정),quetiapine
657203780,콤비젯정10/40밀리그램_(1정),ezetimibe
657203800,콤비젯정10/10밀리그램_(1정),atorvastatin
657203820,자로반정15밀리그램(리바록사반)_(15mg/1정),rivaroxaban
677200110,프로그랍캅셀0.5밀리그람(타크로리무스수화물)_(0.51mg/1캡슐),tacrolimus
657204200,토파시즈정5밀리그램(토파시티닙시트르산염)_(8.078mg/1정),tofacitinib
662503750,조코나정20밀리그램(심바스타틴)_(20mg/1정),simvastatin
657302400,심바코정(심바스타틴)_(20mg/1정),simvastatin
657305730,글리파엠정2/500밀리그램_(1정),glimepiride
657305730,글리파엠정2/500밀리그램_(1정),metformin
657306490,카듀스틴정5mg/10mg_(1정),amlodipine
657306540,아토스탄정20mg(아토르바스타틴칼슘수화물)_(21.7mg/1정),atorvastatin
657307370,파존메트정15/850밀리그램_(1정),pioglitazone
646004030,바이독시정(독시사이클린수화물)_(0.1g/1정),doxycycline
657307870,팜톡연질캡슐10밀리그램(알리트레티노인)_(10mg/1캡슐),alitretinoin
657308390,로바이지정10/10밀리그램_(1정),rosuvastatin
657308410,아발탄에이플러스정5/160/20밀리그램_(1정),atorvastatin
657308410,아발탄에이플러스정5/160/20밀리그램_(1정),valsartan
657308420,아발탄에이플러스정5/80/10밀리그램_(1정),valsartan
657308430,아발탄에이플러스정5/160/10밀리그램_(1정),amlodipine
657308430,아발탄에이플러스정5/160/10밀리그램_(1정),valsartan
657308430,아발탄에이플러스정5/160/10밀리그램_(1정),atorvastatin
657308440,아발탄에이플러스정5/80/20밀리그램_(1정),atorvastatin
657308440,아발탄에이플러스정5/80/20밀리그램_(1정),amlodipine
697100650,타르신캡슐0.5밀리그램(타크로리무스수화물)_(0.51mg/1캡슐),tacrolimus
657308470,제트스탄정10/20밀리그램_(1정),ezetimibe
657308480,제트스탄정10/40밀리그램_(1정),ezetimibe
657308490,제트스탄정10/10밀리그램_(1정),atorvastatin
657308490,제트스탄정10/10밀리그램_(1정),ezetimibe
657308720,글리시타메트엑스알서방정50/500밀리그램_(1정),sitagliptin
657308730,글리시타메트엑스알서방정50/1000밀리그램_(1정),metformin
657308730,글리시타메트엑스알서방정50/1000밀리그램_(1정),sitagliptin
657308810,글리시타메트정50/850밀리그램_(1정),sitagliptin
657308810,글리시타메트정50/850밀리그램_(1정),metformin
657308820,글리시타메트정50/500밀리그램_(1정),sitagliptin
657308830,글리시타메트정50/1000밀리그램_(1정),sitagliptin
648104110,리타메진정2.5/1000밀리그램_(1정),linagliptin
657309070,"엠파앙듀오정5/500밀리그램(엠파글리플로진,메트포르민염산염)_(1정)",metformin
643705520,트라디엠듀오정2.5/500밀리그램_(1정),metformin
657808290,"자디스듀오정5/1000밀리그램(엠파글리플로진, 메트포르민)_(1정)",empagliflozin
657309120,"엠파앙듀오정12.5/500밀리그램(엠파글리플로진,메트포르민염산염)_(1정)",metformin
653806270,포시글리듀오서방정10/500밀리그램_(1정),dapagliflozin anhydrous lactose mixture
652607310,"리나티젠듀오서방정5/1000밀리그램(리나글립틴,메트포르민염산염)_(1정)",metformin
642405160,"답플로엠서방정10/1000밀리그램(다파글리플로진프로판디올수화물,메트포르민염산염)_(1정)",dapagliflozin
643508580,다파론듀오서방정10/500밀리그램_(1정),metformin
657308860,다파프로진메트서방정10/500밀리그램_(1정),metformin
645307240,"엠파로엠정12.5/850밀리그램(엠파글리플로진, 메트포르민염산염)_(1정)",empagliflozin
670609240,"리나디포듀오정2.5/500mg(리나글립틴, 메트포르민)_(1정)",linagliptin
653406050,"엠플진메트서방정5/1000밀리그램(엠파글리플로진, 메트포르민염산염)_(1정)",metformin
657309230,"엠파앙듀오서방정12.5/1000밀리그램(엠파글리플로진,메트포르민염산염)_(1정)",metformin
657401790,카디렛정5/10밀리그램_(1정),atorvastatin
657401800,카디렛정5/20밀리그램_(1정),atorvastatin
657500690,심바탄정20mg(심바스타틴)_(20mg/1정),simvastatin
656702260,래트로신정250mg(클래리트로마이신)_(0.25g/1정),clarithromycin
657801200,심콜정(심바스타틴)_(20mg/1정),simvastatin
657801731,카페낙주사(디클로페낙나트륨)_(75mg/2mL),diclofenac
642501600,메로콕스캡슐7.5밀리그램(멜록시캄)_(7.5mg/1캡슐),meloxicam
657801801,케로민주사(케토롤락트로메타민염)_(30mg/1mL),ketorolac tromethamine
657804750,다이리드엠정2/500밀리그램_(1정),metformin
657804750,다이리드엠정2/500밀리그램_(1정),glimepiride
665503800,조바코정(심바스타틴)_(20mg/1정),simvastatin
657805720,트루윈정4밀리그램(실로도신)_(4mg/1정),silodosin
661904090,영풍클래리트로마이신정250mg_(0.25g/1정),clarithromycin
657805760,바이스틴정10/20밀리그램_(1정),ezetimibe
657805760,바이스틴정10/20밀리그램_(1정),simvastatin
657805810,바이스틴정10/10밀리그램_(1정),ezetimibe
646004150,크래이신정250밀리그램(클래리트로마이신)_(0.25g/1정),clarithromycin
657805810,바이스틴정10/10밀리그램_(1정),simvastatin
657806290,"텔미디핀알정40/5/10밀리그램(텔미사르탄, 암로디핀, 로수바스타틴)_(1정)",rosuvastatin
642800590,모노신정(독시사이클린하이클레이트수화물)_(0.1g/1정),doxycycline hyclate
657806730,알리덤연질캡슐10밀리그램(알리트레티노인)_(10mg/1캡슐),alitretinoin
645902851,타마돌주사(트라마돌염산염)_(50mg/1mL),tramadol
657806860,뉴질렉트정1밀리그램(라사길린메실산염)_(1.56mg/1정),rasagiline
657807370,올프로정20/5밀리그램_(1정),olmesartan medoxomil
657807460,아리토린정10/10밀리그램_(1정),atorvastatin
657807470,아리토린정10/20밀리그램_(1정),atorvastatin
657807480,아리토린정10/40밀리그램_(1정),atorvastatin
657807560,록사원정10밀리그램(리바록사반)_(10mg/1정),rivaroxaban
657807870,알프라원정0.25밀리그램(알프라졸람)_(0.25mg/1정),alprazolam
657807880,알프라원정0.5밀리그램(알프라졸람)_(0.5mg/1정),alprazolam
657807940,"시타원플러스엑스알서방정50/500밀리그램(시타글립틴, 메트포르민)_(1정)",sitagliptin
657807940,"시타원플러스엑스알서방정50/500밀리그램(시타글립틴, 메트포르민)_(1정)",metformin
657807950,"시타원플러스엑스알서방정50/1000밀리그램(시타글립틴, 메트포르민)_(1정)",metformin
657807960,"시타원플러스엑스알서방정100/1000밀리그램(시타글립틴, 메트포르민)_(1정)",metformin
657807960,"시타원플러스엑스알서방정100/1000밀리그램(시타글립틴, 메트포르민)_(1정)",sitagliptin
657807980,"시타원플러스정50/850밀리그램(시타글립틴, 메트포르민)_(1정)",sitagliptin
657807980,"시타원플러스정50/850밀리그램(시타글립틴, 메트포르민)_(1정)",metformin
657808000,"시타원플러스정50/1000밀리그램(시타글립틴, 메트포르민)_(1정)",sitagliptin
657808180,"칸데로원정5/16밀리그램(로수바스타틴, 칸데사르탄)_(1정)",rosuvastatin
657808200,"칸데로원정10/8밀리그램(로수바스타틴, 칸데사르탄)_(1정)",rosuvastatin
657808370,"텔미디핀알정40/5/5밀리그램(텔미사르탄, 암로디핀, 로수바스타틴)_(1정)",rosuvastatin
647804820,엘사반정2.5밀리그램(아픽사반)_(2.5mg/1정),apixaban
651500960,아디핀정(펠로디핀)(수출명:HIGHADIPINE)_(5mg/1정),felodipine
658108190,아토제이정10/20밀리그램_(1정),atorvastatin
658108330,테네글엠서방정10/500밀리그램_(1정),metformin
658108330,테네글엠서방정10/500밀리그램_(1정),teneligliptin
658108340,테네글엠서방정10/750밀리그램_(1정),metformin
658108340,테네글엠서방정10/750밀리그램_(1정),teneligliptin
658108350,테네글엠서방정20/1000밀리그램_(1정),teneligliptin
658202470,메포민플러스정_(1정),glimepiride
658202770,실루로신캡슐4밀리그램(실로도신)_(4mg/1캡슐),silodosin
658202850,슈바스틴정10밀리그램(로수바스타틴칼슘)_(10.4mg/1정),rosuvastatin
658203020,심바코틴정(심바스타틴)_(20mg/1정),simvastatin
642801362,클라로마건조시럽(클래리트로마이신)_(2.5g/100mL),clarithromycin
658203170,비보존아토르바스타틴정20mg(아토르바스타틴칼슘삼수화물)_(21.69mg/1정),atorvastatin
658203270,심바제트정10/10_(1정),simvastatin
658203270,심바제트정10/10_(1정),ezetimibe
645701462,클라리움건조시럽250mg/5mL(클래리트로마이신제피과립)_(3.5g/70mL),clarithromycin
658203370,심바제트정10/20_(1정),simvastatin
658203370,심바제트정10/20_(1정),ezetimibe
644200550,클래리시드엑스엘서방정500밀리그람(클래리트로마이신)_(0.5g/1정),clarithromycin
658203850,암바스타정5mg/10mg_(1정),amlodipine
658203850,암바스타정5mg/10mg_(1정),atorvastatin
658204570,아트로젯정10/40밀리그램_(1정),ezetimibe
658204580,아트로젯정10/20밀리그램_(1정),atorvastatin
658204640,이글립틴엑스알서방정50/1000밀리그램_(1정),metformin
658204650,이글립틴엑스알서방정100/1000밀리그램_(1정),metformin
658204650,이글립틴엑스알서방정100/1000밀리그램_(1정),sitagliptin
658204670,이글립틴아이알정50/850밀리그램_(1정),sitagliptin
658204680,이글립틴아이알정50/500밀리그램_(1정),metformin
658204680,이글립틴아이알정50/500밀리그램_(1정),sitagliptin
658204690,이글립틴아이알정50/1000밀리그램_(1정),sitagliptin
658502310,아토바틴정20밀리그램(아토르바스타틴칼슘삼수화물)_(21.69mg/1정),atorvastatin
658502370,알파디연질캡슐(알파칼시돌)_(0.5㎍/1캡슐),alfacalcidol
658502410,아토에브정10/10밀리그램_(1정),atorvastatin
658502410,아토에브정10/10밀리그램_(1정),ezetimibe
658600481,빈크란주(빈크리스틴황산염)_(1mg/1병),vincristine
670607890,아피퀴스정2.5밀리그램(아픽사반)_(2.5mg/1정),apixaban
658602770,바스타틴정10밀리그램(아토르바스타틴칼슘삼수화물)_(10.85mg/1정),atorvastatin
658602780,바스타틴정20밀리그램(아토르바스타틴칼슘삼수화물)_(21.69mg/1정),atorvastatin
645201300,에이프로젠멜록시캄캡슐_(7.5mg/1캡슐),meloxicam
658603171,케톨민주(케토롤락트로메타민)_(30mg/1mL),ketorolac tromethamine
693902200,잘레톤정(잘토프로펜)_(80mg/1정),zaltoprofen
641501820,록프란정(록소프로펜나트륨수화물)_(68.1mg/1정),loxoprofen
649601680,에이펜정(아세클로페낙)_(0.1g/1정),aceclofenac
658603340,바스타에정10/20_(1정),ezetimibe
670500634,비알클래건조시럽125mg/5mL(클래리트로마이신)_(2.5g/100mL),clarithromycin
658603340,바스타에정10/20_(1정),simvastatin
671803050,클래신정(클래리트로마이신)_(0.25g/1정),clarithromycin
658603350,바스타에정10/10_(1정),simvastatin
658603350,바스타에정10/10_(1정),ezetimibe
670501480,클래정500mg(클래리트로마이신)_(0.5g/1정),clarithromycin
658603690,메프릴엠정2/500밀리그램_(1정),metformin
658603690,메프릴엠정2/500밀리그램_(1정),glimepiride
658603770,피로메트정15/850밀리그램_(1정),pioglitazone
658603770,피로메트정15/850밀리그램_(1정),metformin
658604110,미살탄스타정80/10밀리그램_(1정),telmisartan
658604600,바스타젯정10/10밀리그램_(1정),ezetimibe
658604600,바스타젯정10/10밀리그램_(1정),atorvastatin
658604610,바스타젯정10/20밀리그램_(1정),atorvastatin
658604700,디포테리엠서방정20/1000밀리그램_(1정),teneligliptin
658604710,디포테리엠서방정10/750밀리그램_(1정),metformin
658604720,디포테리엠서방정10/500밀리그램_(1정),metformin
658604720,디포테리엠서방정10/500밀리그램_(1정),teneligliptin
642900942,싸이신주사400밀리그램(시프로플록사신)_(0.4g/200mL/팩),ciprofloxacin
660700470,모렘정(돔페리돈말레산염)_(12.72mg/1정),domperidone
52701110,플루스칸캡슐50밀리그램(플루코나졸)_(50mg/1캡슐),fluconazole
55101110,플루윈캡슐(플루코나졸)_(50mg/1캡슐),fluconazole
649800460,레보푸라신정(레보플록사신수화물)_(0.1g/1정),levofloxacin
629700820,시프록스정(시프로플록사신염산염)_(0.291g/1정),ciprofloxacin
643904050,산도스에스시탈로프람정15밀리그램_(19.16mg/1정),escitalopram
660700860,아토렌정10밀리그램(아토르바스타틴칼슘삼수화물)_(10.85mg/1정),atorvastatin
660702180,로바토정5mg/10mg_(1정),amlodipine
660702180,로바토정5mg/10mg_(1정),atorvastatin
660702190,로바토정5mg/20mg_(1정),amlodipine
660702500,글레아정2/500밀리그램_(1정),metformin
660702750,에스라졸정20밀리그램(에스오메프라졸마그네슘삼수화물)_(22.3mg/1정),esomeprazole
660702900,아토렌정20밀리그램(아토르바스타틴칼슘삼수화물)_(21.7mg/1정),atorvastatin
660702910,트루렌정4밀리그램(실로도신)_(4mg/1정),silodosin
660703440,심제트정10/10_(1정),simvastatin
660703440,심제트정10/10_(1정),ezetimibe
660703450,심제트정10/20_(1정),simvastatin
660703450,심제트정10/20_(1정),ezetimibe
660703500,아바젯정10/20밀리그램_(1정),atorvastatin
660703510,아바젯정10/10밀리그램_(1정),ezetimibe
660703510,아바젯정10/10밀리그램_(1정),atorvastatin
660703520,아바젯정10/40밀리그램_(1정),ezetimibe
660703800,에스립틴엠정50/850밀리그램_(1정),sitagliptin
660703810,에스립틴엠정50/500밀리그램_(1정),sitagliptin
660703820,에스립틴엠정50/1000밀리그램_(1정),metformin
661604640,알피바스타틴정10mg(아토르바스타틴칼슘수화물)_(10.85mg/1정),atorvastatin
661604880,알피바스타틴정20mg(아토르바스타틴칼슘수화물)_(21.7mg/1정),atorvastatin
661605040,알피라베정20mg(라베프라졸나트륨)_(20mg/1정),rabeprazole
661700090,글루코반스정500/2.5밀리그램_(1정),glibenclamide
661700090,글루코반스정500/2.5밀리그램_(1정),metformin
661700100,글루코반스정500/5밀리그램_(1정),metformin
661700100,글루코반스정500/5밀리그램_(1정),glibenclamide
661901840,펠돈티정(돔페리돈말레산염)_(12.72mg/1정),domperidone
647804170,카나졸정150밀리그램(플루코나졸)_(0.15g/1정),fluconazole
658601260,비카소정(비칼루타미드)_(50mg/1정),bicalutamide
661604850,알피레보플록사신정250mg(레보플록사신수화물)_(0.25615g/1정),levofloxacin
661904670,리피스타틴정20밀리그램(아토르바스타틴칼슘수화물)_(21.7mg/1정),atorvastatin
661905120,액토핀메트정15/850밀리그램_(1정),pioglitazone
661905120,액토핀메트정15/850밀리그램_(1정),metformin
661905140,바이트린큐정10/20밀리그램_(1정),ezetimibe
661905140,바이트린큐정10/20밀리그램_(1정),simvastatin
646802590,클라리스정250밀리그램(클래리트로마이신)_(0.25g/1정),clarithromycin
645201650,에이프로젠클래리트로마이신정_(0.25g/1정),clarithromycin
661905150,바이트린큐정10/10밀리그램_(1정),simvastatin
641903630,클라릭정(클래리트로마이신)_(0.25g/1정),clarithromycin
646902100,프레즈코빅스정_(1정),darunavir ethanolate
661905630,아토르큐젯정10/20밀리그램_(1정),atorvastatin
661905630,아토르큐젯정10/20밀리그램_(1정),ezetimibe
661905640,아토르큐젯정10/10밀리그램_(1정),ezetimibe
642005310,엑스프람정15밀리그램(에스시탈로프람옥살산염)_(19.155mg/1정),escitalopram
662501790,"페리돔정(돔페리돈)(수출명:  DOMRID Tablet, DOMPERIDONE-K Tablet)_(10mg/1정)",domperidone
658601651,카니트론주(그라니세트론염산염)_(3.351mg/3mL),granisetron
679600930,플나졸캡슐(플루코나졸)_(50mg/1캡슐),fluconazole
678901296,제이더블유생명시프로플록사신주_(0.4g/200mL),ciprofloxacin
642900250,레보펙신정(레보플록사신수화물)_(0.1g/1정),levofloxacin
653800440,리노스틴서방캡슐_(1캡슐),pseudoephedrine
657200020,네오마찐정100밀리그램(클로르프로마진염산염)_(0.1g/1정),chlorpromazine
645304070,베넥사엑스알서방캡슐75mg(벤라팍신염산염)_(84.84mg/1캡슐),venlafaxine
662502850,넥스핀장용정100mg(아스피린)_(0.1g/1정),aspirin
662503460,아피토정20mg(아토르바스타틴칼슘수화물)_(21.7mg/1정),atorvastatin
662503730,로수민정10밀리그램(로수바스타틴칼슘)_(10.4mg/1정),rosuvastatin
662504020,바이제틴정10/20_(1정),simvastatin
625900090,젠보야정_(1정),tenofovir alafenamide
662504020,바이제틴정10/20_(1정),ezetimibe
649600800,레카딘정(레르카니디핀염산염)_(10mg/1정),lercanidipine
662504650,에티젯정10/10밀리그램_(1정),atorvastatin
662504660,에티젯정10/20밀리그램_(1정),ezetimibe
662504660,에티젯정10/20밀리그램_(1정),atorvastatin
662504700,시타렌듀오정50/1000밀리그램_(1정),sitagliptin
662504710,시타렌듀오정50/500밀리그램_(1정),sitagliptin
662504710,시타렌듀오정50/500밀리그램_(1정),metformin
662504720,시타렌듀오정50/850밀리그램_(1정),metformin
662504760,테네린엠서방정10/500밀리그램_(1정),teneligliptin
662504770,테네린엠서방정10/750밀리그램_(1정),teneligliptin
662504770,테네린엠서방정10/750밀리그램_(1정),metformin
662504780,테네린엠서방정20/1000밀리그램_(1정),metformin
662504780,테네린엠서방정20/1000밀리그램_(1정),teneligliptin
662504930,"엑토린메트정15/850밀리그램(피오글리타존, 메트포르민염산염)_(1정)",pioglitazone
662504930,"엑토린메트정15/850밀리그램(피오글리타존, 메트포르민염산염)_(1정)",metformin
662505000,아피토정40밀리그램(아토르바스타틴칼슘삼수화물)_(43.38mg/1정),atorvastatin
663300940,에바스젯정10/10밀리그램_(1정),atorvastatin
663300940,에바스젯정10/10밀리그램_(1정),ezetimibe
671802221,에르빈주사액(메틸에르고메트린말레산염)_(0.2mg/1mL),methylergonovine
663605180,아메리드엠정2/500밀리그램_(1정),glimepiride
663605180,아메리드엠정2/500밀리그램_(1정),metformin
663606960,이지토린정10/20밀리그램_(1정),simvastatin
663606960,이지토린정10/20밀리그램_(1정),ezetimibe
663606970,이지토린정10/10밀리그램_(1정),simvastatin
663606970,이지토린정10/10밀리그램_(1정),ezetimibe
663607360,피오민메트정15/850밀리그램_(1정),pioglitazone
663607760,리페스틴캡슐_(1캡슐),fenofibrate
663608350,아토에젯정10/10밀리그램_(1정),atorvastatin
663608350,아토에젯정10/10밀리그램_(1정),ezetimibe
663608360,아토에젯정10/20밀리그램_(1정),ezetimibe
663608360,아토에젯정10/20밀리그램_(1정),atorvastatin
663608400,자이토정10밀리그램(리바록사반)_(10mg/1정),rivaroxaban
663608410,자이토정15밀리그램(리바록사반)_(15mg/1정),rivaroxaban
663608560,자이토정2.5밀리그램(리바록사반)_(2.5mg/1정),rivaroxaban
663608570,테네론엠서방정10/500밀리그램_(1정),metformin
663608570,테네론엠서방정10/500밀리그램_(1정),teneligliptin
663608580,테네론엠서방정20/1000밀리그램_(1정),metformin
663608580,테네론엠서방정20/1000밀리그램_(1정),teneligliptin
663608590,테네론엠서방정10/750밀리그램_(1정),metformin
663608590,테네론엠서방정10/750밀리그램_(1정),teneligliptin
663608740,자누글립틴메트정50/850밀리그램_(1정),sitagliptin
663608740,자누글립틴메트정50/850밀리그램_(1정),metformin
663608750,자누글립틴메트정50/500밀리그램_(1정),sitagliptin
663608760,자누글립틴메트정50/1000밀리그램_(1정),sitagliptin
663608760,자누글립틴메트정50/1000밀리그램_(1정),metformin
664600080,글루파콤비정500/80mg(수출명:뉴글리클라메트정500/80 mg)_(1정),metformin
664602200,피오글루파정15/850밀리그램_(1정),pioglitazone
664602200,피오글루파정15/850밀리그램_(1정),metformin
664602350,다림에스오메프라졸정20밀리그램(에스오메프라졸마그네슘이수화물)_(21.69mg/1정),esomeprazole
664602740,테넬라엠서방정10/750밀리그램_(1정),teneligliptin
664602750,테넬라엠서방정10/500밀리그램_(1정),metformin
664602750,테넬라엠서방정10/500밀리그램_(1정),teneligliptin
664602760,테넬라엠서방정20/1000밀리그램_(1정),teneligliptin
664901570,글리스타엠정_(1정),glimepiride
664901570,글리스타엠정_(1정),metformin
665001530,케이마릴엠정2/500밀리그램_(1정),glimepiride
665003040,아토에지정10/20밀리그램_(1정),atorvastatin
665003130,빌다메트정50/500밀리그램_(1정),metformin
665003130,빌다메트정50/500밀리그램_(1정),vildagliptin
665003140,빌다메트정50/850밀리그램_(1정),metformin
665003140,빌다메트정50/850밀리그램_(1정),vildagliptin
665003150,빌다메트정50/1000밀리그램_(1정),metformin
665003150,빌다메트정50/1000밀리그램_(1정),vildagliptin
665003210,자누스틴메트엑스알서방정50/1000밀리그램_(1정),sitagliptin
665003210,자누스틴메트엑스알서방정50/1000밀리그램_(1정),metformin
665003220,자누스틴메트엑스알서방정50/500밀리그램_(1정),metformin
665003230,자누스틴메트엑스알서방정100/1000밀리그램_(1정),metformin
665003230,자누스틴메트엑스알서방정100/1000밀리그램_(1정),sitagliptin
665003250,자누스틴메트정50/500밀리그램_(1정),metformin
665003250,자누스틴메트정50/500밀리그램_(1정),sitagliptin
665003260,자누스틴메트정50/850밀리그램_(1정),sitagliptin
665003260,자누스틴메트정50/850밀리그램_(1정),metformin
665003270,자누스틴메트정50/1000밀리그램_(1정),metformin
665003270,자누스틴메트정50/1000밀리그램_(1정),sitagliptin
698400450,한국바이오켐메토트렉세이트정_(2.5mg/1정),methotrexate
661900070,구루메포민정500mg(메트포르민염산염)_(0.5g/1정),metformin
651206200,"엠포가듀오정5/1000밀리그램(엠파글리플로진, 메트포르민염산염)_(1정)",empagliflozin
652607320,"리나티젠듀오서방정2.5/1000밀리그램(리나글립틴,메트포르민염산염)_(1정)",linagliptin
643705360,포시디엠서방정10/1000밀리그램_(1정),dapagliflozin citric acid
669908450,"엔피앙듀오정12.5/850밀리그램(엠파글리플로진,메트포르민염산염)_(1정)",metformin
694001860,다이아폴민정1000밀리그램(메트포르민염산염)_(1g/1정),metformin
643606740,"시타다파엠서방정10/100/1000밀리그램(다파글리플로진,시타글립틴,메트포르민)_(1정)",dapagliflozin
665506760,아토르반정20mg(아토르바스타틴칼슘삼수화물)_(21.69mg/1정),atorvastatin
665506910,로수타틴정10mg(로수바스타틴칼슘)_(10.4mg/1정),rosuvastatin
643900913,어린이부루펜시럽(이부프로펜)_(1.6g/80mL),ibuprofen
665507731,유니온케토롤락주(케토롤락트로메타민염)_(30mg/1mL),ketorolac tromethamine
640901020,자이펜정(덱시부프로펜)_(0.4g/1정),dexibuprofen
648602640,씨엠지아스피린장용정100mg_(0.1g/1정),aspirin
646200690,록소젠정(록소프로펜나트륨수화물)_(68.1mg/1정),loxoprofen
650303280,쎄브렉스캡슐200밀리그램(세레콕시브)_(0.2g/1캡슐),celecoxib
645300430,록페날정(록소프로펜나트륨수화물)_(68.1mg/1정),loxoprofen
670303603,코키즈펜시럽(덱시부프로펜)_(6g/500mL),dexibuprofen
665508530,시타유니듀오정50/850밀리그램_(1정),metformin
665508540,시타유니듀오정50/500밀리그램_(1정),sitagliptin
665508540,시타유니듀오정50/500밀리그램_(1정),metformin
665508550,시타유니듀오정50/1000밀리그램_(1정),sitagliptin
654001721,트로돈주사(트라마돌염산염)_(50mg/1mL),tramadol
668000150,아질렉트정0.5밀리그램(라사길린메실산염)_(0.78mg/1정),rasagiline
668902640,로바티탄정10/160밀리그램_(1정),valsartan
668902660,로바티탄정20/160밀리그램_(1정),rosuvastatin
668902880,로바티탄정5/80밀리그램_(1정),valsartan
669501560,아로틴정10mg(아토르바스타틴칼슘삼수화물)_(10.85mg/1정),atorvastatin
669501690,로바이드정5mg(로수바스타틴칼슘)_(5.2mg/1정),rosuvastatin
669502070,리코나졸정(플루코나졸)_(0.15g/1정),fluconazole
669502680,아로틴플러스정10/40밀리그램(에제티미브/아토르바스타틴칼슘삼수화물)_(1정),atorvastatin
669502690,아로틴플러스정10/20밀리그램(에제티미브/아토르바스타틴칼슘삼수화물)_(1정),ezetimibe
669502690,아로틴플러스정10/20밀리그램(에제티미브/아토르바스타틴칼슘삼수화물)_(1정),atorvastatin
669502700,아로틴플러스정10/10밀리그램(에제티미브/아토르바스타틴칼슘삼수화물)_(1정),ezetimibe
669502700,아로틴플러스정10/10밀리그램(에제티미브/아토르바스타틴칼슘삼수화물)_(1정),atorvastatin
669603680,아이타틴정10밀리그램(아토르바스타틴칼슘수화물)_(10.85mg/1정),atorvastatin
653402580,레보라신정(레보플록사신수화물)_(0.1g/1정),levofloxacin
669800780,돔프린정(돔페리돈말레산염)_(12.72mg/1정),domperidone
642704470,에탈로프정10밀리그램(에스시탈로프람옥살산염)_(12.77mg/1정),escitalopram
649504440,폴라리스정400밀리그램(아미설프리드)_(0.4g/1정),amisulpride
646902161,인베가트린자주사(팔리페리돈팔미테이트)_(0.4103g/1.315mL),paliperidone
642003450,엑스프람정20밀리그램(에스시탈로프람옥살산염)_(25.54mg/1정),escitalopram
651203060,벤라팩트서방캡슐37.5mg(벤라팍신염산염)_(42.42mg/1캡슐),venlafaxine
669801110,모비드캡슐(멜록시캄)_(7.5mg/1캡슐),meloxicam
669801800,심바크린정(심바스타틴)_(20mg/1정),simvastatin
669804080,글리미드엠정_(1정),metformin
669804080,글리미드엠정_(1정),glimepiride
669804341,클래리미신건조시럽125밀리그람/5밀리리터(클래리트로마이신)_(2.5g/100mL),clarithromycin
669806010,바이젯정10/20밀리그램_(1정),ezetimibe
669806010,바이젯정10/20밀리그램_(1정),atorvastatin
669806020,바이젯정10/10밀리그램_(1정),atorvastatin
669806020,바이젯정10/10밀리그램_(1정),ezetimibe
669903791,크낙주2밀리리터(디클로페낙베타디메틸아미노에탄올)_(90mg/2mL),diclofenac-β-dimethyl-aminoethanol
669905520,게리메트정2/500밀리그램_(1정),glimepiride
648100380,디로핀지속정(펠로디핀)(수출명:Antitrestab.)_(5mg/1정),felodipine
669906620,엔피토린정10/20mg_(1정),ezetimibe
669906620,엔피토린정10/20mg_(1정),simvastatin
669906750,엔피토린정10/10mg_(1정),ezetimibe
669906750,엔피토린정10/10mg_(1정),simvastatin
669908020,아바트리정5/80/10밀리그램_(1정),atorvastatin
669908020,아바트리정5/80/10밀리그램_(1정),valsartan
669908030,아바트리정5/80/20밀리그램_(1정),valsartan
669908040,아바트리정5/160/10밀리그램_(1정),valsartan
669908040,아바트리정5/160/10밀리그램_(1정),amlodipine
669908050,아바트리정5/160/20밀리그램_(1정),valsartan
669908090,뉴토젯정10/10밀리그램_(1정),atorvastatin
669908090,뉴토젯정10/10밀리그램_(1정),ezetimibe
669908170,테넬포민서방정10/750밀리그램_(1정),metformin
669908170,테넬포민서방정10/750밀리그램_(1정),teneligliptin
669908180,테넬포민서방정20/1000밀리그램_(1정),metformin
669908190,테넬포민서방정10/500밀리그램_(1정),teneligliptin
669908190,테넬포민서방정10/500밀리그램_(1정),metformin
669908230,시타포민알파정50/1000mg_(1정),metformin
669908230,시타포민알파정50/1000mg_(1정),sitagliptin
669908240,시타포민알파정50/500mg_(1정),sitagliptin
669908250,시타포민알파정50/850mg_(1정),metformin
669908270,시타포민엑스알서방정50/1000밀리그램_(1정),metformin
669908270,시타포민엑스알서방정50/1000밀리그램_(1정),sitagliptin
669908280,시타포민엑스알서방정100/1000밀리그램_(1정),sitagliptin
669908280,시타포민엑스알서방정100/1000밀리그램_(1정),metformin
669908290,시타포민엑스알서방정50/500밀리그램_(1정),metformin
669908290,시타포민엑스알서방정50/500밀리그램_(1정),sitagliptin
669908310,뉴토메가연질캡슐5/1000밀리그램_(1캡슐),atorvastatin
643502430,칼시오연질캡슐0.25마이크로그램(칼시트리올)_(0.25㎍/1캡슐),calcitriol
669908610,뉴알파정1마이크로그램(알파칼시돌)_(1㎍/1정),alfacalcidol
653102771,큐프린주(노르에피네프린타르타르산염수화물)_(20mg/10mL),norepinephrine
670103280,부테롤패취0.5밀리그램(툴로부테롤)_(1.6X1.6㎠/1매),tulobuterol
670103330,리바틴정10밀리그램(아토르바스타틴칼슘수화물)_(10.85mg/1정),atorvastatin
670103460,리바틴정20밀리그램(아토르바스타틴칼슘수화물)_(21.7mg/1정),atorvastatin
670103510,크바스틴정10밀리그램(로수바스타틴칼슘)_(10.4mg/1정),rosuvastatin
670105290,테라립틴듀오서방정20/1000밀리그램_(1정),teneligliptin
670105290,테라립틴듀오서방정20/1000밀리그램_(1정),metformin
670105300,테라립틴듀오서방정10/750밀리그램_(1정),metformin
670105300,테라립틴듀오서방정10/750밀리그램_(1정),teneligliptin
670105310,테라립틴듀오서방정10/500밀리그램_(1정),teneligliptin
670105310,테라립틴듀오서방정10/500밀리그램_(1정),metformin
670105420,자누아틴듀오서방정100/1000밀리그램_(1정),sitagliptin
670105430,자누아틴듀오서방정50/1000밀리그램_(1정),sitagliptin
670105430,자누아틴듀오서방정50/1000밀리그램_(1정),metformin
670105440,자누아틴듀오서방정50/500밀리그램_(1정),sitagliptin
670105440,자누아틴듀오서방정50/500밀리그램_(1정),metformin
670105450,자누아틴듀오정50/850밀리그램_(1정),sitagliptin
670105450,자누아틴듀오정50/850밀리그램_(1정),metformin
670105460,자누아틴듀오정50/500밀리그램_(1정),sitagliptin
670105470,자누아틴듀오정50/1000밀리그램_(1정),sitagliptin
670105470,자누아틴듀오정50/1000밀리그램_(1정),metformin
643308430,에도파벨정0.5밀리그램(라사길린메실산염)_(0.78mg/1정),rasagiline
670301460,코슈정(슈도에페드린염산염)_(60mg/1정),pseudoephedrine
670302050,하미돈엠정(돔페리돈말레산염)_(12.72mg/1정),domperidone
679801410,씨큐로베이정250밀리그램(시프로플록사신염산염수화물)_(0.291g/1정),ciprofloxacin
657306750,시프록신정(시프로플록사신염산염수화물)_(0.291g/1정),ciprofloxacin
670302061,하미돈현탁액(돔페리돈)_(0.5g/500mL),domperidone
670304660,아르젯정10/40밀리그램_(1정),ezetimibe
670400770,휴니즈아토르바스타틴칼슘정10mg(아토르바스타틴칼슘삼수화물)_(10.85mg/1정),atorvastatin
670400950,휴니즈아토르바스타틴칼슘정20mg(아토르바스타틴칼슘삼수화물)_(21.7mg/1정),atorvastatin
670401170,크레로스정10mg(로수바스타틴칼슘)_(10.4mg/1정),rosuvastatin
670401390,리메포민정2/500밀리그램_(1정),metformin
670401390,리메포민정2/500밀리그램_(1정),glimepiride
670402350,휴토젯정10/10밀리그램_(1정),atorvastatin
670402350,휴토젯정10/10밀리그램_(1정),ezetimibe
670402370,휴토젯정10/20밀리그램_(1정),ezetimibe
653102850,튜비스투정150/300밀리그램_(1정),rifampicin
670500711,캠푸토주(이리노테칸염산염)_(40mg/2mL),irinotecan
670501200,리피아토정20밀리그램(아토르바스타틴칼슘수화물)_(21.7mg/1정),atorvastatin
670501320,크레라토정5mg(로수바스타틴칼슘)_(5.2mg/1정),rosuvastatin
670501420,리피아토정10밀리그램(아토르바스타틴칼슘수화물)_(10.85mg/1정),atorvastatin
670502340,리피아젯정10/10밀리그램_(1정),atorvastatin
670502350,리피아젯정10/20밀리그램_(1정),atorvastatin
670502360,리피아젯정10/40밀리그램_(1정),atorvastatin
670502360,리피아젯정10/40밀리그램_(1정),ezetimibe
625900090,젠보야정_(1정),cobicistat
670502430,자록스정15밀리그램(리바록사반)_(15mg/1정),rivaroxaban
670502460,에스메트정50/1000밀리그램_(1정),sitagliptin
670502460,에스메트정50/1000밀리그램_(1정),metformin
670502470,에스메트정50/500밀리그램_(1정),sitagliptin
670502480,에스메트정50/850밀리그램_(1정),metformin
670502480,에스메트정50/850밀리그램_(1정),sitagliptin
670605930,아베린엠정2/500밀리그램_(1정),metformin
670605930,아베린엠정2/500밀리그램_(1정),glimepiride
670606910,암로듀엣정5/20mg_(1정),atorvastatin
670607050,휴온스아토르바스타틴정20밀리그램(아토르바스타틴칼슘삼수화물)_(21.7mg/1정),atorvastatin
670607060,휴온스아토르바스타틴정40밀리그램(아토르바스타틴칼슘삼수화물)_(43.4mg/1정),atorvastatin
670607440,에슈바정10/5밀리그램_(1정),ezetimibe
670608740,에토르정10/20밀리그램_(1정),ezetimibe
670608740,에토르정10/20밀리그램_(1정),atorvastatin
670608750,에토르정10/40밀리그램_(1정),atorvastatin
670609060,"휴글리아엠엑스알서방정50/1000밀리그램(시타글립틴, 메트포르민)_(1정)",metformin
670609060,"휴글리아엠엑스알서방정50/1000밀리그램(시타글립틴, 메트포르민)_(1정)",sitagliptin
670609070,"휴글리아엠엑스알서방정100/1000밀리그램(시타글립틴, 메트포르민)_(1정)",sitagliptin
670609070,"휴글리아엠엑스알서방정100/1000밀리그램(시타글립틴, 메트포르민)_(1정)",metformin
670609080,"휴글리아엠엑스알서방정50/500밀리그램(시타글립틴, 메트포르민)_(1정)",metformin
670609080,"휴글리아엠엑스알서방정50/500밀리그램(시타글립틴, 메트포르민)_(1정)",sitagliptin
670609100,"휴글리아엠정50/500밀리그램(시타글립틴, 메트포르민)_(1정)",metformin
670609100,"휴글리아엠정50/500밀리그램(시타글립틴, 메트포르민)_(1정)",sitagliptin
670609110,"휴글리아엠정50/850밀리그램(시타글립틴, 메트포르민)_(1정)",metformin
670609120,"휴글리아엠정50/1000밀리그램(시타글립틴, 메트포르민)_(1정)",sitagliptin
670609120,"휴글리아엠정50/1000밀리그램(시타글립틴, 메트포르민)_(1정)",metformin
670609160,"휴토메가연질캡슐5/1000밀리그램(아토르바스타틴, 오메가3산에틸에스테르90)_(1캡슐)",atorvastatin
670609160,"휴토메가연질캡슐5/1000밀리그램(아토르바스타틴, 오메가3산에틸에스테르90)_(1캡슐)",omega-3-acid ethyl esters90
651903750,트라린정100밀리그램(설트랄린염산염)_(0.1119g/1정),sertraline
653404020,슬리세틴캡슐(플루옥세틴염산염)_(22.4mg/1캡슐),fluoxetine
643101240,셀렉틴캡슐(플루옥세틴염산염)_(22.4mg/1캡슐),fluoxetine
661900750,시클펜정(시클로벤자프린염산염)_(10mg/1정),cyclobenzaprine
642102520,트리돌캡슐(트라마돌염산염)_(50mg/1캡슐),tramadol
671700660,심바타틴정20밀리그램(심바스타틴)_(20mg/1정),simvastatin
671702270,아스퀘어정_(1정),amlodipine
671703390,글리포르민정1/250밀리그램_(1정),metformin
671703390,글리포르민정1/250밀리그램_(1정),glimepiride
671703400,글리포르민정2/500밀리그램_(1정),metformin
671703400,글리포르민정2/500밀리그램_(1정),glimepiride
671704510,리파르정20밀리그램(아토르바스타틴칼슘수화물)_(21.7mg/1정),atorvastatin
671704830,페북트정40밀리그램(페북소스타트)_(40mg/1정),febuxostat
671704950,바이테브정10/20밀리그램_(1정),ezetimibe
671704950,바이테브정10/20밀리그램_(1정),simvastatin
671704990,바이테브정10/10밀리그램_(1정),ezetimibe
671704990,바이테브정10/10밀리그램_(1정),simvastatin
671705340,케이토스메트정15/850밀리그램_(1정),metformin
671706430,파리에트정20밀리그람(라베프라졸나트륨)_(20mg/1정),rabeprazole
671706540,올르메틴정20/5밀리그램_(1정),rosuvastatin
671706550,올르메틴정20/10밀리그램_(1정),olmesartan medoxomil
671706810,제뉴원아제브정10/20밀리그램_(1정),atorvastatin
671706820,제뉴원아제브정10/10밀리그램_(1정),ezetimibe
671706820,제뉴원아제브정10/10밀리그램_(1정),atorvastatin
671706940,하이포지에이정5/160/10밀리그램_(1정),atorvastatin
671707140,엑스메트엑스알서방정100/1000밀리그램_(1정),sitagliptin
671707150,엑스메트엑스알서방정50/1000밀리그램_(1정),metformin
671707150,엑스메트엑스알서방정50/1000밀리그램_(1정),sitagliptin
671707160,엑스메트엑스알서방정50/500밀리그램_(1정),metformin
671707240,엑스메트정50/1000밀리그램_(1정),metformin
671707250,엑스메트정50/500밀리그램_(1정),sitagliptin
671707260,엑스메트정50/850밀리그램_(1정),metformin
671707300,"빌다포트메트정50/1000밀리그램(빌다글립틴,메트포르민염산염)_(1정)",vildagliptin
671707300,"빌다포트메트정50/1000밀리그램(빌다글립틴,메트포르민염산염)_(1정)",metformin
671707310,"빌다포트메트정50/850밀리그램(빌다글립틴,메트포르민염산염)_(1정)",metformin
671707310,"빌다포트메트정50/850밀리그램(빌다글립틴,메트포르민염산염)_(1정)",vildagliptin
671707320,"빌다포트메트정50/500밀리그램(빌다글립틴,메트포르민염산염)_(1정)",metformin
671800580,리피원정20mg(아토르바스타틴칼슘삼수화물)_(21.69mg/1정),atorvastatin
671800731,대원염산에페드린주사액[수출명:에린주사(에페드린염산염)(ErineInj.)]_(40mg/1mL),ephedrine
671804920,아이토린정10/20_(1정),simvastatin
671804920,아이토린정10/20_(1정),ezetimibe
671806050,아이토린정10/10_(1정),simvastatin
671806050,아이토린정10/10_(1정),ezetimibe
671806360,크로우젯정10/5밀리그램_(1정),rosuvastatin
671806630,트리인원정80/5/5mg_(1정),rosuvastatin
671806831,콤포나콤팩트에어250/50_(60회),salmeterol xinafoate
671806841,콤포나콤팩트에어100/50_(60회),salmeterol xinafoate
671807240,리토젯정10/40밀리그램_(1정),ezetimibe
671807250,리토젯정10/20밀리그램_(1정),atorvastatin
671807260,리토젯정10/10밀리그램_(1정),ezetimibe
671807400,자누리틴콤비정50/850밀리그램_(1정),metformin
671807400,자누리틴콤비정50/850밀리그램_(1정),sitagliptin
671807410,자누리틴콤비정50/1000밀리그램_(1정),metformin
671807410,자누리틴콤비정50/1000밀리그램_(1정),sitagliptin
671807420,자누리틴콤비정50/500밀리그램_(1정),metformin
671807420,자누리틴콤비정50/500밀리그램_(1정),sitagliptin
671807430,테네틴엠서방정10/750밀리그램_(1정),teneligliptin
671807430,테네틴엠서방정10/750밀리그램_(1정),metformin
671807440,테네틴엠서방정10/500밀리그램_(1정),teneligliptin
671807440,테네틴엠서방정10/500밀리그램_(1정),metformin
671807480,테네틴엠서방정20/1000밀리그램_(1정),metformin
671807480,테네틴엠서방정20/1000밀리그램_(1정),teneligliptin
671807510,톨비스정15밀리그램(톨밥탄)_(15mg/1정),tolvaptan
671807520,톨비스정30밀리그램(톨밥탄)_(30mg/1정),tolvaptan
671807590,자누리틴콤비서방정50/500 밀리그램_(1정),metformin
671807590,자누리틴콤비서방정50/500 밀리그램_(1정),sitagliptin
671807600,자누리틴콤비서방정50/1000밀리그램_(1정),sitagliptin
671807600,자누리틴콤비서방정50/1000밀리그램_(1정),metformin
671807610,자누리틴콤비서방정100/1000밀리그램_(1정),sitagliptin
671807610,자누리틴콤비서방정100/1000밀리그램_(1정),metformin
671807620,자누리틴콤비서방정50/750 밀리그램_(1정),metformin
671807620,자누리틴콤비서방정50/750 밀리그램_(1정),sitagliptin
671807890,"리토젯정10/5밀리그램(에제티미브,아토르바스타틴칼슘삼수화물)_(1정)",ezetimibe
671807890,"리토젯정10/5밀리그램(에제티미브,아토르바스타틴칼슘삼수화물)_(1정)",atorvastatin
674101940,아토로우엠정10/10밀리그램_(1정),ezetimibe
674101940,아토로우엠정10/10밀리그램_(1정),atorvastatin
674400750,리피큐어정10밀리그램(아토르바스타틴칼슘수화물)_(10.85mg/1정),atorvastatin
674401240,리피큐어정20밀리그램(아토르바스타틴칼슘삼수화물)_(21.7mg/1정),atorvastatin
674402400,아이토젯정10/10밀리그램_(1정),ezetimibe
674402410,아이토젯정10/20밀리그램_(1정),ezetimibe
674402410,아이토젯정10/20밀리그램_(1정),atorvastatin
645209690,씨플로정(시프로플록사신염산염)_(0.291g/1정),ciprofloxacin
674900451,케랄주(덱스케토프로펜트로메타몰)_(73.8mg/2mL),dexketoprofen trometamol
676300100,프로코라란정5밀리그램(이바브라딘염산염)_(5.39mg/1정),ivabradine
676300110,프로코라란정7.5밀리그램(이바브라딘염산염)_(8.085mg/1정),ivabradine
654005140,크로라신정(클래리트로마이신)_(0.25g/1정),clarithromycin
653101941,비씨모르핀황산염수화물주사15mg/ml_(15mg/1mL),morphine
678000030,노스판패취20㎍/h(부프레노르핀)_(7.2X7.2㎠/1매),buprenorphine
678600300,디스플루캡슐150밀리그램(플루코나졸)_(0.15g/1캡슐),fluconazole
678600480,자누믹스정50/850밀리그램_(1정),sitagliptin
678600490,자누믹스정50/1000밀리그램_(1정),metformin
678600490,자누믹스정50/1000밀리그램_(1정),sitagliptin
678600500,자누믹스정50/500밀리그램_(1정),sitagliptin
678600500,자누믹스정50/500밀리그램_(1정),metformin
678600810,뉴스피린장용정100밀리그램(아스피린)_(0.1g/1정),aspirin
678600950,리토아틴정10밀리그램(아토르바스타틴칼슘삼수화물)_(10.85mg/1정),atorvastatin
678601350,크레로우정20밀리그램(로수바스타틴칼슘)_(20.8mg/1정),rosuvastatin
678601900,브이토젯정10/20밀리그램_(1정),atorvastatin
678602260,조코토린정10/10밀리그램_(1정),ezetimibe
678602260,조코토린정10/10밀리그램_(1정),simvastatin
645405171,제클리건조시럽250mg/5mL(클래리트로마이신)_(3.5g/70mL),clarithromycin
678602270,조코토린정10/20밀리그램_(1정),simvastatin
671805600,클래신정500mg(클래리트로마이신)_(0.5g/1정),clarithromycin
678602270,조코토린정10/20밀리그램_(1정),ezetimibe
679600960,알토바정10밀리그램(아토르바스타틴칼슘)_(10.36mg/1정),atorvastatin
679601010,이지심바정10/10밀리그램_(1정),ezetimibe
679601010,이지심바정10/10밀리그램_(1정),simvastatin
679601020,이지심바정10/20밀리그램_(1정),simvastatin
679800660,콜스테롤정(심바스타틴)_(40mg/1정),simvastatin
679801360,아토바스정10mg(아토르바스타틴칼슘수화물)_(10.85mg/1정),atorvastatin
640904270,레니디핀정(레르카니디핀염산염)_(10mg/1정),lercanidipine
642102221,캠테칸주(이리노테칸염산염)_(0.1g/5mL),irinotecan
679802170,시타티딘듀오엑스알서방정50/500밀리그램_(1정),sitagliptin
679802180,시타티딘듀오엑스알서방정50/1000밀리그램_(1정),sitagliptin
679802180,시타티딘듀오엑스알서방정50/1000밀리그램_(1정),metformin
679802190,시타티딘듀오엑스알서방정100/1000밀리그램_(1정),metformin
679802200,시타티딘듀오정50/850밀리그램_(1정),metformin
679802200,시타티딘듀오정50/850밀리그램_(1정),sitagliptin
679802210,시타티딘듀오정50/500밀리그램_(1정),metformin
679802210,시타티딘듀오정50/500밀리그램_(1정),sitagliptin
679802220,시타티딘듀오정50/1000밀리그램_(1정),sitagliptin
679802220,시타티딘듀오정50/1000밀리그램_(1정),metformin
680500770,비엘아토르정20밀리그램(아토르바스타틴칼슘수화물)_(21.7mg/1정),atorvastatin
681100520,에스오졸캡슐40mg(에스오메프라졸마그네슘이수화물)_(43.36mg/1캡슐),esomeprazole
684500840,아바틴정10mg(아토르바스타틴칼슘삼수화물)_(10.85mg/1정),atorvastatin
684502040,아토이브정10/10밀리그램_(1정),ezetimibe
684502050,아토이브정10/40밀리그램_(1정),atorvastatin
689000300,아르테크정10밀리그램(아토르바스타틴칼슘수화물)_(10.85mg/1정),atorvastatin
689001550,라도젯정10/10밀리그램_(1정),atorvastatin
689001550,라도젯정10/10밀리그램_(1정),ezetimibe
689001560,라도젯정10/20밀리그램_(1정),atorvastatin
689001570,라도젯정10/40밀리그램_(1정),atorvastatin
689001570,라도젯정10/40밀리그램_(1정),ezetimibe
689001770,자누그립틴듀오엑스알서방정50/500밀리그램_(1정),metformin
689001780,자누그립틴듀오엑스알서방정50/1000밀리그램_(1정),sitagliptin
689001780,자누그립틴듀오엑스알서방정50/1000밀리그램_(1정),metformin
689001790,자누그립틴듀오엑스알서방정100/1000밀리그램_(1정),metformin
689001820,자누그립틴듀오정50/1000밀리그램_(1정),metformin
690300880,뉴피토정20밀리그램(아토르바스타틴칼슘수화물)_(21.7mg/1정),atorvastatin
690300910,뉴피토정10밀리그램(아토르바스타틴칼슘수화물)_(10.85mg/1정),atorvastatin
648100390,디로핀지속정2.5밀리그람(펠로디핀)_(2.5mg/1정),felodipine
693200800,글로스타정10밀리그램(아토르바스타틴칼슘수화물)_(10.85mg/1정),atorvastatin
693201100,암로스틴정5mg/10mg_(1정),amlodipine
693201100,암로스틴정5mg/10mg_(1정),atorvastatin
693201781,글로페낙주(디클로페낙나트륨)_(75mg/2mL),diclofenac
693202170,라사민정0.5밀리그램(라사길린메실산염)_(0.78mg/1정),rasagiline
657804981,트라주50mg/mL(트라마돌염산염)_(0.1g/2mL),tramadol
693202180,라사민정(라사길린메실산염)_(1.56mg/1정),rasagiline
693202420,글로젯정10/10밀리그램_(1정),ezetimibe
693202430,글로젯정10/20밀리그램_(1정),ezetimibe
693202430,글로젯정10/20밀리그램_(1정),atorvastatin
693202530,글로시타포민서방정100/1000밀리그램_(1정),metformin
693202530,글로시타포민서방정100/1000밀리그램_(1정),sitagliptin
693202540,글로시타포민서방정50/500밀리그램_(1정),metformin
693202550,글로시타포민서방정50/1000밀리그램_(1정),sitagliptin
693202550,글로시타포민서방정50/1000밀리그램_(1정),metformin
693202560,글로시타포민정50/1000밀리그램_(1정),sitagliptin
693202560,글로시타포민정50/1000밀리그램_(1정),metformin
693202570,글로시타포민정50/850밀리그램_(1정),sitagliptin
693202570,글로시타포민정50/850밀리그램_(1정),metformin
693202580,글로시타포민정50/500밀리그램_(1정),metformin
693202580,글로시타포민정50/500밀리그램_(1정),sitagliptin
693202700,조바토린정10/20밀리그램(에제티미브/심바스타틴)_(1정),simvastatin
693202700,조바토린정10/20밀리그램(에제티미브/심바스타틴)_(1정),ezetimibe
693902530,셀트리온클래리트로마이신정500밀리그램_(0.5g/1정),clarithromycin
646902100,프레즈코빅스정_(1정),cobicistat
693202710,조바토린정10/10밀리그램(에제티미브/심바스타틴)_(1정),ezetimibe
693900390,카디엔정5/10밀리그램_(1정),atorvastatin
693900570,토바스틴정(아토르바스타틴칼슘삼수화물)_(10.85mg/1정),atorvastatin
693901200,글리메엠정1/250밀리그램_(1정),metformin
693901200,글리메엠정1/250밀리그램_(1정),glimepiride
693901210,글리메엠정2/500밀리그램_(1정),metformin
693901230,토바스틴정20밀리그램(아토르바스타틴칼슘삼수화물)_(21.69mg/1정),atorvastatin
693900050,칼딥정(레르카니디핀염산염)_(10mg/1정),lercanidipine
662501890,할로핀정(펠로디핀)_(5mg/1정),felodipine
693902090,바이시브정10/20밀리그램_(1정),ezetimibe
693902150,바이시브정10/10밀리그램_(1정),simvastatin
693902150,바이시브정10/10밀리그램_(1정),ezetimibe
650203801,슈클래리건조시럽125mg/5mL(클래리트로마이신제피과립)_(2.5g/100mL),clarithromycin
693902290,피타로틴정2밀리그램(피타바스타틴칼슘)_(2mg/1정),pitavastatin
693902680,크로스틴정5밀리그램(로수바스타틴칼슘)_(5.2mg/1정),rosuvastatin
693902750,카디엔정5/20밀리그램_(1정),atorvastatin
693902860,트레블정40/5/5밀리그램_(1정),rosuvastatin
693902860,트레블정40/5/5밀리그램_(1정),telmisartan
693902870,트레블정80/5/5밀리그램_(1정),telmisartan
693903150,듀오스타정80/10밀리그램_(1정),telmisartan
693903400,셀토젯정10/10밀리그램_(1정),atorvastatin
693903990,"액토스메트정15/850밀리그램(피오글리타존염산염, 메트포르민염산염)_(1정)",pioglitazone
693903990,"액토스메트정15/850밀리그램(피오글리타존염산염, 메트포르민염산염)_(1정)",metformin
694000120,아토바디핀정5mg/10mg_(1정),amlodipine
694000490,베아릴엠정2/500밀리그램_(1정),metformin
694000560,대웅바이오아토르바스타틴정10밀리그램(아토르바스타틴칼슘삼수화물)_(10.85mg/1정),atorvastatin
694001010,베아토린정10/20_(1정),simvastatin
650204040,슈클래리정500밀리그램(클래리트로마이신)_(0.5g/1정),clarithromycin
694001010,베아토린정10/20_(1정),ezetimibe
694001030,베아토린정10/10_(1정),ezetimibe
694001030,베아토린정10/10_(1정),simvastatin
642100880,씨클라린정(클래리트로마이신)_(0.25g/1정),clarithromycin
694001080,크라틴정20밀리그램(로수바스타틴칼슘)_(20.8mg/1정),rosuvastatin
694002630,대웅바이오아토르바스타틴정40밀리그램(아토르바스타틴칼슘삼수화물)_(43.4mg/1정),atorvastatin
694003170,로에제정10/20밀리그램_(1정),ezetimibe
694003180,로에제정10/10밀리그램_(1정),rosuvastatin
694003390,아에제정10/10밀리그램_(1정),ezetimibe
694003390,아에제정10/10밀리그램_(1정),atorvastatin
694003400,대웅바이오아토르바스타틴정80밀리그램(아토르바스타틴칼슘삼수화물)_(86.8mg/1정),atorvastatin
694003410,아에제정10/20밀리그램_(1정),atorvastatin
694003410,아에제정10/20밀리그램_(1정),ezetimibe
694003420,아에제정10/40밀리그램_(1정),ezetimibe
694003420,아에제정10/40밀리그램_(1정),atorvastatin
694003520,리바피타정4밀리그램(피타바스타틴칼슘)_(4mg/1정),pitavastatin
694003530,바렐토정20밀리그램(리바록사반)_(20mg/1정),rivaroxaban
694003540,바렐토정10밀리그램(리바록사반)_(10mg/1정),rivaroxaban
694003600,브이포지알정5/160/5밀리그램_(1정),amlodipine
694003650,칸데칸듀오정5/16밀리그램_(1정),candesartan cilexetil
694003650,칸데칸듀오정5/16밀리그램_(1정),rosuvastatin
694003870,대웅피오메트정15/850밀리그램_(1정),metformin
694003870,대웅피오메트정15/850밀리그램_(1정),pioglitazone
694003900,자누다움엠엑스알서방정50/1000밀리그램_(1정),sitagliptin
694003900,자누다움엠엑스알서방정50/1000밀리그램_(1정),metformin
694003910,자누다움엠엑스알서방정100/1000밀리그램_(1정),metformin
694004010,자누다움엠정50/500밀리그램_(1정),metformin
694004010,자누다움엠정50/500밀리그램_(1정),sitagliptin
694004020,자누다움엠정50/850밀리그램_(1정),sitagliptin
694004030,자누다움엠정50/1000밀리그램_(1정),sitagliptin
694004100,"빌다브스엠정50/500밀리그램(빌다글립틴,메트포르민염산염)_(1정)",vildagliptin
694004110,"빌다브스엠정50/850밀리그램(빌다글립틴,메트포르민염산염)_(1정)",vildagliptin
694004120,"빌다브스엠정50/1000밀리그램(빌다글립틴,메트포르민염산염)_(1정)",metformin
694004120,"빌다브스엠정50/1000밀리그램(빌다글립틴,메트포르민염산염)_(1정)",vildagliptin
694004560,"스타피브정2/160밀리그램(피타바스타틴칼슘수화물,페노피브레이트)_(1정)",pitavastatin
696300470,닌라로캡슐4밀리그램(익사조밉시트레이트)_(5.7mg/1캡슐),ixazomib
642201050,부광티모닐서방정300밀리그램(카르바마제핀)_(0.3g/1정),carbamazepine
648902510,라파뮨정0.5밀리그램(시롤리무스)_(0.5mg/1정),sirolimus
696300520,알룬브릭정30밀리그램(브리가티닙)_(30mg/1정),brigatinib
696300530,알룬브릭정90밀리그램(브리가티닙)_(90mg/1정),brigatinib
696300540,알룬브릭정180밀리그램(브리가티닙)_(0.18g/1정),brigatinib
643303680,타크로벨캡슐0.25밀리그램(타크로리무스수화물)_(0.255mg/1캡슐),tacrolimus
696600920,일양바이오아토르바스타틴칼슘삼수화물정10밀리그램_(10.85mg/1정),atorvastatin
696601830,멜로캅캡슐7.5밀리그램(멜록시캄)_(7.5mg/1캡슐),meloxicam
697100390,듀록정100밀리그램(히드록시클로로퀸황산염)_(0.1g/1정),hydroxychloroquine
697101030,아토르젯정10/20밀리그램_(1정),ezetimibe
698001120,크로바틴정10mg(로수바스타틴칼슘)_(10.4mg/1정),rosuvastatin
652604650,레카딥정(레르카니디핀염산염)_(10mg/1정),lercanidipine
698002820,리피도정10밀리그램(아토르바스타틴칼슘수화물)_(10.85mg/1정),atorvastatin
698004370,텔로바틴정80/10밀리그램_(1정),telmisartan
698004470,뉴록스반정15밀리그램(리바록사반)_(15mg/1정),rivaroxaban
698004480,뉴록스반정20밀리그램(리바록사반)_(20mg/1정),rivaroxaban
698004870,자크문정10밀리그램(토파시티닙시트르산염)_(16.155mg/1정),tofacitinib
643303690,타크로벨캡슐0.5밀리그램(타크로리무스수화물)_(0.51mg/1캡슐),tacrolimus
698500090,리피스탄정(심바스타틴)_(20mg/1정),simvastatin
647205010,클로미신정250밀리그램(클래리트로마이신)_(0.25g/1정),clarithromycin
698502140,아마리아엠정2/500밀리그램_(1정),glimepiride
698502140,아마리아엠정2/500밀리그램_(1정),metformin
698502310,아토센정10밀리그램(아토르바스타틴칼슘수화물)_(10.85mg/1정),atorvastatin
698503340,임펙트윈정10/20mg_(1정),simvastatin
698503420,임펙트윈정10/10mg_(1정),ezetimibe
698503420,임펙트윈정10/10mg_(1정),simvastatin
698504590,리바록스정10밀리그램(리바록사반)_(10mg/1정),rivaroxaban
698504600,리바록스정20밀리그램(리바록사반)_(20mg/1정),rivaroxaban
698504610,에소미트정20/800밀리그램_(1정),sodium bicarbonate
698504730,제티스토정10/10밀리그램_(1정),ezetimibe
698504770,테라메트엑스알서방정50/500밀리그램_(1정),sitagliptin
698504770,테라메트엑스알서방정50/500밀리그램_(1정),metformin
698504780,테라메트엑스알서방정50/1000밀리그램_(1정),sitagliptin
698504780,테라메트엑스알서방정50/1000밀리그램_(1정),metformin
698504790,테라메트엑스알서방정100/1000밀리그램_(1정),metformin
698504790,테라메트엑스알서방정100/1000밀리그램_(1정),sitagliptin
660701970,펠론정(펠로디핀)_(5mg/1정),felodipine
670500721,캠푸토주(이리노테칸염산염)_(0.1g/5mL),irinotecan
52402030,인토젯정10/20밀리그램_(1정),atorvastatin
52402040,인토젯정10/10밀리그램_(1정),atorvastatin
52402320,"아이스타플러스정80/5/10밀리그램(텔미사르탄,암로디핀,로수바스타틴)_(1정)",rosuvastatin
52402340,"아이스타플러스정40/5/10밀리그램(텔미사르탄,암로디핀,로수바스타틴)_(1정)",rosuvastatin
642507690,다파프로메트서방정5/500밀리그램_(1정),metformin
661905700,"자디플로진엠정5/1000밀리그램(엠파글리플로진,메트포르민염산염)_(1정)",metformin
648603250,멜포민서방정500mg(메트포르민염산염)_(0.5g/1정),metformin
643705640,"글리앙듀오정5/500밀리그램(엠파글리플로진, 메트포르민염산염)_(1정)",metformin
698004730,자디원듀오정12.5/850밀리그램_(1정),metformin
643508560,다파론듀오서방정5/500밀리그램_(1정),dapagliflozin bis
640007230,아토메트서방정20/500밀리그램_(1정),atorvastatin
648508040,테리글메트서방정20/1000밀리그램_(1정),metformin
660700450,메트포민서방정(메트포르민염산염)_(0.5g/1정),metformin
661905780,"자디플로진엠정12.5/850밀리그램(엠파글리플로진,메트포르민염산염)_(1정)",empagliflozin
657308860,다파프로진메트서방정10/500밀리그램_(1정),dapagliflozin citric acid
642106350,"트라듀오엠파서방정10/5/1000밀리그램(엠파글리플로진, 리나글립틴, 메트포르민)_(1정)",empagliflozin
661905720,"자디플로진엠정5/500밀리그램(엠파글리플로진,메트포르민염산염)_(1정)",empagliflozin
670105510,"엠플로진듀오정12.5/500밀리그램(엠파글리플로진, 메트포르민염산염)_(1정)",empagliflozin
671807550,다파원엠서방정5/1000밀리그램_(1정),metformin
671807850,트라리틴콤비서방정5/1000밀리그램_(1정),metformin
643309750,"엠시폴민서방정25/100/1000밀리그램(엠파글리플로진,시타글립틴,메트포르민)_(1정)",empagliflozin
656005450,라니글듀오정2.5/500밀리그램_(1정),metformin
52701090,알파스타틴정20밀리그램(아토르바스타틴칼슘삼수화물)_(21.7mg/1정),atorvastatin
53300310,리바토정10밀리그램(아토르바스타틴칼슘삼수화물)_(10.85mg/1정),atorvastatin
53300640,엘로수바정10밀리그램(로수바스타틴칼슘(미분화))_(10.4mg/1정),rosuvastatin
53301010,엘로수바정5밀리그램(로수바스타틴칼슘(미분화))_(5.2mg/1정),rosuvastatin
53301190,리바토정20밀리그램(아토르바스타틴칼슘수화물)_(21.7mg/1정),atorvastatin
53600310,뉴아토르타정20밀리그램(아토르바스타틴칼슘삼수화물)_(21.7mg/1정),atorvastatin
53601610,뉴아토르젯정10/20밀리그램_(1정),atorvastatin
53601680,빌다틴메트정50/500밀리그램_(1정),metformin
54800390,로수바트정5mg(로수바스타틴칼슘)_(5.2mg/1정),rosuvastatin
641802591,이리테신주(이리노테칸염산염)_(0.2g/10mL),irinotecan
656005170,알픽스정5밀리그램(아픽사반)_(5mg/1정),apixaban
54801270,엔비젯정10/20밀리그램_(1정),ezetimibe
57600280,리토르정10mg(아토르바스타틴칼슘삼수화물)_(10.845mg/1정),atorvastatin
57600860,아미젯정10/10밀리그램_(1정),atorvastatin
58200050,엠디에소파크정40밀리그램(에스오메프라졸마그네슘이수화물)_(43.38mg/1정),esomeprazole
59000100,케이릴엠정2/500밀리그램_(1정),glimepiride
59000100,케이릴엠정2/500밀리그램_(1정),metformin
59000510,라베에트정20밀리그램(라베프라졸나트륨)_(20mg/1정),rabeprazole
59001020,리바로트정20밀리그램(리바록사반)_(20mg/1정),rivaroxaban
59001150,다누메트엑스알서방정50/500밀리그램_(1정),sitagliptin
59400050,제토바정10/20밀리그램_(1정),ezetimibe
59400060,제토바정10/10밀리그램_(1정),ezetimibe
59600030,페북손정80밀리그램(페북소스타트)_(80mg/1정),febuxostat
59600060,악토바정(아토르바스타틴칼슘수화물)_(10.85mg/1정),atorvastatin
59600110,악토바정20밀리그램(아토르바스타틴칼슘수화물)_(21.7mg/1정),atorvastatin
60500770,메가아토바정10밀리그램(아토르바스타틴칼슘수화물)_(10.85mg/1정),atorvastatin
73000260,로메가연질캡슐_(1캡슐),rosuvastatin
73000710,로수칸데정10/16밀리그램_(1정),rosuvastatin
73001640,건토젯정10/10밀리그램(에제티미브/아토르바스타틴칼슘삼수화물)_(1정),ezetimibe
694000711,대웅바이오클래리트로마이신건조시럽125mg/5mL_(2.5g/100mL),clarithromycin
60500260,메가클래신정250밀리그램(클래리트로마이신)_(0.25g/1정),clarithromycin
73100120,바이토린정10/10_(1정),simvastatin
645905610,동광클래리트로마이신정_(0.25g/1정),clarithromycin
73100380,아토젯정10/20밀리그램_(1정),atorvastatin
73100390,아토젯정10/40밀리그램_(1정),ezetimibe
73100400,아토젯정10/80밀리그램_(1정),ezetimibe
73100400,아토젯정10/80밀리그램_(1정),atorvastatin
624900221,젬플라주(파리칼시톨)_(5μg/1mL),paricalcitol
73200890,알파카정1마이크로그램(알파칼시돌)_(1㎍/1정),alfacalcidol
73400180,카듀엣정5mg/20mg_(1정),amlodipine
73400380,리피토정80밀리그램(아토르바스타틴칼슘삼수화물)_(86.8mg/1정),atorvastatin
657808290,"자디스듀오정5/1000밀리그램(엠파글리플로진, 메트포르민)_(1정)",metformin
645405280,리피토엠서방정20/500밀리그램_(1정),atorvastatin
648508030,테리글메트서방정10/750밀리그램_(1정),teneligliptin
645211010,"엠파콤비정12.5/1000밀리그램(엠파글리플로진, 메트포르민염산염)_(1정)",metformin
649508470,트란타듀오정2.5/500밀리그램_(1정),linagliptin
671807690,다파시타엠서방정10/100/1000밀리그램_(1정),dapagliflozin
642507360,슈가메트서방정5/1000밀리그램_(1정),metformin
645210860,다파엠듀오서방정5/500밀리그램_(1정),dapagliflozin
643705530,트라디엠듀오정2.5/850밀리그램_(1정),metformin
693903840,"네시나메트정12.5/500밀리그램(알로글립틴벤조산염,메트포르민염산염)_(1정)",metformin
662504690,플로가듀오서방정5/1000밀리그램_(1정),dapagliflozin citric acid
648508130,다파루틴듀오서방정10/1000밀리그램_(1정),dapagliflozin
670609240,"리나디포듀오정2.5/500mg(리나글립틴, 메트포르민)_(1정)",metformin
660703860,리트라젠듀오정2.5/1000mg_(1정),linagliptin
652607320,"리나티젠듀오서방정2.5/1000밀리그램(리나글립틴,메트포르민염산염)_(1정)",metformin
643309200,엑시글루엠서방정5/500밀리그램_(1정),metformin
655604890,글루코다운정1000밀리그램(메트포르민염산염)_(1g/1정),metformin
649105920,리나젠타듀오정2.5/1000mg_(1정),metformin
664602680,글루파엑스알서방정850밀리그램(메트포르민염산염)_(0.85g/1정),metformin
642707830,"엠플디엠메트서방정25/1000밀리그램(엠파글리플로진, 메트포르민)_(1정)",empagliflozin
653700280,메트파민정(메트포르민염산염)_(0.5g/1정),metformin
648104850,다파메트서방정10/1000밀리그램_(1정),metformin
652904720,"엠파벡스정5/1000밀리그램(엠파글리플로진,메트포르민염산염)_(1정)",metformin
643309940,"엠파맥스엠정12.5/500밀리그램(엠파글리플로진,메트포르민)_(1정)",empagliflozin
645406540,"제파진듀오정5/500밀리그램(엠파글리플로진,메트포르민염산염)_(1정)",empagliflozin
657808050,"자디스듀오정12.5/1000밀리그램(엠파글리플로진, 메트포르민)_(1정)",empagliflozin
649102270,다이나브정(메트포르민염산염)_(0.5g/1정),metformin
640008120,"다파엔메트서방정10/500밀리그램(다파글리플로진, 메트포르민)_(1정)",dapagliflozin anhydrous lactose mixture
647805810,"엠포진듀오정12.5/1000밀리그램(엠파글리플로진,메트포르민염산염)_(1정)",metformin
645210860,다파엠듀오서방정5/500밀리그램_(1정),metformin
648508020,테리글메트서방정10/500밀리그램_(1정),metformin
649508460,트란타듀오정2.5/850밀리그램_(1정),linagliptin
665003330,"리라젠타듀오정2.5/500밀리그램(리나글립틴베실산염,메트포르민염산염)_(1정)",metformin
662504980,"플로가엠듀오서방정10/500밀리그램(다파글리플로진, 메트포르민)_(1정)",dapagliflozin
690301660,엠글리메포정2/500밀리그램_(1정),metformin
645307060,"리나로엠서방정5/1000밀리그램(리나글립틴,메트포르민)_(1정)",linagliptin
645306920,"시타로엠정50/1000밀리그램(시타글립틴염산염수화물, 메트포르민염산염콜로이드성이산화규소)_(1정)",sitagliptin
669908410,"엔피앙듀오정5/850밀리그램(엠파글리플로진,메트포르민염산염)_(1정)",empagliflozin
642707550,"리나디엠메트서방정5/1000밀리그램(리나글립틴,메트포르민)_(1정)",metformin
642507910,"엠파프로메트서방정10/1000밀리그램(엠파글리플로진,메트포르민)_(1정)",metformin
670609540,"휴디앙듀오서방정10/1000밀리그램(엠파글리플로진,메트포르민)_(1정)",empagliflozin
670105540,"나리젠타듀오서방정 2.5/1000밀리그램(리나글립틴,메트포르민염산염)_(1정)",linagliptin
671808030,"엠파시타엠서방정25/100/1000밀리그램(엠파글리플로진,시타글립틴,메트포르민염산염)_(1정)",metformin
654006250,"엠파릴듀오서방정25/1000밀리그램(엠파글리플로진,메트포르민)_(1정)",empagliflozin
645211000,"엠파콤비정5/1000밀리그램(엠파글리플로진, 메트포르민염산염)_(1정)",metformin
644915240,"자디메트정12.5/500밀리그램(엠파글리플로진,메트포르민염산염)_(1정)",empagliflozin
652105470,테넬리아엠서방정10/750밀리그램_(1정),metformin
652904760,"엠파벡스정12.5/850밀리그램(엠파글리플로진,메트포르민염산염)_(1정)",metformin
653806280,트라글립틴듀오정2.5/500mg_(1정),metformin
76100071,할돌데카노아스주사(할로페리돌데카노에이트)_(70.52mg/1mL),haloperidol decanoate
651903550,뉴프람정20밀리그램(에스시탈로프람옥살산염)_(25.54mg/1정),escitalopram
643309330,듀비메트에스서방정0.5/100/1000밀리그램_(1정),lobeglitazone
645307220,"엠파로엠정5/1000밀리그램(엠파글리플로진,메트포르민염산염)_(1정)",metformin
642906850,리나제틴듀오정2.5/850밀리그램_(1정),metformin
664602800,글루파엑스알서방정500밀리그램(메트포르민염산염)_(0.5g/1정),metformin
653406050,"엠플진메트서방정5/1000밀리그램(엠파글리플로진, 메트포르민염산염)_(1정)",empagliflozin
650700930,직듀오서방정10/1000밀리그램_(1정),dapagliflozin
656000350,메트로정500밀리그램(메트포르민염산염)_(0.5g/1정),metformin
671808030,"엠파시타엠서방정25/100/1000밀리그램(엠파글리플로진,시타글립틴,메트포르민염산염)_(1정)",empagliflozin
642707410,"다플디엠메트서방정10/1000밀리그램(다파글리플로진프로판디올수화물,메트포르민염산염)_(1정)",metformin
646005680,"다파글엠서방정10/1000밀리그램(다파글리플로진프로판디올수화물,메트포르민염산염)_(1정)",metformin
644914130,가드메트정100/500밀리그램_(1정),anagliptin
650700900,콤비글라이즈서방정5/500밀리그램_(1정),saxagliptin
648508310,"리나루틴듀오정2.5/850밀리그램(리나글립틴,메트포르민)_(1정)",metformin
644004690,디파글루엠서방정10/1000밀리그램_(1정),metformin
653405130,테네리칸엠서방정10/750밀리그램_(1정),metformin
657308840,다파프로진메트서방정5/500밀리그램_(1정),dapagliflozin citric acid
642106330,"유한엠메트서방정10/1000밀리그램(엠파글리플로진, 메트포르민)_(1정)",empagliflozin
662504680,플로가듀오서방정10/1000밀리그램_(1정),dapagliflozin citric acid
642907070,"엠파칸듀오정5/500밀리그램(엠파글리플로진,메트포르민염산염)_(1정)",metformin
653404390,로수탄메트정500/5밀리그램_(1정),metformin
645210660,다파엠서방정5/1000밀리그램_(1정),metformin
642907030,"엠파칸듀오정12.5/850밀리그램(엠파글리플로진,메트포르민염산염)_(1정)",empagliflozin
621802260,게리드엠정_(1정),glimepiride
621802890,록스바정5mg(로수바스타틴칼슘)_(5.2mg/1정),rosuvastatin
643309330,듀비메트에스서방정0.5/100/1000밀리그램_(1정),sitagliptin
644915250,"자디메트정12.5/1000밀리그램(엠파글리플로진,메트포르민염산염)_(1정)",empagliflozin
640904640,"트리나엠서방정2.5/1000밀리그램(리나글립틴, 메트포르민)_(1정)",linagliptin
671807740,다파시타엠서방정5/50/750밀리그램_(1정),dapagliflozin
671808020,"엠파시타엠서방정10/100/1000밀리그램(엠파글리플로진,시타글립틴,메트포르민염산염)_(1정)",sitagliptin
643606490,폴민다파서방정10/500밀리그램_(1정),dapagliflozin
621804250,아토브정10/10밀리그램_(1정),ezetimibe
621804370,판토라졸정20밀리그램(판토프라졸나트륨세스키히드레이트)_(22.55mg/1정),pantoprazole
698002580,트레인연질캡슐(이소트레티노인)_(10mg/1캡슐),isotretinoin
654000630,아나딥정10밀리그람(레르카니디핀염산염)_(10mg/1정),lercanidipine
657802741,하나염산페치딘주사_(25mg/0.5mL),pethidine
622804320,로수엠젯정10/20밀리그램_(1정),rosuvastatin
622804320,로수엠젯정10/20밀리그램_(1정),ezetimibe
622804590,리바록엠정10밀리그램(리바록사반)_(10mg/1정),rivaroxaban
622804610,리바록엠정20밀리그램(리바록사반)_(20mg/1정),rivaroxaban
622804640,피타틴엠정1밀리그램(피타바스타틴칼슘)_(1mg/1정),pitavastatin
622804660,피타틴엠정4밀리그램(피타바스타틴칼슘)_(4mg/1정),pitavastatin
622804740,테네글립엠서방정10/750밀리그램_(1정),teneligliptin
622804750,테네글립엠서방정10/500밀리그램_(1정),teneligliptin
622804860,시타폴엠엑스알서방정50/500밀리그램_(1정),metformin
623004040,리피탑정10밀리그램(아토르바스타틴칼슘수화물)_(10.85mg/1정),atorvastatin
643705510,트라디엠듀오정2.5/1000밀리그램_(1정),metformin
671807750,다파시타엠서방정5/50/1000밀리그램_(1정),metformin
645210990,"엠파콤비정5/850밀리그램(엠파글리플로진, 메트포르민염산염)_(1정)",metformin
622805270,"트립엠듀오정2.5/850밀리그램(리나글립틴,메트포르민)_(1정)",metformin
653406040,"엠플진메트서방정25/1000밀리그램(엠파글리플로진, 메트포르민염산염)_(1정)",empagliflozin
657309180,"시타플로진메트서방정10/100/1000밀리그램(다파글리플로진,시타글립틴,메트포르민)_(1정)",sitagliptin
642906830,다포르메트서방정10/500밀리그램_(1정),dapagliflozin bis
656005530,"라니글듀오서방정2.5/1000밀리그램(리나글립틴,메트포르민염산염)_(1정)",linagliptin
694004280,"트라이나엠서방정2.5/1000밀리그램(리나글립틴, 메트포르민)_(1정)",linagliptin
671807870,트라리틴콤비서방정2.5/1000밀리그램_(1정),linagliptin
643606890,"폴민엠파서방정12.5/1000밀리그램(엠파글리플로진, 메트포르민)_(1정)",metformin
656005470,라니글듀오정2.5/1000밀리그램_(1정),metformin
643309170,엑시글루엠서방정10/1000밀리그램_(1정),metformin
643508590,다파론듀오서방정10/1000밀리그램_(1정),metformin
670105530,"엠플로진듀오정12.5/1000밀리그램(엠파글리플로진, 메트포르민염산염)_(1정)",empagliflozin
649508460,트란타듀오정2.5/850밀리그램_(1정),metformin
660703940,위디앙듀오정5/1000밀리그램_(1정),metformin
643606870,"폴민엠파서방정5/1000밀리그램(엠파글리플로진, 메트포르민)_(1정)",metformin
642103630,아토르바정40밀리그램(아토르바스타틴칼슘삼수화물)_(43.40mg/1정),atorvastatin
625200520,콜레스톱정10mg(로수바스타틴칼슘)_(10.4mg/1정),rosuvastatin
625200970,콜레스톱정5밀리그램(로수바스타틴칼슘)_(5.2mg/1정),rosuvastatin
625201360,란소큐캡슐30밀리그램(란소프라졸)_(30mg/1캡슐),lansoprazole
625202110,아트로드플러스정10/10밀리그램_(1정),atorvastatin
625202130,아트로드플러스정10/40밀리그램_(1정),atorvastatin
625202370,"자누스듀오정50/500밀리그램(시타글립틴인산염수화물,메트포르민염산염)_(1정)",sitagliptin
647205310,비엘심바정20밀리그램(심바스타틴)_(20mg/1정),simvastatin
625500520,아토셀에스정10밀리그램(아토르바스타틴칼슘)_(10.36mg/1정),atorvastatin
652604010,크래시드정250밀리그램(클래리트로마이신)_(0.25g/1정),clarithromycin
643902820,로비탄정20밀리그램(로수바스타틴칼슘)_(20.8mg/1정),rosuvastatin
642203680,부광로수바스타틴칼슘정10밀리그램_(10.4mg/1정),rosuvastatin
657202150,로바스로정10밀리그램(로수바스타틴칼슘(미분화))_(10.4mg/1정),rosuvastatin
669501700,로바이드정10mg(로수바스타틴칼슘)_(10.4mg/1정),rosuvastatin
670101400,알프엑스엘정10밀리그램(알푸조신염산염)_(10mg/1정),alfuzosin
643508760,"리나글로메트서방정5/1000밀리그램(리나글립틴,메트포르민)_(1정)",linagliptin
647805830,"엠포진듀오정12.5/500밀리그램(엠파글리플로진,메트포르민염산염)_(1정)",metformin
643309180,엑시글루엠서방정10/500밀리그램_(1정),metformin
640007810,다파엔듀오서방정10/1000밀리그램_(1정),dapagliflozin citric acid
643307460,듀비메트서방정0.25/1000밀리그램_(1정),lobeglitazone
642507890,"엠파프로메트서방정5/1000밀리그램(엠파글리플로진,메트포르민)_(1정)",empagliflozin
643307470,듀비메트서방정0.25/750밀리그램_(1정),metformin
642100420,리팜핀캅셀150밀리그람(리팜피신)_(0.15g/1캡슐),rifampicin
626900280,타모프렉스정10밀리그램(타목시펜시트르산염)_(15.17mg/1정),tamoxifen
628801790,에제토젯정10/10밀리그램_(1정),atorvastatin
628801790,에제토젯정10/10밀리그램_(1정),ezetimibe
628801810,에제토젯정10/40밀리그램_(1정),ezetimibe
628900990,로수반정20mg(로수바스타틴칼슘)_(20.8mg/1정),rosuvastatin
628902000,이바록정10밀리그램(리바록사반)_(10mg/1정),rivaroxaban
642707490,"엠플디엠메트정12.5/1000밀리그램(엠파글리플로진, 메트포르민염산염)_(1정)",empagliflozin
646005530,"엠파글엠정5/1000밀리그램(엠파글리플로진, 메트포르민염산염)_(1정)",metformin
643705410,포시디엠서방정5/500밀리그램_(1정),metformin
643309920,"엠파맥스엠정12.5/1000밀리그램(엠파글리플로진,메트포르민)_(1정)",metformin
642405040,테립틴엠서방정10/750밀리그램_(1정),teneligliptin
648508010,다이비스정(메트포르민염산염)_(0.5g/1정),metformin
644305914,유니트렉세이트주25mg/ml(메토트렉세이트)(수출명:PterinInj)_(50mg/2mL),methotrexate
629701151,오스타렌주(디클로페낙나트륨)_(75mg/2mL),diclofenac
629701510,오코바스타정20밀리그램(아토르바스타틴칼슘삼수화물)_(21.7mg/1정),atorvastatin
643502690,한미클래리정250밀리그램(클래리트로마이신)_(0.25g/1정),clarithromycin
651901860,카마제핀정(카르바마제핀)_(0.2g/1정),carbamazepine
640003402,캄토프주(이리노테칸염산염)_(40mg/2mL),irinotecan
640006950,로바젯정10/10밀리그램_(1정),ezetimibe
640007360,엑스원알정5/80/5밀리그램_(1정),valsartan
640007380,엑스원알정5/160/10밀리그램_(1정),amlodipine
640007670,엑스원에이정5/80/20밀리그램_(1정),valsartan
640007670,엑스원에이정5/80/20밀리그램_(1정),amlodipine
640007680,엑스원에이정5/80/10밀리그램_(1정),atorvastatin
640007690,엑스원에이정5/160/20밀리그램_(1정),valsartan
640007690,엑스원에이정5/160/20밀리그램_(1정),atorvastatin
640007710,제피토정10/10밀리그램_(1정),ezetimibe
640007950,엑스원알정5/160/2.5밀리그램_(1정),valsartan
652001250,세레델가캡슐84밀리그램(엘리글루스타트)_(0.1g/1캡슐),eliglustat
644003630,후루칸정150밀리그램(플루코나졸)_(0.15g/1정),fluconazole
657307740,렉시프람정5밀리그램(에스시탈로프람옥살산염)_(6.39mg/1정),escitalopram
646902141,인베가트린자주사(팔리페리돈팔미테이트)_(0.273g/0.875mL),paliperidone
662504120,씨프록정250밀리그램(시프로플록사신염산염수화물)_(0.291g/1정),ciprofloxacin
648903013,화이자메토트렉세이트주25mg/mL_(0.5g/20mL),methotrexate
640902600,아스피드정(아스피린)_(0.1g/1정),aspirin
640902790,아토타틴정20밀리그램(아토르바스타틴칼슘삼수화물)_(21.7mg/1정),atorvastatin
640903250,에제스타정10/10_(1정),simvastatin
670401420,클래니즈정250mg(클래리트로마이신)_(0.25g/1정),clarithromycin
640903640,피오폴민정15/850밀리그램_(1정),pioglitazone
640904200,아토에정10/20밀리그램_(1정),ezetimibe
641105740,자렐토정15밀리그램(리바록사반)_(15mg/1정),rivaroxaban
641706490,"다파이제서방정10/500밀리그램(다파글리플로진,메트포르민)_(1정)",metformin
643606680,"폴민리나서방정2.5/1000밀리그램(리나글립틴,메트포르민염산염)_(1정)",linagliptin
652904730,"엠파벡스정5/850밀리그램(엠파글리플로진,메트포르민염산염)_(1정)",metformin
645605780,타파진플러스서방정10/1000밀리그램_(1정),metformin
641105840,아뎀파스정2밀리그램(리오시구앗)_(2mg/1정),micronized riociguat
641106150,베르쿠보정5밀리그램(베리시구앗(미분화))_(5mg/1정),vericiguat
641106190,케렌디아정20밀리그램(피네레논)_(20mg/1정),finerenone
641502840,리피탄정20밀리그램(아토르바스타틴칼슘수화물)_(21.7mg/1정),atorvastatin
641600190,글루리아드정500/2.5밀리그람_(1정),metformin
641602880,스피틴정20밀리그램(무수아토르바스타틴칼슘)_(20.7mg/1정),atorvastatin
57000370,독시메디정(독시사이클린수화물)_(0.1g/1정),doxycycline
641607070,알리가연질캡슐30밀리그램(알리트레티노인)_(30mg/1캡슐),alitretinoin
641607510,스피틴정80밀리그램(아토르바스타틴칼슘삼수화물)_(86.80mg/1정),atorvastatin
641608360,젤토파정10밀리그램(토파시티닙시트르산염)_(16.156mg/1정),tofacitinib
641700370,일양아토르바스타틴정10밀리그램(아토르바스타틴칼슘수화물)_(10.85mg/1정),atorvastatin
641704220,글리메드엠정2/500밀리그램_(1정),glimepiride
641704650,크레고정10밀리그램(로수바스타틴칼슘)_(10.4mg/1정),rosuvastatin
641706200,자누아린듀오정50/1000밀리그램_(1정),metformin
643303700,타크로벨캡슐1밀리그램(타크로리무스수화물)_(1.02mg/1캡슐),tacrolimus
656700980,씨프록탄정500mg(시프로플록사신염산염수화물)_(0.582g/1정),ciprofloxacin
641805210,광동아토르바스타틴정20밀리그램(아토르바스타틴칼슘삼수화물)_(21.7mg/1정),atorvastatin
641906360,이지산트정10/5밀리그램_(1정),ezetimibe
641907380,듀카로정30/5/10밀리그램_(1정),rosuvastatin
641907620,아카브정60/10밀리그램_(1정),atorvastatin
641907630,아카브정60/20밀리그램_(1정),atorvastatin
641907640,아카브정30/10밀리그램_(1정),atorvastatin
641908150,"트루시타엠서방정50/500밀리그램(시타글립틴, 메트포르민)_(1정)",metformin
641908190,"트루시타엠정50/500밀리그램(시타글립틴, 메트포르민)_(1정)",metformin
641908210,"트루시타엠서방정50/750밀리그램(시타글립틴, 메트포르민)_(1정)",metformin
641908230,엘제로정4밀리그램(피타바스타틴칼슘)_(4mg/1정),pitavastatin
641908380,"엘오공정10/5밀리그램(에제티미브, 아토르바스타틴)_(1정)",atorvastatin
641908710,"이지산트정10/2.5밀리그램(에제티미브, 로수바스타틴)_(1정)",ezetimibe
642001620,듀오스크정5/10밀리그램_(1정),amlodipine
642102480,트리돌서방정(트라마돌염산염)_(0.1g/1정),tramadol
642004480,라사질트정1밀리그램(라사길린메실산염)_(1.56mg/1정),rasagiline
642004940,아토로민정10밀리그램(아토르바스타틴칼슘삼수화물)_(10.85mg/1정),atorvastatin
640006800,씨네졸리드정600밀리그램(리네졸리드)_(0.6g/1정),linezolid
642005140,설타린정25밀리그램(설트랄린염산염)_(27.98mg/1정),sertraline
642100980,아토르바정10밀리그램(아토르바스타틴칼슘삼수화물)_(10.85mg/1정),atorvastatin
648604690,나라필구강용해필름2.5밀리그램(나라트립탄염산염)_(2.78mg/1장),naratriptan
642101100,알모그란정(알모트립탄말산염)_(17.5mg/1정),almotriptan
642104800,로수바미브정10/20밀리그램_(1정),ezetimibe
642105210,로수암핀정10/5밀리그램_(1정),rosuvastatin
642105220,로수암핀정20/5밀리그램_(1정),rosuvastatin
642105330,듀오웰에이정80/5/5밀리그램_(1정),rosuvastatin
642105390,듀오웰에이정40/5/10밀리그램_(1정),rosuvastatin
642106070,"아토바미브정10/5밀리그램(에제티미브, 아토르바스타틴칼슘삼수화물)_(1정)",ezetimibe
642101311,온세란주(온단세트론염산염)_(10mg/4mL),ondansetron
641601773,씨프러스주(시프로플록사신)_(0.2g/100mL/팩),ciprofloxacin
671703430,에스시탐정20밀리그램(에스시탈로프람옥살산염)_(25.54mg/1정),escitalopram
57000570,프리졸캡슐(플루코나졸)_(50mg/1캡슐),fluconazole
653102291,메펨주1g(메로페넴삼수화물)_(1g/1병),meropenem
642201720,오르필서방정600밀리그램(발프로산나트륨)_(0.6g/1정),sodium valproate
694004201,대웅바이오메로페넴주1그램(메로페넴삼수화물)_(1.141g/1병),meropenem
642201732,오르필시럽(발프로산나트륨)_(9g/150mL),sodium valproate
644200532,클래리시드건조시럽125mg/5ml(클래리트로마이신)_(2.5g/100mL),clarithromycin
642204810,라투다정40밀리그램(루라시돈염산염)_(40mg/1정),lurasidone
642308500,삼토젯정10/20밀리그램_(1정),atorvastatin
642308500,삼토젯정10/20밀리그램_(1정),ezetimibe
642308580,삼시타플러스정50/500밀리그램_(1정),metformin
642308590,삼시타플러스정50/850밀리그램_(1정),sitagliptin
642403860,크레아진정5mg(로수바스타틴칼슘)_(5.2mg/1정),rosuvastatin
642405210,"아토바진플러스정10/10밀리그램(에제티미브,아토르바스타틴칼슘삼수화물)_(1정)",ezetimibe
642405210,"아토바진플러스정10/10밀리그램(에제티미브,아토르바스타틴칼슘삼수화물)_(1정)",atorvastatin
642500650,리피논정40밀리그램(아토르바스타틴칼슘삼수화물)_(43.4mg/1정),atorvastatin
642506240,크레스논정5밀리그램(로수바스타틴칼슘)_(5.2mg/1정),rosuvastatin
642506670,글리멜엠정2/500밀리그램_(1정),glimepiride
642507420,투게논정10/16밀리그램_(1정),candesartan cilexetil
643904090,조프란자이디스정8밀리그램(온단세트론)_(8mg/1정),ondansetron
678901294,제이더블유생명시프로플록사신주_(0.1g/50mL/병),ciprofloxacin
648506360,레포신정100밀리그램(레보플록사신)_(0.1g/1정),levofloxacin
652606860,스타레보필름코팅정100/25/200밀리그램_(1정),entacapone
650303951,쎄클래신건조시럽250mg/5mL(클래리트로마이신)_(3.5g/70mL),clarithromycin
642702290,아토스타정10밀리그램(아토르바스타틴칼슘삼수화물)_(10.85mg/1정),atorvastatin
642705320,아토스타정40mg(아토르바스타틴칼슘삼수화물)_(43.4mg/1정),atorvastatin
642705790,글리필엠정2/500밀리그램_(1정),glimepiride
642706380,디에스오정20밀리그램(에스오메프라졸마그네슘이수화물)_(21.69mg/1정),esomeprazole
642706990,로티브정10/5밀리그램_(1정),ezetimibe
642707000,로티브정10/10밀리그램_(1정),rosuvastatin
642707000,로티브정10/10밀리그램_(1정),ezetimibe
642707040,아토스타젯정10/20밀리그램_(1정),ezetimibe
642707250,테디엠메트서방정10/750밀리그램_(1정),metformin
642707290,시트디엠메트서방정50/1000밀리그램_(1정),sitagliptin
642707300,시트디엠메트서방정100/1000밀리그램_(1정),metformin
642707430,시트디엠메트정50/850밀리그램_(1정),sitagliptin
642707440,시트디엠메트정50/1000밀리그램_(1정),sitagliptin
642802750,리포스토정20밀리그램(로수바스타틴칼슘)_(20.8mg/1정),rosuvastatin
645102391,트롤주(트라마돌염산염)_(50mg/1mL),tramadol
642803270,라질렌정(라사길린메실산염)_(1.56mg/1정),rasagiline
642803360,리포듀오정10/20밀리그램_(1정),atorvastatin
642902031,캐롤시럽(이부프로펜)_(1.8g/90mL),ibuprofen
642903070,리피스톱정40밀리그램(아토르바스타틴칼슘삼수화물)_(43.4mg/1정),atorvastatin
642904970,로베틴정10밀리그램(로수바스타틴칼슘)_(10.4mg/1정),rosuvastatin
642905910,드롭탑정10/5밀리그램_(1정),rosuvastatin
642905980,텔로스톱플러스정80/5/10밀리그램_(1정),telmisartan
642906010,텔로스톱플러스정40/5/5밀리그램_(1정),rosuvastatin
642906530,아토미브정10/10밀리그램_(1정),ezetimibe
642906720,시타콤비정50/1000밀리그램_(1정),sitagliptin
643105610,티네글립엠서방정10/750밀리그램_(1정),metformin
644102260,제로큐탄연질캡슐(이소트레티노인)_(10mg/1캡슐),isotretinoin
643105630,독시크정50밀리그램(독시사이클린수화물)_(50mg/1정),doxycycline
643201480,카로디엣정5mg/20mg_(1정),amlodipine
655602984,한올트라마돌염산염주_(50mg/1mL),tramadol
651300630,본렉스이알캡슐15밀리그램(시클로벤자프린염산염)_(15mg/1캡슐),cyclobenzaprine
643308640,리피로우젯정10/20밀리그램_(1정),atorvastatin
643308700,텔미트렌에스정40/5밀리그램_(1정),rosuvastatin
643308890,칸타벨에이정8/5/10밀리그램_(1정),amlodipine
643308890,칸타벨에이정8/5/10밀리그램_(1정),atorvastatin
643308920,칸타벨에이정8/5/20밀리그램_(1정),atorvastatin
643308920,칸타벨에이정8/5/20밀리그램_(1정),candesartan cilexetil
643308930,칸타벨에이정16/5/10밀리그램_(1정),candesartan cilexetil
643309000,텔미로젯정40/5/10밀리그램_(1정),ezetimibe
643309480,리피로우정5밀리그램(아토르바스타틴칼슘삼수화물)_(5.425mg/1정),atorvastatin
643309720,토파셀정5밀리그램(토파시티닙시트르산염)_(8.078mg/1정),tofacitinib
677200200,아드바그랍서방캡슐5밀리그램(타크로리무스)_(5mg/1캡슐),tacrolimus
643310210,자누메트엑스알서방정50/500밀리그램_(1정),sitagliptin
643310220,자누메트엑스알서방정50/1000밀리그램_(1정),sitagliptin
643310220,자누메트엑스알서방정50/1000밀리그램_(1정),metformin
643310300,"에소듀오미니정10/350밀리그램(에스오메프라졸, 탄산수소나트륨)_(1정)",sodium bicarbonate
643501460,심바스트정20밀리그램(심바스타틴)_(20mg/1정),simvastatin
643504090,토바스트정10밀리그램(아토르바스타틴칼슘삼수화물)_(10.36mg/1정),atorvastatin
643504570,뉴바스트정10밀리그램(아토르바스타틴스트론튬오수화물)_(11.595mg/1정),atorvastatin strontium pentahydrate
643506670,"로벨리토정150/20밀리그램(이르베사르탄,아토르바스타틴)_(1정)",atorvastatin
643506791,플루테롤흡입용캡슐250/50_(60캡슐),fluticasone
643506791,플루테롤흡입용캡슐250/50_(60캡슐),salmeterol xinafoate
643506880,"로벨리토정300/10밀리그램(이르베사르탄,아토르바스타틴)_(1정)",atorvastatin
643507220,실도신캡슐4밀리그램(실로도신)_(4mg/1캡슐),silodosin
643507260,로수젯정10/10밀리그램_(1정),ezetimibe
643507360,"시타메트엑스알서방정100/1000밀리그램(시타글립틴, 메트포르민)_(1정)",sitagliptin
643507360,"시타메트엑스알서방정100/1000밀리그램(시타글립틴, 메트포르민)_(1정)",metformin
643507590,리록스반정20밀리그램(리바록사반)_(20mg/1정),rivaroxaban
643507610,리록스반정15밀리그램(리바록사반)_(15mg/1정),rivaroxaban
643507830,"아모잘탄큐정5/50/5밀리그램(암로디핀,로사르탄,로수바스타틴)_(1정)",rosuvastatin
643507850,"아모잘탄큐정5/50/10밀리그램(암로디핀,로사르탄,로수바스타틴)_(1정)",rosuvastatin
643508470,로수젯정10/2.5밀리그램_(1정),ezetimibe
665507040,테노비르정(테노포비르디소프록실푸마르산염)_(0.3g/1정),tenofovir disoproxil
643604550,아뎁세라정10밀리그램(아데포비어디피복실)_(10mg/1정),adefovir dipivoxil
643605410,로타칸정 10/16밀리그램_(1정),candesartan cilexetil
643605570,로타칸정 5/16밀리그램_(1정),rosuvastatin
643606090,아젯듀오정10/40밀리그램_(1정),atorvastatin
643606090,아젯듀오정10/40밀리그램_(1정),ezetimibe
643606190,네오록사반정10밀리그램(리바록사반)_(10mg/1정),rivaroxaban
643606210,로제텔정80/20/10밀리그램_(1정),telmisartan
643606230,로제텔정80/5/10밀리그램_(1정),rosuvastatin
643606260,로제텔정40/10/10밀리그램_(1정),rosuvastatin
643606400,로제텔핀정40/5/10/5밀리그램_(1정),rosuvastatin
643606420,로제텔핀정80/10/10/5밀리그램_(1정),ezetimibe
643606530,"다비듀오정10/2.5밀리그램(에제티미브, 로수바스타틴칼슘)_(1정)",ezetimibe
643703850,넥시프라정40밀리그램(에스오메프라졸마그네슘삼수화물)_(44.5mg/1정),esomeprazole
643704380,에제로바정10/10밀리그램_(1정),ezetimibe
643704400,에제로바정10/20밀리그램_(1정),rosuvastatin
643705290,테넬디엠서방정10/750밀리그램_(1정),teneligliptin
643705430,자누디엠서방정50/500밀리그램_(1정),sitagliptin
643705450,자누디엠서방정100/1000밀리그램_(1정),sitagliptin
643705480,자누디엠정50/500밀리그램_(1정),sitagliptin
643903740,길렉트정1밀리그램(라사길린메실산염)_(1.56mg/1정),rasagiline
645100741,대한에피네프린주사액_(1mg/1mL),epinephrine
643904020,산도스올란자핀정2.5밀리그램_(2.5mg/1정),olanzapine
644003310,바로스타틴정10mg(아토르바스타틴칼슘)_(10.36mg/1정),atorvastatin
644003610,크레지정20밀리그램(로수바스타틴칼슘)_(20.8mg/1정),rosuvastatin
644003650,크레지정10밀리그램(로수바스타틴칼슘)_(10.4mg/1정),rosuvastatin
644004540,바로다운정10/20밀리그램_(1정),atorvastatin
644004640,자누맥스엠엑스알서방정50/500밀리그램_(1정),sitagliptin
645400630,"실라페넴주250밀리그람,500밀리그람_(1병)",imipenem
644200090,데파코트서방정500㎎(디발프로엑스나트륨)_(0.5381g/1정),divalproex
694002660,엘리하이정5밀리그램(아픽사반)_(5mg/1정),apixaban
663605420,크래마정250밀리그램(클래리트로마이신)_(0.25g/1정),clarithromycin
655403260,그리코민서방정500밀리그램(메트포르민염산염)_(0.5g/1정),metformin
645406130,테네필플러스서방정20/1000밀리그램_(1정),teneligliptin
648508260,리나루틴듀오서방정5/1000밀리그램(리나글립틴메트포르민염산염)_(1정),metformin
643606750,"시타다파엠서방정5/50/1000밀리그램(다파글리플로진,시타글립틴,메트포르민)_(1정)",dapagliflozin
694001240,다이아폴민엑스알서방정500밀리그램(메트포르민염산염)_(0.5g/1정),metformin
644307830,로바스타정10밀리그램(로수바스타틴칼슘)_(10.4mg/1정),rosuvastatin
644308240,글리마릴엠정2/500밀리그램_(1정),glimepiride
644309330,티글러정90밀리그램(티카그렐러)_(90mg/1정),ticagrelor
644309850,"아트맥콤비젤연질캡슐20/1000밀리그램(아토르바스타틴,오메가-3-산에틸에스테르90)_(1캡슐)",atorvastatin
644503250,유토젯정10/10mg_(1정),ezetimibe
644503260,유토젯정10/20mg_(1정),atorvastatin
644503270,유토젯정10/40mg_(1정),ezetimibe
644503270,유토젯정10/40mg_(1정),atorvastatin
644603040,슈바스타정5mg(로수바스타틴칼슘)_(5.2mg/1정),rosuvastatin
644700550,리피듀정(심바스타틴)_(20mg/1정),simvastatin
644704850,토스젯정10/10밀리그램_(1정),atorvastatin
665506752,프로신주(레보플록사신수화물)_(0.76869g/150mL),levofloxacin
651903310,프로막정300밀리그램(발프로산마그네슘)_(0.3g/1정),valproate
644914341,피니페넴주사0.25그램(도리페넴)_(0.25g/1병),doripenem
645406090,제포가듀오서방정10/1000밀리그램_(1정),dapagliflozin bis
642907020,"엠파칸듀오정12.5/1000밀리그램(엠파글리플로진,메트포르민염산염)_(1정)",metformin
643500840,메가폴민서방정500밀리그램(메트포르민염산염)_(0.5g/1정),metformin
647805630,다포진엠서방정10/1000밀리그램_(1정),dapagliflozin anhydrous lactose mixture
653406060,"엠플진메트서방정10/1000밀리그램(엠파글리플로진, 메트포르민염산염)_(1정)",metformin
644915250,"자디메트정12.5/1000밀리그램(엠파글리플로진,메트포르민염산염)_(1정)",metformin
645307200,"엠파로엠정5/500밀리그램(엠파글리플로진,메트포르민염산염)_(1정)",metformin
642405030,테립틴엠서방정10/500밀리그램_(1정),teneligliptin
670105510,"엠플로진듀오정12.5/500밀리그램(엠파글리플로진, 메트포르민염산염)_(1정)",metformin
645208430,라토바정20밀리그램(아토르바스타틴칼슘수화물)_(21.69mg/1정),atorvastatin
645210380,로젯탐정10/10밀리그램_(1정),rosuvastatin
645210490,아젯탐정10/10밀리그램_(1정),ezetimibe
645304550,류멜캡슐15밀리그램(멜록시캄)_(15mg/1캡슐),meloxicam
645304760,피타듀스정4밀리그램(피타바스타틴칼슘)_(4mg/1정),pitavastatin
645306120,스타펜캡슐_(1캡슐),pitavastatin
645306420,잭파즈정5밀리그램(토파시티닙)_(5mg/1정),tofacitinib
645306970,"스타젯정4/10밀리그램(피타바스타틴칼슘, 에제티미브)_(1정)",pitavastatin
645400270,리소페린정2밀리그램(리스페리돈)_(2mg/1정),risperidone
645402531,이리테칸주(이리노테칸염산염)_(0.3g/15mL),irinotecan
645405310,텔미듀오플러스정80/5/10밀리그램_(1정),telmisartan
645405320,텔미듀오플러스정40/5/10밀리그램_(1정),rosuvastatin
645405810,리피토플러스정10/40밀리그램_(1정),atorvastatin
645405820,리피토플러스정10/10밀리그램_(1정),ezetimibe
645406210,텔미칸큐정80/20/10/5밀리그램_(1정),rosuvastatin
645406210,텔미칸큐정80/20/10/5밀리그램_(1정),ezetimibe
645406410,텔미듀오플러스정80/5/5밀리그램_(1정),telmisartan
645406420,텔미듀오플러스정40/5/5밀리그램_(1정),rosuvastatin
645406420,텔미듀오플러스정40/5/5밀리그램_(1정),amlodipine
645702200,노테몬패취1밀리그램(툴로부테롤)_(2.25X2.25㎠/1매),tulobuterol
655404710,레보플라정500밀리그램(레보플록사신수화물)_(0.5123g/1정),levofloxacin
642400970,영진아스피린장용정_(0.1g/1정),aspirin
660700740,소로펜정(록소프로펜나트륨수화물)_(68.1mg/1정),loxoprofen
670607090,세레온캡슐(세레콕시브)_(0.2g/1캡슐),celecoxib
698500100,로닌정(록소프로펜나트륨수화물)_(68.1mg/1정),loxoprofen
654300930,맥스펜정(덱시부프로펜 디.씨.)_(0.3g/1정),dexibuprofen
671703310,제뉴원세레콕시브캡슐200밀리그램(세레콕시브)_(0.2g/1캡슐),celecoxib
657304630,릴리펜덱시연질캡슐(덱시부프로펜)_(0.3g/1캡슐),dexibuprofen
645601610,잘트론정(잘토프로펜)_(80mg/1정),zaltoprofen
645906930,브이알정5/80밀리그램_(1정),rosuvastatin
645907020,알제트정10/5밀리그램_(1정),ezetimibe
645907140,에이젯정10/20밀리그램_(1정),ezetimibe
645907150,에이젯정10/10밀리그램_(1정),ezetimibe
645907380,시디포엠정50/850밀리그램_(1정),sitagliptin
645907390,시디포엠정50/500밀리그램_(1정),metformin
645907400,시디포엠정50/1000밀리그램_(1정),sitagliptin
645907430,시디포엠서방정50/1000밀리그램_(1정),metformin
645907450,피제트정4/10밀리그램_(1정),ezetimibe
662500740,레폭사신정(레보플록사신)(수출명:LEFOXACINTablet)_(0.1g/1정),levofloxacin
651500831,시프록사신주(시프로플록사신)_(0.2g/100mL),ciprofloxacin
648900200,디푸루칸캡슐50밀리그람(플루코나졸)_(50mg/1캡슐),fluconazole
645103801,대한시프로플록사신주_(0.4g/200mL),ciprofloxacin
654000380,보믹캡슐(멜록시캄)_(7.5mg/1캡슐),meloxicam
649803111,토라렌주(디클로페낙나트륨)(수출명:토페라렌주사(Toferareninjection))_(75mg/2mL),diclofenac
670501340,프로록소펜정(록소프로펜나트륨수화물)_(68.1mg/1정),loxoprofen
650304710,제이프록센정(나프록센나트륨)_(0.275g/1정),naproxen
649806780,세레콕스캡슐(세레콕시브)_(0.2g/1캡슐),celecoxib
642102511,트리돌주100밀리그램(트라마돌염산염)_(0.1g/2mL),tramadol
646004960,라사길정1밀리그램(라사길린메실산염)_(1.56mg/1정),rasagiline
646005220,아토에제정10/10밀리그램_(1정),atorvastatin
646005230,아토에제정10/20밀리그램_(1정),atorvastatin
646005290,리바록정10밀리그램(리바록사반)_(10mg/1정),rivaroxaban
646005310,리바록정20밀리그램(리바록사반)_(20mg/1정),rivaroxaban
646005610,"시글립틴엠정50/1000밀리그램(시타글립틴염산염수화물, 메트포르민염산염콜로이드성이산화규소)_(1정)",sitagliptin
661901880,푸로포신정250밀리그램(시프로플록사신염산염수화물)_(0.291g/1정),ciprofloxacin
641901521,보령에바스텔내복액(에바스틴)_(0.5g/500mL),ebastine
665502381,유니시프로사신주사(시프로플록사신)_(0.2g/100mL),ciprofloxacin
658106410,레보나정500밀리그램(레보플록사신수화물)_(0.5123g/1정),levofloxacin
657309080,"엠파앙듀오정5/1000밀리그램(엠파글리플로진,메트포르민염산염)_(1정)",metformin
645307230,"엠파로엠정12.5/1000밀리그램(엠파글리플로진, 메트포르민염산염)_(1정)",empagliflozin
649702880,테넬리엘듀오서방정10/500밀리그램_(1정),teneligliptin
646005750,"엠파글엠정12.5/850밀리그램(엠파글리플로진, 메트포르민염산염)_(1정)",empagliflozin
671707430,"포시타엠서방정5/50/1000밀리그램(다파글리플로진,시타글립틴,메트포르민)_(1정)",dapagliflozin
640904460,"다파글루엠서방정10/500밀리그램(다파글리플로진프로판디올수화물,메트포르민염산염)_(1정)",dapagliflozin
642507910,"엠파프로메트서방정10/1000밀리그램(엠파글리플로진,메트포르민)_(1정)",empagliflozin
642707480,"엠플디엠메트정12.5/850밀리그램(엠파글리플로진, 메트포르민염산염)_(1정)",metformin
694004420,"자디엠파듀오정12.5/850밀리그램(엠파글리플로진,메트포르민염산염)_(1정)",metformin
661905780,"자디플로진엠정12.5/850밀리그램(엠파글리플로진,메트포르민염산염)_(1정)",metformin
645605770,타파진플러스서방정10/500밀리그램_(1정),metformin
646803190,아토메가연질캡슐5/1000mg_(1캡슐),omega-3-acid ethyl esters90
694204860,넥소메라정40밀리그램(에스오메프라졸마그네슘이수화물)_(43.38mg/1정),esomeprazole
670402210,에프라졸정40밀리그램(에스오메프라졸마그네슘삼수화물)_(44.5mg/1정),esomeprazole
697100820,반젤리스정20밀리그램(에스오메프라졸마그네슘삼수화물)_(22.3mg/1정),esomeprazole
653601111,테그레톨시럽2%(카르바마제핀)_(2g/100mL),carbamazepine
645306100,아픽큐정5밀리그램(아픽사반)_(5mg/1정),apixaban
647203670,케이토바정(아토르바스타틴칼슘)_(10.36mg/1정),atorvastatin
647204950,케이토바정20밀리그램(아토르바스타틴칼슘삼수화물)_(21.69mg/1정),atorvastatin
651200290,레토스정(클래리트로마이신)_(0.25g/1정),clarithromycin
647302550,지엠정2/500밀리그램_(1정),metformin
647303590,씨트토린정10/20밀리그램_(1정),simvastatin
647304000,아토엠정10/20밀리그램_(1정),ezetimibe
647304010,아토엠정10/40밀리그램_(1정),atorvastatin
647304040,자렐비정10밀리그램(리바록사반)_(10mg/1정),rivaroxaban
647304260,테네립틴엠서방정10/500밀리그램_(1정),metformin
647304300,피타스토정2밀리그램(피타바스타틴칼슘수화물)_(2.205mg/1정),pitavastatin
647304320,로수듀오정10/5밀리그램_(1정),rosuvastatin
647304350,자누엠메트정50/500밀리그램_(1정),sitagliptin
647304430,자누엠메트엑스알서방정100/1000밀리그램_(1정),metformin
677200180,아드바그랍서방캡슐0.5밀리그램(타크로리무스)_(0.5mg/1캡슐),tacrolimus
649803280,티펨주500밀리그람_(1병),imipenem
647801720,에필람정(발프로산나트륨)_(0.2g/1정),sodium valproate
647802281,킨포인주(디클로페낙나트륨)_(75mg/2mL),diclofenac
647802900,듀스틴정_(1정),amlodipine
647804060,뉴스타틴에이정40밀리그램(아토르바스타틴칼슘삼수화물)_(43.4mg/1정),atorvastatin
626900870,테바아자티오프린정_(50mg/1정),azathioprine
647804290,페소린정80밀리그램(페북소스타트)_(80mg/1정),febuxostat
628901060,모비든캡슐(멜록시캄)_(7.5mg/1캡슐),meloxicam
643202500,동성아세클로페낙정_(0.1g/1정),aceclofenac
53600020,뉴세페낙정100밀리그램(아세클로페낙)_(0.1g/1정),aceclofenac
645404010,멜로시드캡슐7.5밀리그램(멜록시캄)_(7.5mg/1캡슐),meloxicam
649800680,메디콕스캡슐(멜록시캄)(수출명:마이멜록캡슐(MYMELOXECapsule))_(7.5mg/1캡슐),meloxicam
647804860,뉴스타틴듀오캡슐_(1캡슐),pitavastatin
647804960,리복사반정20밀리그램(리바록사반)_(20mg/1정),rivaroxaban
647805030,뉴스타젯알정10/10밀리그램_(1정),ezetimibe
647805090,리복사반정15밀리그램(리바록사반)_(15mg/1정),rivaroxaban
647805600,"시누비엠정50/500밀리그램(시타글립틴,메트포르민)_(1정)",sitagliptin
647805610,"시누비엠정50/850밀리그램(시타글립틴,메트포르민)_(1정)",metformin
653001520,아트레톨씨알정(카르바마제핀)_(0.2g/1정),carbamazepine
648101430,아트로반정(아토르바스타틴칼슘)_(10.85mg/1정),atorvastatin
652101370,트렌탈서방정400(펜톡시필린)_(0.4g/1정),pentoxifylline
644102420,소니펜정300mg(덱시부프로펜)_(0.3g/1정),dexibuprofen
648103730,듀오로반정10/20밀리그램_(1정),rosuvastatin
648104380,피트로반정2밀리그램(피타바스타틴칼슘)_(2mg/1정),pitavastatin
648104570,발트리오정5/80/10밀리그램_(1정),amlodipine
648104600,메가로반연질캡슐5/1000밀리그램_(1캡슐),rosuvastatin
648105190,"로토디핀정5/5밀리그램(로수바스타틴, 암로디핀)_(1정)",rosuvastatin
648105310,"페노로반정2/145밀리그램(피타바스타틴칼슘, 페노피브레이트)_(1정)",fenofibrate
648201030,아토스틴정20밀리그램(아토르바스타틴칼슘삼수화물)_(21.69mg/1정),atorvastatin
648204520,유테네엠서방정10/750밀리그램_(1정),metformin
648204570,유시타메트엑스알서방정50/500밀리그램_(1정),metformin
648204650,유시타메트정50/1000밀리그램_(1정),metformin
648500150,뉴시캄캡슐7.5밀리그램(멜록시캄)_(7.5mg/1캡슐),meloxicam
652100211,라식스주사(푸로세미드)_(20mg/2mL),furosemide
648501841,"신풍겐타마이신주80밀리그램_(겐타마이신황산염, 80mg/2mL)",gentamicin
648507550,에제로수정10/20밀리그램_(1정),ezetimibe
648507960,가블리메트정_(1정),vildagliptin
642102241,캠테칸주(이리노테칸염산염)_(0.3g/15mL),irinotecan
648602920,씨엠지피타바스타틴정2mg(피타바스타틴칼슘수화물)_(2mg/1정),pitavastatin
648603580,아로토정20밀리그램(아토르바스타틴칼슘수화물)_(21.7mg/1정),atorvastatin
648603890,텔로듀오정40/5밀리그램_(1정),rosuvastatin
648604360,아모르탄알정5/160/10밀리그램_(1정),valsartan
648604370,아모르탄알정5/160/5밀리그램_(1정),rosuvastatin
648604380,아모르탄알정5/80/10밀리그램_(1정),amlodipine
648604390,아모르탄알정5/80/5밀리그램_(1정),amlodipine
648604530,"시타플러스정50/500밀리그램(시타글립틴,메트포르민)_(1정)",sitagliptin
648604600,"시타플러스서방정50/500밀리그램(시타글립틴,메트포르민)_(1정)",sitagliptin
648605170,"피펜정(피타바스타틴,페노피브레이트)_(1정)",pitavastatin
651900910,명인페니토인100밀리그람정_(0.1g/1정),diphenylhydantoin
652100610,솔리안정400밀리그램(아미설프리드)_(0.4g/1정),amisulpride
646801261,클라리스건조시럽250밀리그램/5밀리리터(클래리트로마이신제피과립)_(3.5g/70mL),clarithromycin
662504130,탐피론캡슐0.2밀리그램(탐스로신염산염)_(0.2mg/1캡슐),tamsulosin
643701950,유타날캡슐(탐스로신염산염)_(0.2mg/1캡슐),tamsulosin
649001480,에소메프라정40밀리그램(에스오메프라졸마그네슘삼수화물)_(44.50mg/1정),esomeprazole
671703800,후루졸캡슐(플루코나졸)_(50mg/1캡슐),fluconazole
657201080,환인트라조돈염산염캡슐_(25mg/1캡슐),trazodone
629700101,레복스주(레보플록사신수화물)_(0.25623g/50mL),levofloxacin
645305620,푸록스캡슐50밀리그램(플루코나졸)_(50mg/1캡슐),fluconazole
649000190,에바코서방캡슐_(1캡슐),ebastine
649101310,휴텍스아토르바스타틴정10밀리그램(아토르바스타틴칼슘삼수화물)_(10.85mg/1정),atorvastatin
698502221,클래로신건조시럽 125mg/5ml(클래리트로마이신)_(2.5g/100mL),clarithromycin
644200570,클래리시드필름코팅정250mg(클래리트로마이신)_(0.25g/1정),clarithromycin
649102070,그루리스엠정_(1정),glimepiride
649102070,그루리스엠정_(1정),metformin
649103500,크레스티브정10/20mg_(1정),rosuvastatin
649103940,휴텍스아스피린장용정100mg(아스피린)_(0.1g/1정),aspirin
649104590,더마톡연질캡슐10mg(알리트레티노인)_(10mg/1캡슐),alitretinoin
649104910,로수발탄정10/80밀리그램_(1정),rosuvastatin
649104990,듀오텔미정40/10밀리그램_(1정),telmisartan
649105170,아토티브정10/20밀리그램_(1정),atorvastatin
649105180,아토티브정10/40밀리그램_(1정),ezetimibe
649105330,엑스아토르정5/80/10밀리그램_(1정),atorvastatin
649105340,엑스아토르정5/160/10밀리그램_(1정),valsartan
649105370,엑스크레스바정5/80/10밀리그램_(1정),amlodipine
649105380,엑스크레스바정5/160/5밀리그램_(1정),rosuvastatin
649105520,나누메트엑스알서방정50/500밀리그램_(1정),metformin
649105530,나누메트엑스알서방정50/1000밀리그램_(1정),metformin
649105540,나누메트엑스알서방정100/1000밀리그램_(1정),metformin
649105690,나누메트정50/500밀리그램_(1정),metformin
649105790,"다야브스메트정50/1000밀리그램(빌다글립틴, 메트포르민염산염)_(1정)",metformin
649106120,"듀오텔미플러스정80/5/5밀리그램(텔미사르탄,암로디핀,로수바스타틴)_(1정)",telmisartan
649405650,시타메포정50/500밀리그램_(1정),metformin
649405650,시타메포정50/500밀리그램_(1정),sitagliptin
649503240,유니페리돈정(리스페리돈)_(2mg/1정),risperidone
649506240,유니피토정20밀리그램(아토르바스타틴칼슘삼수화물)_(21.7mg/1정),atorvastatin
649507600,콰이치정100밀리그램(쿠에티아핀푸마르산염)_(0.11513g/1정),quetiapine
649508020,텔로타틴정80/5/10밀리그램_(1정),rosuvastatin
649604280,라베파졸정10밀리그램(라베프라졸나트륨)_(10mg/1정),rabeprazole
649604950,리피테롤정20mg(아토르바스타틴칼슘수화물)_(21.7mg/1정),atorvastatin
649606020,리피듀엣정10/20밀리그램_(1정),ezetimibe
649606060,리록사반정10밀리그램(리바록사반)_(10mg/1정),rivaroxaban
649606070,리록사반정20밀리그램(리바록사반)_(20mg/1정),rivaroxaban
649606370,"리피듀엣정10/10밀리그램(에제티미브, 아토르바스타틴칼슘삼수화물)_(1정)",ezetimibe
648900350,브이펜드정200밀리그람(보리코나졸)_(0.2g/1정),voriconazole
646002220,캐스터정(록시트로마이신)_(0.15g/1정),roxithromycin
649702250,로수바신정5mg(로수바스타틴칼슘)_(5.2mg/1정),rosuvastatin
73400290,쎄레브렉스캡슐100밀리그램(세레콕시브)_(0.1g/1캡슐),celecoxib
656000260,록사펜정(록소프로펜나트륨수화물)_(68.1mg/1정),loxoprofen
649702150,멜로딘캡슐(멜록시캄)_(7.5mg/1캡슐),meloxicam
656204600,쎄브렉캡슐200밀리그램(세레콕시브)_(0.2g/1캡슐),celecoxib
656003920,셀코브렉스캡슐200mg(세레콕시브)_(0.2g/1캡슐),celecoxib
661900590,세록센정(나프록센나트륨)_(0.275g/1정),naproxen
649806280,명문아토르바스타틴정20mg(아토르바스타틴칼슘삼수화물)_(21.7mg/1정),atorvastatin
649806400,명문로수바스타틴칼슘정10밀리그램_(10.4mg/1정),rosuvastatin
649806410,명문로수바스타틴칼슘정20밀리그램_(20.8mg/1정),rosuvastatin
649807090,로젯정10/20밀리그램_(1정),rosuvastatin
649807460,텔미원스플러스정40/5/10밀리그램_(1정),amlodipine
649807790,에젯토정10/40밀리그램_(1정),atorvastatin
649807800,에젯토정10/20밀리그램_(1정),atorvastatin
649807970,당이자누콤비정50/1000밀리그램_(1정),metformin
649900300,삼스카정30밀리그램(톨밥탄분무건조분말)_(30mg/1정),tolvaptan sd powder
650003230,보카브리아정30밀리그램(카보테그라비르나트륨)_(31.62mg/1정),cabotegravir sodium micronized
650500841,제일페노바르비탈주사액(페노바르비탈나트륨)_(0.1g/1mL),phenobarbital
650003241,보카브리아주(카보테그라비르)_(0.6g/3mL),cabotegravir
657308870,다파프로진메트서방정10/1000밀리그램_(1정),dapagliflozin citric acid
651206140,"글루립틴듀오엑스알서방정2.5/1000밀리그램(리나글립틴,메트포르민염산염)_(1정)",linagliptin
657808070,"자디스듀오정12.5/850밀리그램(엠파글리플로진, 메트포르민)_(1정)",metformin
653405610,"리나칸메트서방정5/1000밀리그램(리나글립틴(미분화),메트포르민염산염)_(1정)",linagliptin
643310260,"듀비엠폴서방정0.25/12.5/1000밀리그램(로베글리타존,엠파글리플로진,메트포르민)_(1정)",metformin
671707360,트라케이듀오정2.5/1000밀리그램_(1정),metformin
669908420,"엔피앙듀오정5/1000밀리그램(엠파글리플로진,메트포르민염산염)_(1정)",empagliflozin
653404220,로수탄메트정500/10밀리그램_(1정),metformin
644309770,"뉴젠타씨알정(리나글립틴,메트포르민)_(1정)",linagliptin
657307370,파존메트정15/850밀리그램_(1정),metformin
650203700,글리베타엠정_(1정),metformin
650204700,"슈바젯정10/10밀리그램(에제티미브, 로수바스타틴)_(1정)",ezetimibe
650205750,리포젯정10/10밀리그램_(1정),ezetimibe
650205760,리포젯정10/20밀리그램_(1정),atorvastatin
650303430,트루스타정40/5밀리그램_(1정),telmisartan
650304200,로수브젯정10/5밀리그램_(1정),rosuvastatin
650304250,진토젯정10/10밀리그램_(1정),atorvastatin
650304300,테네그린듀오서방정10/750밀리그램_(1정),metformin
650304320,테네그린듀오서방정20/1000밀리그램_(1정),metformin
645404520,트리도파정75/18.75/200밀리그램_(1정),carbidopa
650500091,"멕쿨주(메토클로프라미드염산염)_(메토클로프라미드염산염수화물, 10mg/2mL)",metoclopramide
645602070,프록스코정(시프로플록사신염산염)_(0.291g/1정),ciprofloxacin
651202630,비듀엣정5mg/10mg_(1정),amlodipine
651203620,디어메디엠정2/500밀리그램_(1정),metformin
651204140,아토로우정20mg(아토르바스타틴칼슘삼수화물)_(21.69mg/1정),atorvastatin
651204850,로제로우정10/5밀리그램_(1정),ezetimibe
651204860,로제로우정10/20밀리그램_(1정),ezetimibe
651205690,아토로우플러스정10/10밀리그램_(1정),ezetimibe
651205780,암로반플러스정5/80/10밀리그램_(1정),amlodipine
651205830,텔리아엠서방정20/1000밀리그램_(1정),teneligliptin
651205840,텔리아엠서방정10/500밀리그램_(1정),metformin
651205970,자누글루엠엑스알서방정50/1000밀리그램_(1정),metformin
651205980,자누글루엠엑스알서방정100/1000밀리그램_(1정),metformin
651300930,로수잘정10밀리그램(로수바스타틴칼슘)_(10.4mg/1정),rosuvastatin
651503460,하원아스피린장용정100mg_(0.1g/1정),aspirin
649103760,앤티사반정5mg(아픽사반)_(5mg/1정),apixaban
651602690,한화리바록사반정20밀리그램_(20mg/1정),rivaroxaban
678900961,제이더블유목시플록사신주400mg_(0.4g/250mL),moxifloxacin
655404480,일성플루코나졸캡슐150밀리그램_(0.15g/1캡슐),fluconazole
649806962,타레린주500밀리그램(레보플록사신수화물)_(0.512g/100mL/병),levofloxacin
52701581,휴라비트주(레보플록사신수화물)_(0.51246g/100mL),levofloxacin
642900281,레보펙신주(레보플록사신수화물)_(0.25623g/50mL),levofloxacin
656000190,레보파신정(레보플록사신)(수출명: LEVOGEM)_(0.1g/1정),levofloxacin
73001430,건프람정20밀리그램(에스시탈로프람옥살산염)_(25.54mg/1정),escitalopram
651200250,레보스타정(레보플록사신)_(0.10249g/1정),levofloxacin
651904180,트리레보정125/31.25/200mg_(1정),entacapone
645000210,마도파확산정125_(1정),levodopa
649103410,크라프록신정500mg(레보플록사신수화물)_(0.5123g/1정),levofloxacin
668902402,팩티브주200밀리그램(제미플록사신메탄설폰산염)_(0.2494g/1병),gemifloxacin
641100251,아벨록스주400밀리그람(목시플록사신염산염)(병)_(0.4368g/250mL),moxifloxacin
669805001,네오펨주1그램(메로페넴수화물)_(1g/1병),meropenem
59400011,메펨큐주1그램(메로페넴수화물)_(1.208g/1병),meropenem
651902500,투믹스정 5mg/10mg_(1정),amlodipine
651902510,투믹스정 5mg/20mg_(1정),amlodipine
657802751,하나염산페치딘주사_(50mg/1mL),pethidine
651904860,라사린정1밀리그램(라사길린메실산염)_(1.56mg/1정),rasagiline
654302870,클로틴정(클래리스로마이신)_(0.25g/1정),clarithromycin
651904970,명인톨밥탄정15밀리그램_(15mg/1정),tolvaptan
651904990,명인리바록사반정10밀리그램_(10mg/1정),rivaroxaban
652100590,솔리안정100밀리그램(아미설프리드)_(0.1g/1정),amisulpride
651600780,피케이멜즈정(아만타딘황산염)_(0.1g/1정),amantadine
652105500,메가로젯정10/10밀리그램_(1정),rosuvastatin
642902812,아지탑스건조시럽(아지트로마이신수화물)_(0.9g/22.5mL),azithromycin
645906310,티나졸정150mg(플루코나졸)_(0.15g/1정),fluconazole
643904060,산도스에스시탈로프람정20밀리그램_(25.54mg/1정),escitalopram
658601641,카니트론주(그라니세트론염산염)_(1.117mg/1mL),granisetron
73000220,에바슈도서방캡슐_(1캡슐),ebastine
663300780,디나칸캡슐(플루코나졸)_(50mg/1캡슐),fluconazole
644300851,레보록신주(레보플록사신수화물)(수출명: Uniloxin inj.5mg/mL)_(0.25623g/50mL),levofloxacin
650201760,에바페린서방캡슐_(1캡슐),ebastine
652606510,로칸듀오정5/16밀리그램_(1정),candesartan cilexetil
652606730,쎄로켈정100밀리그램(쿠에티아핀푸마르산염)_(0.11513g/1정),quetiapine
652606980,아제티브정10/40밀리그램_(1정),ezetimibe
652607410,젠시닙정5밀리그램(토파시티닙시트르산염)_(8.075mg/1정),tofacitinib
652903530,클래리원정(클래리트로마이신)_(0.25g/1정),clarithromycin
652904130,듀타딘정 5/10밀리그램_(1정),atorvastatin
652904510,듀토르정10/10밀리그램_(1정),ezetimibe
652904520,듀토르정10/20밀리그램_(1정),ezetimibe
652904690,"자누벡스정50/500밀리그램(시타글립틴염산염수화물, 메트포르민염산염)_(1정)",sitagliptin
653000630,리스돈정(리스페리돈)(수출명:에스씨페르달정)_(2mg/1정),risperidone
653001580,"알프라낙스정0.5밀리그람_(알프라졸람, 0.5mg/1정)",alprazolam
653005530,리반틴정20밀리그램(아토르바스타틴칼슘수화물)_(21.7mg/1정),atorvastatin
640006621,씨네졸리드주2밀리그램/밀리리터(리네졸리드)_(0.6g/300mL),linezolid
653006560,파마설트랄린정50밀리그램(설트랄린염산염)_(55.95mg/1정),sertraline
59400031,이펨큐주500밀리그램_(1병),imipenem
653006910,디발프로서방정500밀리그램(디발프로엑스나트륨)_(0.5381g/1정),divalproex
648504731,메로신주(메로페넴수화물·건조탄산나트륨)_(0.604g/1병),meropenem
653006930,디발프로서방정250밀리그램(디발프로엑스나트륨)_(0.26905g/1정),divalproex
653102060,듀오맥스정_(1정),atorvastatin
645306190,쎄레브이정100밀리그램(세레콕시브)_(0.1g/1정),celecoxib
642308330,삼성아스피린장용정100밀리그램_(0.1g/1정),aspirin
658600320,메록심캡슐(멜록시캄)_(7.5mg/1캡슐),meloxicam
652903540,셀록스캡슐(세레콕시브)_(0.2g/1캡슐),celecoxib
651501500,콕시캄캡슐(멜록시캄)_(7.5mg/1캡슐),meloxicam
658603790,아크로CR정(아세클로페낙)_(0.2g/1정),aceclofenac
660702660,모비록캄캡슐7.5mg(멜록시캄)_(7.5mg/1캡슐),meloxicam
654004220,아나피린장용정100밀리그램(아스피린)_(0.1g/1정),aspirin
653402030,헵세론정(아데포비어디피복실)_(10mg/1정),adefovir dipivoxil
653402570,아토반정10밀리그램(아토르바스타틴칼슘)_(10.36mg/1정),atorvastatin
653405190,시타칸메트정50/500밀리그램_(1정),metformin
653405220,시타칸메트서방정100/1000밀리그램_(1정),metformin
652603021,네오본주1마이크로그램(칼시트리올)_(1μg/1mL),calcitriol
653406220,비카돌연질캡슐1마이크로그램(알파칼시돌)_(1㎍/1캡슐),alfacalcidol
653601120,테그레톨씨알정200밀리그램(카르바마제핀)_(0.2g/1정),carbamazepine
643200230,동성플루코나졸캡슐(수출명: DOKIRAN Cap)_(50mg/1캡슐),fluconazole
651900780,명인클로르프로마진염산염정50mg(수출명:클로진정50mg)_(50mg/1정),chlorpromazine
649101410,휴텍스플루코나졸캡슐50밀리그람(플루코나졸)_(50mg/1캡슐),fluconazole
649503750,"참염산시프로플록사신정_(시프로플록사신염산염수화물, 0.291g/1정)",ciprofloxacin
642306370,푸로날캡슐(플루코나졸)_(50mg/1캡슐),fluconazole
647804500,세로카바정20밀리그램(에스시탈로프람옥살산염)_(25.54mg/1정),escitalopram
653801310,신일슈도에페드린정(슈도에페드린염산염)_(60mg/1정),pseudoephedrine
653805290,로피타정2밀리그램(피타바스타틴칼슘)_(2mg/1정),pitavastatin
653805900,리피젯정10/10밀리그램_(1정),ezetimibe
653805910,리피젯정10/20밀리그램_(1정),atorvastatin
653805910,리피젯정10/20밀리그램_(1정),ezetimibe
653805920,리피젯정10/40밀리그램_(1정),ezetimibe
653806030,테글리엠서방정20/1000밀리그램_(1정),teneligliptin
653806160,자누메티아엑스알서방정100/1000밀리그램_(1정),sitagliptin
653806190,자누메티아엑스알서방정50/500밀리그램_(1정),metformin
654002240,올핀정5mg/20mg_(1정),amlodipine
654004490,로스틴정20밀리그램(로수바스타틴칼슘)_(20.8mg/1정),rosuvastatin
654005350,피오토민정15/850밀리그램_(1정),pioglitazone
642001670,엑스프람정10mg(에스시탈로프람옥살산염)_(12.77mg/1정),escitalopram
645906450,엘사정5mg(아픽사반(미분화))_(5mg/1정),apixaban
654701630,로슈바토정10mg(로수바스타틴칼슘)_(10.4mg/1정),rosuvastatin
654701670,아토스포정20mg(아토르바스타틴칼슘삼수화물)_(21.7mg/1정),atorvastatin
654702180,아토켓정10/10밀리그램_(1정),ezetimibe
653501520,자디앙듀오정12.5/1000밀리그램_(1정),metformin
694004470,"자디엠파듀오정5/1000밀리그램(엠파글리플로진,메트포르민염산염)_(1정)",metformin
662503450,넥스폴민서방정(메트포르민염산염)_(0.5g/1정),metformin
641608030,"포시로멧서방정5/500밀리그램(다파글리플로진, 메트포르민염산염)_(1정)",metformin
660703750,포시메트서방정10/1000밀리그램_(1정),metformin
653501390,트라젠타듀오정2.5/500밀리그램_(1정),linagliptin
657807740,테리움엠서방정10/500밀리그램_(1정),teneligliptin
671707350,트라케이듀오정2.5/500밀리그램_(1정),linagliptin
622805280,"트립엠듀오정2.5/500밀리그램(리나글립틴,메트포르민)_(1정)",metformin
650700960,직듀오서방정10/500밀리그램_(1정),metformin
655404820,"피타노펜정2/145밀리그램(피타바스타틴칼슘,페노피브레이트)_(1정)",fenofibrate
655501800,자누메트엑스알서방정100/1000밀리그램_(1정),metformin
655502030,프레비미스정240밀리그램(레테르모비르)_(240mg/1정),letermovir
655502120,델스트리고정_(1정),lamivudine
651904400,옥사제핀정600mg(옥스카르바제핀)_(0.6g/1정),oxcarbazepine
655502120,델스트리고정_(1정),doravirine
655605300,한토젯정10/10밀리그램_(1정),ezetimibe
655605470,글루시타듀오서방정50/1000밀리그램_(1정),metformin
655605610,글루시타듀오정50/1000밀리그램_(1정),metformin
655605610,글루시타듀오정50/1000밀리그램_(1정),sitagliptin
656003390,린아스장용정(아스피린)_(0.1g/1정),aspirin
670301691,크래리스건조시럽250밀리그램/5밀리리터(클래리트로마이신)_(3.5g/70mL),clarithromycin
648102230,파이로신정(클래리트로마이신)_(0.25g/1정),clarithromycin
656005040,피타스틴정4밀리그램(피타바스타틴칼슘)_(4mg/1정),pitavastatin
656005210,아르바젯정10/10밀리그램_(1정),atorvastatin
656005240,알리콕시브정30밀리그램(에토리콕시브)_(30mg/1정),etoricoxib
656005390,시타글민듀오서방정 50/500밀리그램_(1정),metformin
656005560,"크레스젯정10/10밀리그램(에제티미브, 로수바스타틴)_(1정)",rosuvastatin
656005750,"크레비스타정2.5/5밀리그램(네비보롤,로수바스타틴)_(1정)",nebivolol
656701910,써미토정10밀리그램(아토르바스타틴칼슘)_(10.36mg/1정),atorvastatin
658603400,콜키닌정(콜키신)_(0.6mg/1정),colchicine
649404530,알로페낙정(아세클로페낙)_(0.1g/1정),aceclofenac
643503630,한미아스피린장용정100밀리그램_(0.1g/1정),aspirin
698000570,펜타우드정(덱시부프로펜)_(0.3g/1정),dexibuprofen
53300040,나메린정(나부메톤)_(0.5g/1정),nabumetone
649606401,레보틴점안액1.5%(레보플록사신수화물)(1회용)_(6mg/0.4mL),levofloxacin
645305060,에드파정20mg(에스시탈로프람옥살산염)_(25.54mg/1정),escitalopram
651905020,명도파정50/200밀리그램_(1정),benserazide
694004650,지스원맥스정250밀리그램(아지트로마이신수화물)_(0.26203g/1정),azithromycin
653404060,넥사론정10밀리그램(에스시탈로프람옥살산염)_(12.77mg/1정),escitalopram
653000441,레브록신주(레보플록사신)_(0.51246g/100mL),levofloxacin
643904030,산도스에스시탈로프람정10밀리그램(에스시탈로프람옥살산염)_(12.77mg/1정),escitalopram
651904180,트리레보정125/31.25/200mg_(1정),carbidopa
657202200,자이레핀정2.5밀리그램(올란자핀)_(2.5mg/1정),olanzapine
657203090,콤비로칸정5/8밀리그램_(1정),rosuvastatin
657203830,자로반정20밀리그램(리바록사반)_(20mg/1정),rivaroxaban
642900910,싸이신정500밀리그램(시프로플록사신염산염)_(0.582g/1정),ciprofloxacin
657204230,아고틴정25밀리그램(아고멜라틴)_(25mg/1정),agomelatine
657204350,토파시즈정10밀리그램(토파시티닙시트르산염)_(16.155mg/1정),tofacitinib
657305300,아토스탄정10mg(아토르바스타틴칼슘수화물)_(10.85mg/1정),atorvastatin
657306490,카듀스틴정5mg/10mg_(1정),atorvastatin
669604440,오피큐탄연질캡슐(이소트레티노인)_(10mg/1캡슐),isotretinoin
657308390,로바이지정10/10밀리그램_(1정),ezetimibe
657308420,아발탄에이플러스정5/80/10밀리그램_(1정),amlodipine
657308420,아발탄에이플러스정5/80/10밀리그램_(1정),atorvastatin
657308440,아발탄에이플러스정5/80/20밀리그램_(1정),valsartan
657308470,제트스탄정10/20밀리그램_(1정),atorvastatin
657308740,글리시타메트엑스알서방정100/1000밀리그램_(1정),metformin
657308740,글리시타메트엑스알서방정100/1000밀리그램_(1정),sitagliptin
657308830,글리시타메트정50/1000밀리그램_(1정),metformin
657400970,토르비스정(아토르바스타틴칼슘)_(10.36mg/1정),atorvastatin
652607271,리나티젠듀오정2.5/500밀리그램_(1정),metformin
642507720,다파프로메트서방정10/1000밀리그램_(1정),dapagliflozin
657401800,카디렛정5/20밀리그램_(1정),amlodipine
645306090,아픽큐정2.5밀리그램(아픽사반)_(2.5mg/1정),apixaban
60500530,메가콕시브캡슐100밀리그램(세레콕시브)_(0.1g/1캡슐),celecoxib
649802510,에토딘캡슐(에토돌락)_(0.2g/1캡슐),etodolac
621802380,에이스린장용정(아스피린)_(0.1g/1정),aspirin
642104640,유콕스캡슐200밀리그램(세레콕시브)_(0.2g/1캡슐),celecoxib
73200750,록프로정(록소프로펜나트륨수화물)_(68.1mg/1정),loxoprofen
657804710,리파틴정2밀리그램(피타바스타틴칼슘)_(2mg/1정),pitavastatin
624900330,벤클렉스타정100밀리그램(베네토클락스)_(0.1g/1정),venetoclax
657805780,로스토린정10/20밀리그램_(1정),ezetimibe
643304780,네오티가손캡슐10밀리그램(아시트레틴)_(40mg/1캡슐),acitretin
657806720,알리덤연질캡슐30밀리그램(알리트레티노인)_(30mg/1캡슐),alitretinoin
657806790,텔미로원정40/20밀리그램_(1정),rosuvastatin
657807370,올프로정20/5밀리그램_(1정),rosuvastatin
657807460,아리토린정10/10밀리그램_(1정),ezetimibe
657807470,아리토린정10/20밀리그램_(1정),ezetimibe
657807480,아리토린정10/40밀리그램_(1정),ezetimibe
657807550,에톡시아정30밀리그램(에토리콕시브)_(30mg/1정),etoricoxib
657807990,"시타원플러스정50/500밀리그램(시타글립틴, 메트포르민)_(1정)",sitagliptin
657807990,"시타원플러스정50/500밀리그램(시타글립틴, 메트포르민)_(1정)",metformin
657808170,"칸데로원정5/8밀리그램(로수바스타틴, 칸데사르탄)_(1정)",candesartan cilexetil
657808190,"칸데로원정20/32밀리그램(로수바스타틴, 칸데사르탄)_(1정)",candesartan cilexetil
658106610,에이토바정10밀리그램(아토르바스타틴칼슘삼수화물)_(10.85mg/1정),atorvastatin
658108180,아토제이정10/10밀리그램_(1정),ezetimibe
658108180,아토제이정10/10밀리그램_(1정),atorvastatin
658108190,아토제이정10/20밀리그램_(1정),ezetimibe
658201500,클라로신정(클래리트로마이신)_(0.25g/1정),clarithromycin
658203160,비보존아토르바스타틴정10mg(아토르바스타틴칼슘삼수화물)_(10.85mg/1정),atorvastatin
658204470,카사반정20밀리그램(리바록사반)_(20mg/1정),rivaroxaban
658204560,아트로젯정10/10밀리그램_(1정),atorvastatin
658204560,아트로젯정10/10밀리그램_(1정),ezetimibe
658204630,이글립틴엑스알서방정50/500밀리그램_(1정),sitagliptin
658204630,이글립틴엑스알서방정50/500밀리그램_(1정),metformin
658204640,이글립틴엑스알서방정50/1000밀리그램_(1정),sitagliptin
658204670,이글립틴아이알정50/850밀리그램_(1정),metformin
658204690,이글립틴아이알정50/1000밀리그램_(1정),metformin
658204870,비보존아토르바스타틴정5mg(아토르바스타틴칼슘삼수화물)_(5.425mg/1정),atorvastatin
658501720,아토바틴정10밀리그램(아토르바스타틴칼슘수화물)_(10.85mg/1정),atorvastatin
658502290,쿠에티나정25밀리그램(쿠에티아핀푸마르산염)_(28.78mg/1정),quetiapine
671802000,스피락톤정50mg(스피로노락톤)_(50mg/1정),spironolactone
658602010,아듀오정5mg/10mg_(1정),amlodipine
659600061,노르아드레나린0.1%(주석산수소노르에피네프린)_(20mg/10mL),norepinephrine
658602680,키즈날린패취2밀리그램(툴로부테롤)_(3.2X3.2㎠/1매),tulobuterol
643104100,뉴마탈CR정(아세클로페낙)_(0.2g/1정),aceclofenac
646800140,건일로딘정200밀리그램(미분화에토돌락)_(0.2g/1정),etodolac
655601230,아세로정(아세클로페낙)_(0.1g/1정),aceclofenac
659700881,페데아주(이부프로펜)_(10mg/2mL),ibuprofen
658603840,에스베트정40밀리그램(에스오메프라졸마그네슘이수화물)_(43.38mg/1정),esomeprazole
658604700,디포테리엠서방정20/1000밀리그램_(1정),metformin
658604710,디포테리엠서방정10/750밀리그램_(1정),teneligliptin
73000910,건바스틴정10밀리그램(에바스틴)_(10mg/1정),ebastine
644305841,레보록신주(레보플록사신수화물)(수출명: Uniloxin inj.5mg/mL)_(0.51246g/100mL),levofloxacin
694000280,베라칸서방캡슐75밀리그램(벤라팍신염산염)_(84.84mg/1캡슐),venlafaxine
658201600,푸라졸캡슐(플루코나졸)_(50mg/1캡슐),fluconazole
629700761,레복스주(레보플록사신수화물)_(0.76869g/150mL),levofloxacin
660702460,"타스틴정2밀리그램(피타바스타틴)_(피타바스타틴칼슘, 2mg/1정)",pitavastatin
660702500,글레아정2/500밀리그램_(1정),glimepiride
660702940,로수브이정5mg(로수바스타틴칼슘)_(5.2mg/1정),rosuvastatin
660703430,아토렌정40밀리그램(아토르바스타틴칼슘삼수화물)_(43.38mg/1정),atorvastatin
660703500,아바젯정10/20밀리그램_(1정),ezetimibe
660703800,에스립틴엠정50/850밀리그램_(1정),metformin
660703810,에스립틴엠정50/500밀리그램_(1정),metformin
660703820,에스립틴엠정50/1000밀리그램_(1정),sitagliptin
661604760,로스타정10mg(로수바스타틴칼슘)_(10.4mg/1정),rosuvastatin
653404650,넥사론정20밀리그램(에스시탈로프람옥살산염)_(25.54mg/1정),escitalopram
73000840,파메졸캡슐150밀리그램(플루코나졸)_(0.15g/1캡슐),fluconazole
641601750,씨프러스정250밀리그람(염산시프로플록사신)_(0.291g/1정),ciprofloxacin
679700231,트리세녹스주(삼산화비소)_(10mg/10mL),arsenic trioxide
661904110,리피스타틴정10밀리그램(아토르바스타틴칼슘수화물)_(10.85mg/1정),atorvastatin
656005160,알픽스정2.5밀리그램(아픽사반)_(2.5mg/1정),apixaban
661905150,바이트린큐정10/10밀리그램_(1정),ezetimibe
661905640,아토르큐젯정10/10밀리그램_(1정),atorvastatin
662501500,조코나정40밀리그람(심바스타틴)_(40mg/1정),simvastatin
644301980,씨록정250밀리그램(시프로플록사신염산염수화물)_(0.291g/1정),ciprofloxacin
670501690,푸루코날캡슐50밀리그램(플루코나졸)_(50mg/1캡슐),fluconazole
53600390,뉴플코졸캡슐(플루코나졸)_(50mg/1캡슐),fluconazole
654700170,리노스텔서방캡슐_(1캡슐),ebastine
662504670,에티젯정10/40밀리그램_(1정),atorvastatin
662504700,시타렌듀오정50/1000밀리그램_(1정),metformin
662504720,시타렌듀오정50/850밀리그램_(1정),sitagliptin
662505210,알파돌정1마이크로그램(알파칼시돌)_(1㎍/1정),alfacalcidol
663300860,리피아정10mg(아토르바스타틴칼슘)_(10.36mg/1정),atorvastatin
676300141,오니바이드주(나노리포좀이리노테칸)_(43.3mg/10mL),nanoliposomal irinotecan
663605250,리스테롤정10밀리그램(아토르바스타틴칼슘수화물)_(10.85mg/1정),atorvastatin
663608340,자이토정20밀리그램(리바록사반)_(20mg/1정),rivaroxaban
664102680,아토르바디드정10밀리그램(아토르바스타틴칼슘수화물)_(10.85mg/1정),atorvastatin
664600080,글루파콤비정500/80mg(수출명:뉴글리클라메트정500/80 mg)_(1정),gliclazide
664602740,테넬라엠서방정10/750밀리그램_(1정),metformin
664602760,테넬라엠서방정20/1000밀리그램_(1정),metformin
664900960,리피톨정(아토르바스타틴칼슘)_(10.36mg/1정),atorvastatin
664901050,크레스반정10mg(로수바스타틴칼슘)_(10.4mg/1정),rosuvastatin
665001530,케이마릴엠정2/500밀리그램_(1정),metformin
665001650,경보아스피린장용정_(0.1g/1정),aspirin
665001930,에이스틴정20밀리그램(아토르바스타틴칼슘수화물)_(21.7mg/1정),atorvastatin
665003030,아토에지정10/10밀리그램_(1정),atorvastatin
665003030,아토에지정10/10밀리그램_(1정),ezetimibe
665003220,자누스틴메트엑스알서방정50/500밀리그램_(1정),sitagliptin
657309120,"엠파앙듀오정12.5/500밀리그램(엠파글리플로진,메트포르민염산염)_(1정)",empagliflozin
652607271,리나티젠듀오정2.5/500밀리그램_(1정),linagliptin
651601780,앤세낙정(아세클로페낙)_(0.1g/1정),aceclofenac
670100330,록소론정(록소프로펜나트륨수화물)_(68.1mg/1정),loxoprofen
57000120,록소포펜정(록소프로펜나트륨수화물)_(68.1mg/1정),loxoprofen
662501270,아스낙정(아세클로페낙)_(0.1g/1정),aceclofenac
622802400,세렉캡슐(세레콕시브)_(0.2g/1캡슐),celecoxib
647304120,씨트렉스캡슐100밀리그램(세레콕시브)_(0.1g/1캡슐),celecoxib
621801940,멜로칸캡슐(멜록시캄)_(7.5mg/1캡슐),meloxicam
652301090,에이에스피장용정100mg(아스피린)_(0.1g/1정),aspirin
658107250,세레스캡슐200밀리그램(세레콕시브)_(0.2g/1캡슐),celecoxib
665508530,시타유니듀오정50/850밀리그램_(1정),sitagliptin
665508550,시타유니듀오정50/1000밀리그램_(1정),metformin
665600311,타프콤점안액(1회용)_(0.3mL),timolol
665600351,에이베리스점안액0.002%(오미데네팍이소프로필)(1회용)_(6μg/0.3mL),omidenepag isopropyl
668902880,로바티탄정5/80밀리그램_(1정),rosuvastatin
668903180,제미로우정50/10밀리그램_(1정),gemigliptin
669501570,아로틴정20mg(아토르바스타틴칼슘삼수화물)_(21.7mg/1정),atorvastatin
669502680,아로틴플러스정10/40밀리그램(에제티미브/아토르바스타틴칼슘삼수화물)_(1정),ezetimibe
669800081,구주디클로페낙주사액(수출명: JINTES)_(75mg/2mL),diclofenac
670501590,푸루코날정150밀리그램(플루코나졸)_(0.15g/1정),fluconazole
669802300,유나졸캡슐(플루코나졸)_(50mg/1캡슐),fluconazole
653006400,사로프람정5mg(에스시탈로프람옥살산염)_(6.385mg/1정),escitalopram
52401580,아이나졸캡슐(플루코나졸)_(50mg/1캡슐),fluconazole
669804170,아토릭스정10mg(아토르바스타틴칼슘수화물)_(10.85mg/1정),atorvastatin
669804320,라비엠정10mg(라베프라졸나트륨)_(10mg/1정),rabeprazole
669905520,게리메트정2/500밀리그램_(1정),metformin
669905840,뉴토르정10밀리그램(아토르바스타틴칼슘삼수화물)_(10.85mg/1정),atorvastatin
668900990,자니딥정(레르카니디핀염산염)_(10mg/1정),lercanidipine
669908030,아바트리정5/80/20밀리그램_(1정),atorvastatin
669908030,아바트리정5/80/20밀리그램_(1정),amlodipine
669908040,아바트리정5/160/10밀리그램_(1정),atorvastatin
669908050,아바트리정5/160/20밀리그램_(1정),atorvastatin
669908070,뉴토젯정10/20밀리그램_(1정),atorvastatin
669908070,뉴토젯정10/20밀리그램_(1정),ezetimibe
669908180,테넬포민서방정20/1000밀리그램_(1정),teneligliptin
669908240,시타포민알파정50/500mg_(1정),metformin
669908250,시타포민알파정50/850mg_(1정),sitagliptin
670103300,부테롤패취2밀리그램(툴로부테롤)_(3.2X3.2㎠/1매),tulobuterol
670105120,리바젯정10/10밀리그램_(1정),atorvastatin
670105130,리바젯정10/20밀리그램_(1정),ezetimibe
670105420,자누아틴듀오서방정100/1000밀리그램_(1정),metformin
670301260,코니졸캡슐50밀리그램(플루코나졸)_(50mg/1캡슐),fluconazole
657304180,동구레보플록사신수화물정500mg_(0.5123g/1정),levofloxacin
628901560,이프람정10밀리그램(에스시탈로프람옥살산염)_(12.77mg/1정),escitalopram
649000190,에바코서방캡슐_(1캡슐),pseudoephedrine
661605130,알피시프록정250mg(시프로플록사신염산염수화물)_(0.291g/1정),ciprofloxacin
654001071,아주시프로플록사신주200밀리그램_(0.2g/100mL),ciprofloxacin
649506050,폴라리스정100밀리그램(아미설피리드)_(0.1g/1정),amisulpride
668000020,렉사프로정10밀리그람(에스시탈로프람옥살산염)_(12.77mg/1정),escitalopram
79700030,푸라칸정50밀리그램(플루코나졸)_(50mg/1정),fluconazole
693901750,엑시프로정10밀리그램(에스시탈로프람옥살산염)_(12.77mg/1정),escitalopram
640900260,"레사신정(레보플록사신수화물)(수출명:LESACIN,LENTACIN)_(0.1g/1정)",levofloxacin
670303190,로슈타정10밀리그램(로수바스타틴칼슘)_(10.4mg/1정),rosuvastatin
670304170,피레스코정200밀리그램(피르페니돈)_(0.2g/1정),pirfenidone
670304640,아르젯정10/10밀리그램_(1정),ezetimibe
670304640,아르젯정10/10밀리그램_(1정),atorvastatin
670402370,휴토젯정10/20밀리그램_(1정),atorvastatin
670500540,보령바이오아스트릭스캡슐100밀리그램(아스피린장용과립)_(0.1g/1캡슐),aspirin
670501330,크레라토정20mg(로수바스타틴칼슘)_(20.8mg/1정),rosuvastatin
670501970,보령바이오아스피린장용정100밀리그램_(0.1g/1정),aspirin
670502440,자록스정10밀리그램(리바록사반)_(10mg/1정),rivaroxaban
670502470,에스메트정50/500밀리그램_(1정),metformin
658603942,이연시플록사신주(시프로플록사신)_(0.4g/200mL),ciprofloxacin
670605900,솝튼정(티자니딘염산염)_(1.144mg/1정),tizanidine
670606360,휴온스아토르바스타틴정(아토르바스타틴칼슘삼수화물)_(10.85mg/1정),atorvastatin
670606760,로스톤정10밀리그램(로수바스타틴칼슘)_(10.4mg/1정),rosuvastatin
670606900,암로듀엣정5/10mg_(1정),atorvastatin
670607440,에슈바정10/5밀리그램_(1정),rosuvastatin
670607450,에슈바정10/20밀리그램_(1정),rosuvastatin
670608730,에토르정10/10밀리그램_(1정),ezetimibe
670609110,"휴글리아엠정50/850밀리그램(시타글립틴, 메트포르민)_(1정)",sitagliptin
653006640,파마설트랄린정100밀리그램(설트랄린염산염)_(0.1119g/1정),sertraline
647205160,로틴캡슐10밀리그램(플루옥세틴염산염)_(11.2mg/1캡슐),fluoxetine
670801360,자이프렉사자이디스확산정10밀리그램(미세올란자핀)_(10mg/1정),olanzapine
653805660,에이퀴스정 2.5밀리그램(아픽사반)_(2.5mg/1정),apixaban
671702270,아스퀘어정_(1정),atorvastatin
648503590,클로신정250밀리그램(클래리트로마이신)_(0.25g/1정),clarithromycin
671705340,케이토스메트정15/850밀리그램_(1정),pioglitazone
671705530,티렐러정90밀리그램(티카그렐러)_(90mg/1정),ticagrelor
671706190,라자렉트정0.5밀리그램(라사길린메실산염)_(0.78mg/1정),rasagiline
671706420,파리에트정10밀리그람(라베프라졸나트륨)_(10mg/1정),rabeprazole
671706810,제뉴원아제브정10/20밀리그램_(1정),ezetimibe
671706940,하이포지에이정5/160/10밀리그램_(1정),amlodipine
671706960,하이포지에이정5/80/10밀리그램_(1정),valsartan
671706960,하이포지에이정5/80/10밀리그램_(1정),atorvastatin
671707140,엑스메트엑스알서방정100/1000밀리그램_(1정),metformin
671707160,엑스메트엑스알서방정50/500밀리그램_(1정),sitagliptin
671707240,엑스메트정50/1000밀리그램_(1정),sitagliptin
671707250,엑스메트정50/500밀리그램_(1정),metformin
671707260,엑스메트정50/850밀리그램_(1정),sitagliptin
671707320,"빌다포트메트정50/500밀리그램(빌다글립틴,메트포르민염산염)_(1정)",vildagliptin
671800570,리피원정10mg(아토르바스타틴칼슘삼수화물)_(10.845mg/1정),atorvastatin
671804140,코듀원정5mg/10mg_(1정),atorvastatin
57700320,클래리돈정(클래리트로마이신)_(0.25g/1정),clarithromycin
671806851,콤포나콤팩트에어500/50_(60회),salmeterol xinafoate
671807260,리토젯정10/10밀리그램_(1정),atorvastatin
671807710,타바로젯정2/10밀리그램_(1정),pitavastatin
674101950,아토로우엠정10/20밀리그램_(1정),atorvastatin
674101950,아토로우엠정10/20밀리그램_(1정),ezetimibe
674402400,아이토젯정10/10밀리그램_(1정),atorvastatin
678901295,제이더블유생명시프로플록사신주_(0.2g/100mL/병),ciprofloxacin
677200290,조스파타정40밀리그램(길테리티닙푸마르산염)_(44.2mg/1정),gilteritinib
678601370,크레로우정5밀리그램(로수바스타틴칼슘)_(5.2mg/1정),rosuvastatin
678601890,브이토젯정10/10밀리그램_(1정),atorvastatin
678601900,브이토젯정10/20밀리그램_(1정),ezetimibe
678601910,브이토젯정10/40밀리그램_(1정),ezetimibe
678601910,브이토젯정10/40밀리그램_(1정),atorvastatin
679601020,이지심바정10/20밀리그램_(1정),ezetimibe
679801470,독시엔디정(독시사이클린수화물)_(0.1g/1정),doxycycline
679802170,시타티딘듀오엑스알서방정50/500밀리그램_(1정),metformin
679802190,시타티딘듀오엑스알서방정100/1000밀리그램_(1정),sitagliptin
681400110,카보메틱스정60밀리그램(카보잔티닙)_(60mg/1정),cabozantinib s-malate
684502060,아토이브정10/20밀리그램_(1정),ezetimibe
689000800,로수그린정5mg(로수바스타틴칼슘)_(5.2mg/1정),rosuvastatin
689001560,라도젯정10/20밀리그램_(1정),ezetimibe
689001770,자누그립틴듀오엑스알서방정50/500밀리그램_(1정),sitagliptin
690301660,엠글리메포정2/500밀리그램_(1정),glimepiride
693201040,로바탄정10밀리그램(로수바스타틴칼슘)_(10.4mg/1정),rosuvastatin
693202420,글로젯정10/10밀리그램_(1정),atorvastatin
693900390,카디엔정5/10밀리그램_(1정),amlodipine
693900580,메로빅캡슐(멜록시캄)_(7.5mg/1캡슐),meloxicam
693901210,글리메엠정2/500밀리그램_(1정),glimepiride
693902090,바이시브정10/20밀리그램_(1정),simvastatin
693902750,카디엔정5/20밀리그램_(1정),amlodipine
693902840,트레블정40/5/10밀리그램_(1정),telmisartan
693902840,트레블정40/5/10밀리그램_(1정),rosuvastatin
693902850,트레블정80/5/10밀리그램_(1정),rosuvastatin
693902850,트레블정80/5/10밀리그램_(1정),telmisartan
693903400,셀토젯정10/10밀리그램_(1정),ezetimibe
693904070,"셀토젯정10/5밀리그램(에제티미브,아토르바스타틴)_(1정)",atorvastatin
694000120,아토바디핀정5mg/10mg_(1정),atorvastatin
644100180,리스로마이신정(클래리트로마이신)_(0.25g/1정),clarithromycin
694003590,브이포지알정5/160/10밀리그램_(1정),rosuvastatin
694003600,브이포지알정5/160/5밀리그램_(1정),valsartan
694003680,칸데칸듀오정10/16밀리그램_(1정),candesartan cilexetil
694003890,자누다움엠엑스알서방정50/500밀리그램_(1정),metformin
694003890,자누다움엠엑스알서방정50/500밀리그램_(1정),sitagliptin
694003910,자누다움엠엑스알서방정100/1000밀리그램_(1정),sitagliptin
694004020,자누다움엠정50/850밀리그램_(1정),metformin
694004030,자누다움엠정50/1000밀리그램_(1정),metformin
694004100,"빌다브스엠정50/500밀리그램(빌다글립틴,메트포르민염산염)_(1정)",metformin
694004110,"빌다브스엠정50/850밀리그램(빌다글립틴,메트포르민염산염)_(1정)",metformin
694004220,"크라티지연질캡슐(로수바스타틴칼슘, 오메가-3-산에틸에스테르90)_(1캡슐)",omega-3-acid ethyl esters90
643308340,라파로벨정1밀리그램(시롤리무스)_(1mg/1정),sirolimus
696600980,일양바이오아토르바스타틴칼슘삼수화물정20밀리그램_(21.69mg/1정),atorvastatin
697101040,아토르젯정10/10밀리그램_(1정),ezetimibe
697101040,아토르젯정10/10밀리그램_(1정),atorvastatin
697101050,소피아정10밀리그램(아토르바스타틴칼슘삼수화물)_(10.845mg/1정),atorvastatin
656701360,펠로핀지속정(펠로디핀)_(5mg/1정),felodipine
698003030,크로바틴정5mg(로수바스타틴칼슘)_(5.2mg/1정),rosuvastatin
698004390,텔로바틴정40/10밀리그램_(1정),telmisartan
698004460,뉴록스반정10밀리그램(리바록사반)_(10mg/1정),rivaroxaban
650303880,타크로민캡슐1밀리그램(타크로리무스수화물)_(1.02mg/1캡슐),tacrolimus
698004560,자크문정5밀리그램(토파시티닙시트르산염)_(8.078mg/1정),tofacitinib
698503340,임펙트윈정10/20mg_(1정),ezetimibe
698504580,리바록스정15밀리그램(리바록사반)_(15mg/1정),rivaroxaban
698504720,제티스토정10/20밀리그램_(1정),atorvastatin
52402030,인토젯정10/20밀리그램_(1정),ezetimibe
52402330,"아이스타플러스정80/5/5밀리그램(텔미사르탄, 암로디핀, 로수바스타틴)_(1정)",rosuvastatin
52402340,"아이스타플러스정40/5/10밀리그램(텔미사르탄,암로디핀,로수바스타틴)_(1정)",telmisartan
52402350,"아이스타플러스정40/5/5밀리그램(텔미사르탄,암로디핀,로수바스타틴)_(1정)",amlodipine
52402390,알파인정1마이크로그램(알파칼시돌)_(1㎍/1정),alfacalcidol
653501500,자디앙듀오정5/1000밀리그램_(1정),metformin
643310000,"엠파맥스엠서방정10/1000밀리그램(엠파글리플로진,메트포르민)_(1정)",empagliflozin
643508770,"리나글로메트서방정2.5/1000밀리그램(리나글립틴,메트포르민)_(1정)",linagliptin
649105960,"리나젠타듀오서방정5/1000밀리그램(리나글립틴, 메트포르민염산염)_(1정)",linagliptin
669700130,심바스탄정(심바스타틴)_(20mg/1정),simvastatin
53600350,뉴아토르타정10밀리그램(아토르바스타틴칼슘삼수화물)_(10.85mg/1정),atorvastatin
53601630,뉴아토르젯정10/10밀리그램_(1정),atorvastatin
54801290,리바롤정15밀리그램(리바록사반)_(15mg/1정),rivaroxaban
54801300,리바롤정10밀리그램(리바록사반)_(10mg/1정),rivaroxaban
54801360,케이아스피린장용정(아스피린)_(0.1g/1정),aspirin
59400060,제토바정10/10밀리그램_(1정),atorvastatin
60500150,메가로수틴정20밀리그램(로수바스타틴칼슘)_(20.8mg/1정),rosuvastatin
643100790,바이넥스펠로디핀정_(5mg/1정),felodipine
60500240,메가로수틴정5밀리그램(로수바스타틴칼슘)_(5.2mg/1정),rosuvastatin
73000770,로수칸데정5/8밀리그램_(1정),rosuvastatin
73400170,카듀엣정5mg/40mg_(1정),atorvastatin
73400340,리피토정10밀리그램(아토르바스타틴칼슘삼수화물)_(10.85mg/1정),atorvastatin
647804080,삼진메트포르민정(메트포르민염산염)_(0.5g/1정),metformin
645307050,"리나로엠서방정2.5/1000밀리그램(리나글립틴, 메트포르민)_(1정)",linagliptin
643309930,"엠파맥스엠정12.5/850밀리그램(엠파글리플로진,메트포르민)_(1정)",empagliflozin
652604080,디마폴민서방정(염산메트포르민)_(0.5g/1정),metformin
649702880,테넬리엘듀오서방정10/500밀리그램_(1정),metformin
669908440,"엔피앙듀오정12.5/500밀리그램(엠파글리플로진,메트포르민염산염)_(1정)",empagliflozin
654702290,테네로틴엠서방정10/500밀리그램_(1정),metformin
651900920,명인페르페나진정4밀리그램_(4mg/1정),perphenazine
649103001,클래스로신건조시럽125mg/5mL(클래리트로마이신제피과립)_(2.5g/100mL),clarithromycin
645000210,마도파확산정125_(1정),benserazide
641608020,"포시로멧서방정10/1000밀리그램(다파글리플로진, 메트포르민)_(1정)",metformin
620500340,네비로스타정2.5/5밀리그램_(1정),rosuvastatin
621100260,에퀴피나필름코팅정50밀리그램(사피나미드메실산염)_(65.88mg/1정),safinamide
652904730,"엠파벡스정5/850밀리그램(엠파글리플로진,메트포르민염산염)_(1정)",empagliflozin
640007820,다파엔듀오서방정5/1000밀리그램_(1정),metformin
621802670,록스바정(로수바스타틴칼슘)_(10.4mg/1정),rosuvastatin
647805640,다포진엠서방정10/500밀리그램_(1정),metformin
698004720,자디원듀오정12.5/500밀리그램_(1정),metformin
621804240,아토브정10/20밀리그램_(1정),ezetimibe
622600500,비엘토바정10밀리그램(아토르바스타틴칼슘수화물)_(10.85mg/1정),atorvastatin
622803290,로수틴엠정10mg(로수바스타틴칼슘)_(10.4mg/1정),rosuvastatin
622804520,아토엠젯정10/20밀리그램_(1정),ezetimibe
622804600,리바록엠정15밀리그램(리바록사반)_(15mg/1정),rivaroxaban
645210900,"리나콤비서방정2.5/1000밀리그램(리나글립틴,메트포르민)_(1정)",linagliptin
625200960,콜레스톱정20밀리그램(로수바스타틴칼슘)_(20.8mg/1정),rosuvastatin
625201970,하이메트정15/850밀리그램_(1정),metformin
649103770,앤티사반정2.5mg(아픽사반)_(2.5mg/1정),apixaban
648103340,로트로반정10밀리그램(로수바스타틴칼슘)_(10.4mg/1정),rosuvastatin
643703260,크레로바정10밀리그램(로수바스타틴칼슘)_(10.4mg/1정),rosuvastatin
657201120,환인히단토인정(페니토인)_(0.1g/1정),diphenylhydantoin
646003490,로수테롤정10밀리그램(로수바스타틴칼슘)_(10.4mg/1정),rosuvastatin
649105960,"리나젠타듀오서방정5/1000밀리그램(리나글립틴, 메트포르민염산염)_(1정)",metformin
693902970,셀로그라캡슐(타크로리무스수화물)_(1.02mg/1캡슐),tacrolimus
628800380,휴레스토정20밀리그램(로수바스타틴칼슘)_(20.8mg/1정),rosuvastatin
628801800,에제토젯정10/20밀리그램_(1정),atorvastatin
628901040,이듀엣정5/10밀리그램_(1정),amlodipine
628901660,에큐민정200밀리그램(쿠에티아핀푸마르산염)_(0.23026g/1정),quetiapine
628902010,이바록정15밀리그램(리바록사반)_(15mg/1정),rivaroxaban
629700400,오스타틴정10밀리그램(로수바스타틴칼슘)_(10.4mg/1정),rosuvastatin
643309190,엑시글루엠서방정5/1000밀리그램_(1정),dapagliflozin
640008120,"다파엔메트서방정10/500밀리그램(다파글리플로진, 메트포르민)_(1정)",metformin
640006490,클리코졸캡슐50밀리그램(플루코나졸)_(50mg/1캡슐),fluconazole
640007370,엑스원알정5/80/10밀리그램_(1정),rosuvastatin
640007380,엑스원알정5/160/10밀리그램_(1정),valsartan
640007680,엑스원에이정5/80/10밀리그램_(1정),valsartan
640007710,제피토정10/10밀리그램_(1정),atorvastatin
640007720,제피토정10/40밀리그램_(1정),ezetimibe
640007730,제피토정10/20밀리그램_(1정),atorvastatin
55800190,엔탈로프정10밀리그램(에스시탈로프람옥살산염)_(12.77mg/1정),escitalopram
649102400,싸이프로신정250mg(시프로플록사신염산염수화물)_(0.291g/1정),ciprofloxacin
641901530,보령에바스텔정(에바스틴)_(10mg/1정),ebastine
642101301,온세란주(온단세트론염산염)_(5mg/2mL),ondansetron
640903640,피오폴민정15/850밀리그램_(1정),metformin
640904000,레스타정5밀리그램(로수바스타틴칼슘)_(5.2mg/1정),rosuvastatin
640904540,"시타글루틴엠정50/500밀리그램(시타글립틴염산염수화물, 메트포르민염산염)_(1정)",metformin
645907590,"엠플로엠서방정12.5/1000밀리그램(엠파글리플로진,메트포르민)_(1정)",empagliflozin
641600190,글루리아드정500/2.5밀리그람_(1정),glibenclamide
641605710,올로스타정40/20밀리그램_(1정),olmesartan medoxomil
641606760,올로맥스정20/5/10밀리그램_(1정),amlodipine
641607080,알리가연질캡슐10밀리그램(알리트레티노인)_(10mg/1캡슐),alitretinoin
641607190,올로맥스정40/5/10밀리그램_(1정),amlodipine
641607220,올로맥스정40/5/5밀리그램_(1정),rosuvastatin
641607520,리토바젯정10/10밀리그램_(1정),ezetimibe
641607970,"리토바젯정10/5밀리그램(에제티미브, 아토르바스타틴칼슘삼수화물)_(1정)",ezetimibe
643307820,타크로벨서방캡슐5밀리그램(타크로리무스)_(5mg/1캡슐),tacrolimus
643307280,타크로벨정0.5밀리그램(타크로리무스수화물)_(0.51mg/1정),tacrolimus
641705740,텔로다운정40/10밀리그램_(1정),telmisartan
641705920,듀얼아토정10/10밀리그램_(1정),ezetimibe
641706200,자누아린듀오정50/1000밀리그램_(1정),sitagliptin
641800860,광동타목시펜정20밀리그램(타목시펜시트르산염)_(30.4mg/1정),tamoxifen
653601130,테그레톨정200밀리그램(카르바마제핀)_(0.2g/1정),carbamazepine
641804760,로수리딘정20밀리그램(로수바스타틴칼슘)_(20.8mg/1정),rosuvastatin
641906340,이지산트정10/20밀리그램_(1정),ezetimibe
641906560,투베로정30/5밀리그램_(1정),rosuvastatin
641907360,듀카로정60/5/10밀리그램_(1정),fimasartan
641907390,듀카로정30/5/5밀리그램_(1정),amlodipine
641907400,엘제로정2밀리그램(피타바스타틴칼슘수화물)_(2.205mg/1정),pitavastatin
641908250,아카브정60/40밀리그램_(1정),atorvastatin
641908270,엘제로젯정2/10밀리그램_(1정),pitavastatin
641908410,자이프렉사정10밀리그램(올란자핀)_(10mg/1정),olanzapine
642005020,"시타듀얼정50/850밀리그램(시타글립틴염산염수화물, 메트포르민염산염)_(1정)",sitagliptin
642100530,멜로캄캡슐15밀리그람(멜록시캄)(수출명:유한멜로캄캡슐15밀리그람)_(15mg/1캡슐),meloxicam
653102850,튜비스투정150/300밀리그램_(1정),isoniazid
642104430,모노로바정5밀리그램(로수바스타틴칼슘)_(5.2mg/1정),rosuvastatin
642104580,듀오웰정80/20밀리그램_(1정),rosuvastatin
642104620,듀오웰정40/5밀리그램_(1정),rosuvastatin
642105230,로수암핀정5/5밀리그램_(1정),amlodipine
642105320,듀오웰에이정40/5/5밀리그램_(1정),rosuvastatin
642105700,아토바미브정10/20밀리그램_(1정),ezetimibe
642105700,아토바미브정10/20밀리그램_(1정),atorvastatin
642105720,유한리바록사반정10밀리그램_(10mg/1정),rivaroxaban
657203650,에프람정10밀리그램(에스시탈로프람옥살산염)_(12.77mg/1정),escitalopram
671700470,바스콜정(에바스틴)_(10mg/1정),ebastine
671801441,록씨현탁액(록시트로마이신)_(5g/500mL),roxithromycin
644912351,포스페넴주0.5그램(메로페넴삼수화물)_(0.5g/1병),meropenem
642307820,삼성라베프라졸정20mg(라베프라졸나트륨)_(20mg/1정),rabeprazole
642404080,크레아진플러스정10/20mg_(1정),rosuvastatin
642404080,크레아진플러스정10/20mg_(1정),ezetimibe
642404830,쿠티아핀정12.5밀리그램(쿠에티아핀푸마르산염)_(14.39mg/1정),quetiapine
642404940,자렉스정15밀리그램(리바록사반(미분화))_(15mg/1정),rivaroxaban
642405180,아토바진정20밀리그램(아토르바스타틴칼슘수화물)_(21.7mg/1정),atorvastatin
642405200,"아토바진플러스정10/40밀리그램(에제티미브,아토르바스타틴칼슘삼수화물)_(1정)",atorvastatin
642501610,메로콕스캡슐15밀리그램(멜록시캄)_(15mg/1캡슐),meloxicam
642506260,리피논정80밀리그램(아토르바스타틴칼슘삼수화물)_(86.8mg/1정),atorvastatin
642506660,글리멜엠정1/250밀리그램_(1정),metformin
642507320,듀오논정10/20밀리그램_(1정),rosuvastatin
670104241,팜젠시프로플록사신주_(0.2g/100mL),ciprofloxacin
669501940,렉사멜정20mg(에스시탈로프람옥살산염)_(25.54mg/1정),escitalopram
642706170,디푸란캡슐150밀리그램(플루코나졸)_(0.15g/1캡슐),fluconazole
642401090,옥사틴정(옥사토마이드)_(30mg/1정),oxatomide
642902811,아지탑스건조시럽(아지트로마이신수화물)_(0.6g/15mL),azithromycin
645406330,제프람멜츠구강붕해정20밀리그램(에스시탈로프람옥살산염)_(25.54mg/1정),escitalopram
654001570,크록사신정(레보플록사신수화물)_(0.1g/1정),levofloxacin
628900030,플루란캡슐(플루코나졸)_(50mg/1캡슐),fluconazole
644802510,태극플루코나졸캡슐_(50mg/1캡슐),fluconazole
642707060,리바코르정20밀리그램(리바록사반)_(20mg/1정),rivaroxaban
642800520,리포메트정20밀리그램(아토르바스타틴칼슘삼수화물)_(21.69mg/1정),atorvastatin
642802420,자이피스오디정 5밀리그램(올란자핀)_(5mg/1정),olanzapine
642802810,리포스토정5밀리그램(로수바스타틴칼슘)_(5.2mg/1정),rosuvastatin
642803350,리포듀오정10/10밀리그램_(1정),atorvastatin
642902880,라비에트정10밀리그램(라베프라졸나트륨)_(10mg/1정),rabeprazole
642905480,텔로스톱정40/10밀리그램_(1정),rosuvastatin
642905920,드롭탑정10/10밀리그램_(1정),ezetimibe
642905920,드롭탑정10/10밀리그램_(1정),rosuvastatin
642906540,아토미브정10/40밀리그램_(1정),atorvastatin
642906640,라비에트듀오정20/500밀리그램_(1정),sodium bicarbonate
642906920,"아토미브정10/5밀리그램(에제티미브,아토르바스타틴칼슘삼수화물)_(1정)",ezetimibe
642906920,"아토미브정10/5밀리그램(에제티미브,아토르바스타틴칼슘삼수화물)_(1정)",atorvastatin
643103410,피타넥스정(피타바스타틴칼슘)_(2mg/1정),pitavastatin
643103750,플루스타캡슐(플루코나졸)_(50mg/1캡슐),fluconazole
669802440,제나딥정(레르카니디핀염산염)_(10mg/1정),lercanidipine
646004790,아픽사정2.5밀리그램(아픽사반)_(2.5mg/1정),apixaban
669800160,구주스피로닥톤정(스피로노락톤)_(25mg/1정),spironolactone
644700590,미노씬캡슐50mg(미노사이클린염산염)_(50mg/1캡슐),minocycline
643305750,호쿠테롤패취0.5밀리그램(툴로부테롤)_(1.6X1.6㎠/1매),tulobuterol
643307300,타크로벨정0.25밀리그램(타크로리무스수화물)_(0.255mg/1정),tacrolimus
646800920,아미로정(염산아미로라이드)_(5mg/1정),amiloride
643308040,에소듀오정20/800밀리그램_(1정),esomeprazole
643308640,리피로우젯정10/20밀리그램_(1정),ezetimibe
643308900,칸타벨에이정16/5/20밀리그램_(1정),atorvastatin
643308920,칸타벨에이정8/5/20밀리그램_(1정),amlodipine
643308930,칸타벨에이정16/5/10밀리그램_(1정),amlodipine
643309000,텔미로젯정40/5/10밀리그램_(1정),rosuvastatin
643310230,자누메트엑스알서방정100/1000밀리그램_(1정),metformin
643304631,타크로벨주5밀리그램(타크로리무스수화물)_(5.1mg/1mL),tacrolimus
643504580,뉴바스트정20밀리그램(아토르바스타틴스트론튬오수화물)_(23.19mg/1정),atorvastatin strontium pentahydrate
643506670,"로벨리토정150/20밀리그램(이르베사르탄,아토르바스타틴)_(1정)",irbesartan
643506771,플루테롤흡입용캡슐500/50_(60캡슐),fluticasone
643506781,플루테롤흡입용캡슐100/50_(60캡슐),salmeterol xinafoate
643506890,"로벨리토정300/20밀리그램(이르베사르탄,아토르바스타틴)_(1정)",atorvastatin
643507820,"아모잘탄큐정5/100/20밀리그램(암로디핀,로사르탄,로수바스타틴)_(1정)",amlodipine camsylate
643507820,"아모잘탄큐정5/100/20밀리그램(암로디핀,로사르탄,로수바스타틴)_(1정)",losartan
643507830,"아모잘탄큐정5/50/5밀리그램(암로디핀,로사르탄,로수바스타틴)_(1정)",amlodipine camsylate
643507840,"아모잘탄큐정5/50/20밀리그램(암로디핀,로사르탄,로수바스타틴)_(1정)",losartan
643507870,"아모잘탄큐정5/100/5밀리그램(암로디핀,로사르탄,로수바스타틴)_(1정)",rosuvastatin
643507870,"아모잘탄큐정5/100/5밀리그램(암로디핀,로사르탄,로수바스타틴)_(1정)",amlodipine camsylate
643508330,아모잘탄엑스큐정 5/100/10/10밀리그램_(1정),rosuvastatin
643508330,아모잘탄엑스큐정 5/100/10/10밀리그램_(1정),amlodipine
643508360,아모잘탄엑스큐정 5/50/10/10밀리그램_(1정),rosuvastatin
643508370,아모잘탄엑스큐정 5/100/5/10밀리그램_(1정),losartan
643508430,"빌다글메트정50/850밀리그램(빌다글립틴,메트포르민)_(1정)",metformin
643508450,수바스트정2.5밀리그램(로수바스타틴칼슘)_(2.6mg/1정),rosuvastatin
643606080,아젯듀오정10/20밀리그램_(1정),ezetimibe
643606230,로제텔정80/5/10밀리그램_(1정),telmisartan
643606400,로제텔핀정40/5/10/5밀리그램_(1정),ezetimibe
643606410,로제텔핀정80/20/10/5밀리그램_(1정),telmisartan
643606420,로제텔핀정80/10/10/5밀리그램_(1정),telmisartan
643606430,로제텔핀정80/5/10/5밀리그램_(1정),ezetimibe
643606450,로제텔핀정40/10/10/5밀리그램_(1정),amlodipine
643702720,푸코졸캡슐(플루코나졸)(수출명:파코졸캡슐)_(50mg/1캡슐),fluconazole
643703590,아페코정10밀리그램(아토르바스타틴칼슘수화물)_(10.85mg/1정),atorvastatin
643703960,크레로바정20밀리그램(로수바스타틴칼슘)_(20.8mg/1정),rosuvastatin
643704390,에제로바정10/5밀리그램_(1정),rosuvastatin
643705140,아페젯정10/20밀리그램_(1정),ezetimibe
643705440,자누디엠서방정50/1000밀리그램_(1정),metformin
643705470,자누디엠정50/850밀리그램_(1정),sitagliptin
643900480,부루펜정400밀리그램(이부프로펜)_(0.4g/1정),ibuprofen
643900912,어린이부루펜시럽(이부프로펜)_(20g/1000mL),ibuprofen
643902800,로비탄정5밀리그램(로수바스타틴칼슘)_(5.2mg/1정),rosuvastatin
644102460,제이록시정150밀리그램(록시트로마이신)_(0.15g/1정),roxithromycin
643505951,오로페넴주1그램(메로페넴수화물)_(1.208g/1병),meropenem
644200080,데파코트서방정250mg(디발프로엑스나트륨)_(0.2691g/1정),divalproex
665507431,유니큐펨주500mg(메로페넴수화물)_(0.5g/1병),meropenem
644206460,립스타플러스정10/5밀리그램_(1정),ezetimibe
657308940,리나탑듀오정2.5/500밀리그램_(1정),linagliptin
644308810,뉴펙스듀오정5mg/10mg_(1정),atorvastatin
644309180,페고트정80밀리그램(페북소스타트)_(80mg/1정),febuxostat
649001530,클래트로정250밀리그램(클래리트로마이신)_(0.25g/1정),clarithromycin
644302120,아자프린정50밀리그램(아자티오프린)(수출명:AzafrineTabs)_(50mg/1정),azathioprine
644503170,유로바젯정10/5밀리그램_(1정),ezetimibe
644503180,유로바젯정10/20밀리그램_(1정),ezetimibe
659701041,파리톨주(파리칼시톨)_(5μg/1mL),paricalcitol
644602960,슈바스타정(로수바스타틴칼슘)_(10.4mg/1정),rosuvastatin
644903272,중외염화칼륨주사액(150㎎/㎖)_(15g/100mL/병(PP)),potassium
644913920,리바로브이정2/160밀리그램_(1정),valsartan
645701401,클라리움건조시럽125mg/5mL(클래리트로마이신제피과립)_(2.5g/100mL),clarithromycin
644915170,"라베칸듀오정20/700밀리그램(라베프라졸나트륨,탄산수소나트륨)_(1정)",rabeprazole
644915380,"리바로페노캡슐2/110밀리그램(피타바스타틴칼슘수화물, 페노피브릭산)_(1캡슐)",pitavastatin
648508040,테리글메트서방정20/1000밀리그램_(1정),teneligliptin
653501540,자디앙듀오정5/500밀리그램_(1정),metformin
651905020,명도파정50/200밀리그램_(1정),levodopa
645104461,가스트로메토주(메토클로프라미드염산염수화물)_(10mg/2mL),metoclopramide
645208900,에소메라정40밀리그램(에스오메프라졸마그네슘이수화물)_(43.38mg/1정),esomeprazole
645210370,로젯탐정10/5밀리그램_(1정),rosuvastatin
644704550,큐덱시서방캡슐50밀리그램(토피라메이트)_(50mg/1캡슐),topiramate
645305450,크레더블정10/10밀리그램_(1정),ezetimibe
645305460,크레더블정10/20밀리그램_(1정),rosuvastatin
645305770,카세핀서방정300밀리그램(쿠에티아핀푸마르산염)_(0.34536g/1정),quetiapine
645306740,테네로엠서방정20/1000밀리그램_(1정),teneligliptin
645306980,"스타젯정2/10밀리그램(피타바스타틴칼슘, 에제티미브)_(1정)",pitavastatin
645404540,로제듀오정10/20밀리그램_(1정),ezetimibe
645405840,리박산정10밀리그램(리바록사반)_(10mg/1정),rivaroxaban
645405850,리박산정15밀리그램(리바록사반)_(15mg/1정),rivaroxaban
645406170,텔미칸큐정40/10/10/5밀리그램_(1정),amlodipine
645406210,텔미칸큐정80/20/10/5밀리그램_(1정),amlodipine
645600420,"대화이부프로펜정400밀리그람(수출명:UPRO400,IBUFEN)_(0.4g/1정)",ibuprofen
659901751,메토젝트주50mg/mL(메토트렉세이트)_(10mg/0.2mL),methotrexate
645600801,레틸론주(디클로페낙나트륨)_(75mg/2mL),diclofenac
645603790,탑스타틴정10밀리그램(로수바스타틴칼슘)_(10.4mg/1정),rosuvastatin
664600131,노르핀주(노르에피네프린타르타르산염수화물)_(20mg/10mL),norepinephrine
645603860,레스날린패취1밀리그램(툴로부테롤)_(2.25X2.25㎠/1매),tulobuterol
645604700,탑스타틴에프정10/10밀리그램_(1정),ezetimibe
622804150,이지렉트정0.5밀리그램(라사길린메실산염)_(0.78mg/1정),rasagiline
645702150,크레로슈정10밀리그램(로수바스타틴칼슘)_(10.4mg/1정),rosuvastatin
57000850,레보에프정500밀리그램(레보플록사신수화물)_(0.5123g/1정),levofloxacin
645901111,디페인주사(디클로페낙나트륨)_(75mg/2mL),diclofenac
642802650,류마크로정(아세클로페낙)_(0.1g/1정),aceclofenac
669804490,쎄레메드캡슐(세레콕시브)_(0.2g/1캡슐),celecoxib
646001040,멜록스캡슐(멜록시캄)_(7.5mg/1캡슐),meloxicam
671702161,아지맥스건조시럽(아지트로마이신)_(0.6g/15mL),azithromycin
645401881,크라비트주(레보플록사신)_(0.25g/50mL),levofloxacin
651602281,크로마이신건조시럽125mg/5mL(클래리트로마이신)_(2.5g/100mL),clarithromycin
646002040,자세틴정0.25밀리그램(알프라졸람)_(0.25mg/1정),alprazolam
52700650,케록시드정(록소프로펜나트륨수화물)_(68.1mg/1정),loxoprofen
693200560,록소팬정(록소프로펜나트륨수화물)_(68.1mg/1정),loxoprofen
622802210,로이탄연질캡슐(이소트레티노인)_(10mg/1캡슐),isotretinoin
646004700,퀘티아핀정25밀리그램(쿠에티아핀푸마르산염)_(28.78mg/1정),quetiapine
657502161,돌마주사(트라마돌염산염)_(50mg/1mL),tramadol
646005000,아토암로정5mg/10mg_(1정),atorvastatin
671706230,아픽플로정5밀리그램(아픽사반)_(5mg/1정),apixaban
646005130,"로수에제정10/20밀리그램(에제티미브,로수바스타틴칼슘)_(1정)",rosuvastatin
646005240,아토에제정10/40밀리그램_(1정),ezetimibe
73400100,젤독스캡슐60밀리그램(염산지프라시돈일수화물)_(67.95mg/1캡슐),ziprasidone
698502060,후루존정150밀리그램(플루코나졸)_(0.15g/1정),fluconazole
648204190,루칼로정2밀리그램(프루칼로프라이드숙신산염)_(2.642mg/1정),prucalopride
643503980,후나졸캡슐50밀리그램(플루코나졸)_(50mg/1캡슐),fluconazole
644901692,원플루주(플루코나졸)_(0.1g/50mL/병(PP)),fluconazole
693201050,플루날정150mg(플루코나졸)_(0.15g/1정),fluconazole
670104220,팜젠시프로플록사신정250mg(시프로플록사신염산염)_(0.291g/1정),ciprofloxacin
646200850,멜록시젠캡슐(멜록시캄)(수출명:케이비캄캡슐)_(7.5mg/1캡슐),meloxicam
646802530,에이피토정20밀리그램(아토르바스타틴칼슘)_(20.72mg/1정),atorvastatin
646803100,리피타파정1밀리그램(피타바스타틴칼슘)_(1mg/1정),pitavastatin
652100360,무노발정5밀리그람(펠로디핀)_(5mg/1정),felodipine
647303990,아토엠정10/10밀리그램_(1정),ezetimibe
647303990,아토엠정10/10밀리그램_(1정),atorvastatin
647304330,로수듀오정10/10밀리그램_(1정),ezetimibe
647803950,뉴스타틴알정5밀리그램(로수바스타틴칼슘)_(5.2mg/1정),rosuvastatin
693903430,이무테라정(아자티오프린)_(50mg/1정),azathioprine
643500810,맥시부펜이알정300밀리그램(덱시부프로펜)_(0.3g/1정),dexibuprofen
643900470,부루펜정200밀리그램(이부프로펜)_(0.2g/1정),ibuprofen
647804710,뉴스타틴티에스정40/5/10mg_(1정),telmisartan
647805030,뉴스타젯알정10/10밀리그램_(1정),rosuvastatin
647805040,뉴스타젯알정10/5밀리그램_(1정),rosuvastatin
647805460,"시누비엠엑스알서방정100/1000밀리그램(시타글립틴,메트포르민)_(1정)",sitagliptin
657802870,하나페노바르비탈정_(30mg/1정),phenobarbital
657202640,에나폰정5밀리그램(아미트리프틸린염산염)_(5mg/1정),amitriptyline
648100330,다이미트정(메트포르민염산염)_(0.5g/1정),metformin
664901090,세렉실캡슐(세레콕시브)_(0.2g/1캡슐),celecoxib
645305870,쎄레브이캡슐100밀리그램(세레콕시브)_(0.1g/1캡슐),celecoxib
694000470,대웅바이오멜록시캄캡슐7.5밀리그램_(7.5mg/1캡슐),meloxicam
670301540,코오롱브렉신정10밀리그램(피록시캄베타사이클로덱스트린)_(95.6mg/1정),piroxicam β-cyclodextrin
669502580,에세탈서방정(아세클로페낙)_(0.2g/1정),aceclofenac
57000810,아세클론정(아세클로페낙)_(0.1g/1정),aceclofenac
656001500,캠록스캡슐7.5밀리그램(멜록시캄)_(7.5mg/1캡슐),meloxicam
641907671,보령펜시럽(덱시부프로펜)_(6g/500mL),dexibuprofen
648103350,로트로반정20밀리그램(로수바스타틴칼슘)_(20.8mg/1정),rosuvastatin
648104600,메가로반연질캡슐5/1000밀리그램_(1캡슐),omega-3-acid ethyl esters90
648104610,에소카보정20/600밀리그램_(1정),calcium
648105210,"로토디핀정20/5밀리그램(로수바스타틴, 암로디핀)_(1정)",amlodipine
648204380,와이젯정10/10밀리그램_(1정),ezetimibe
648204580,유시타메트엑스알서방정100/1000밀리그램_(1정),metformin
652100200,라식스정(푸로세미드)_(40mg/1정),furosemide
648500101,네티신주100밀리그램(네틸마이신황산염)_(0.1g/2mL),netilmicin
642900291,레보펙신주(레보플록사신수화물)_(0.51246g/100mL),levofloxacin
653005640,아칸솔정100mg(아미설프리드)_(0.1g/1정),amisulpride
693202220,코에틴서방캡슐_(1캡슐),ebastine
648502500,심바스틴정20밀리그램(심바스타틴)_(20mg/1정),simvastatin
648506810,바토르정20밀리그램(아토르바스타틴칼슘삼수화물)_(21.7mg/1정),atorvastatin
648508420,"스타페노캡슐(피타바스타틴칼슘,페노피브레이트)_(1캡슐)",pitavastatin
693200430,펠로덴지속정(펠로디핀)_(5mg/1정),felodipine
648603880,텔로듀오정80/10밀리그램_(1정),telmisartan
648604100,로티젯정10/5밀리그램_(1정),ezetimibe
648604160,메가엠듀얼연질캡슐_(1캡슐),rosuvastatin
648604210,아로젯정10/20밀리그램_(1정),atorvastatin
648604390,아모르탄알정5/80/5밀리그램_(1정),valsartan
651901840,카마제핀씨알정200밀리그람(카르바마제핀)_(0.2g/1정),carbamazepine
648903111,화이자빈크리스틴황산염주1mg/mL_(2mg/2mL),vincristine
648903410,젤잔즈정10밀리그램(토파시티닙시트르산염)_(16.155mg/1정),tofacitinib
648903570,젤잔즈XR서방정11밀리그램(토파시티닙시트르산염)_(17.771mg/1정),tofacitinib
59000730,프로탐스서방캡슐0.4밀리그램(탐스로신염산염)_(0.4mg/1캡슐),tamsulosin
671803100,탐스웰캡슐(탐스로신염산염)_(0.2mg/1캡슐),tamsulosin
650205400,하루큐어서방정0.4밀리그램(탐스로신염산염)_(0.4mg/1정),tamsulosin
678900882,제이더블유레보플록사신주_(0.5g/100mL),levofloxacin
649102030,휴텍스아토르바스타틴정20mg(아토르바스타틴칼슘삼수화물)_(21.7mg/1정),atorvastatin
649102280,크레스바정20mg(로수바스타틴칼슘)_(20.8mg/1정),rosuvastatin
649102390,아토듀엣정5/10mg_(1정),amlodipine
649104470,휴텍스아토르바스타틴정40mg(아토르바스타틴칼슘삼수화물)_(43.4mg/1정),atorvastatin
653801140,신일모노독시엠캡슐(독시사이클린수화물)_(0.1g/1캡슐),doxycycline
649104980,듀오텔미정40/5밀리그램_(1정),telmisartan
649105120,크레칸데정10/8밀리그램_(1정),rosuvastatin
649105380,엑스크레스바정5/160/5밀리그램_(1정),valsartan
649105390,엑스크레스바정5/160/10밀리그램_(1정),valsartan
649105460,다낼리아엠서방정10/750밀리그램_(1정),teneligliptin
649105590,아토코마연질캡슐5/1000밀리그램_(1캡슐),omega-3-acid ethyl esters90
649106020,크레스바정2.5밀리그램(로수바스타틴칼슘)_(2.6mg/1정),rosuvastatin
649106100,"듀오텔미플러스정40/5/10밀리그램(텔미사르탄,암로디핀,로수바스타틴)_(1정)",amlodipine
649106100,"듀오텔미플러스정40/5/10밀리그램(텔미사르탄,암로디핀,로수바스타틴)_(1정)",telmisartan
649400760,메카론캡슐(멜록시캄)_(7.5mg/1캡슐),meloxicam
649405510,크레바젯정10/10밀리그램_(1정),ezetimibe
649508020,텔로타틴정80/5/10밀리그램_(1정),telmisartan
649508080,토바젯정10/20밀리그램_(1정),ezetimibe
649508280,란탄듀오정30/600밀리그램_(1정),calcium
649508860,본비드정1마이크로그램(알파칼시돌)_(1㎍/1정),alfacalcidol
649604220,대우플루코나졸캡슐_(50mg/1캡슐),fluconazole
649701750,리피노정10밀리그램(아토르바스타틴칼슘삼수화물)_(10.845mg/1정),atorvastatin
649703030,시타엔메트엑스알서방정50/1000밀리그램_(1정),sitagliptin
649703150,아토엘젯정10/10밀리그램_(1정),atorvastatin
649703170,아토엘젯정10/40밀리그램_(1정),ezetimibe
655404510,아셀로CR서방정200밀리그램(아세클로페낙)_(0.2g/1정),aceclofenac
696600070,일양바이오아세클로페낙정_(0.1g/1정),aceclofenac
694204950,록소프정(록소프로펜나트륨수화물)_(68.1mg/1정),loxoprofen
641806290,광동아스피린장용정100mg_(0.1g/1정),aspirin
665503621,유니페낙주(디클로페낙나트륨) (수출명:ALFENAL Inj)_(75mg/2mL),diclofenac
649806790,명문알프라졸람정0.25밀리그램_(0.25mg/1정),alprazolam
641908110,젤로다정500밀리그램(카페시타빈)_(0.5g/1정),capecitabine
649807220,테고캡슐25_(1캡슐),gimeracil
649807470,텔미원스플러스정80/5/10밀리그램_(1정),amlodipine
649807580,텔미로브정80/10밀리그램_(1정),rosuvastatin
649807660,발사로브정5/80밀리그램_(1정),valsartan
649807790,에젯토정10/40밀리그램_(1정),ezetimibe
649807960,당이자누콤비정50/850밀리그램_(1정),metformin
649808400,"피타페노콜서방정(피타바스타틴칼슘,페노피브레이트콜린)_(1정)",choline fenofibrate
642200390,리단정(탄산리튬)_(0.3g/1정),lithium
650000990,이미그란정50밀리그램(수마트립탄숙신산염)_(70mg/1정),sumatriptan
669908380,"리포민듀오서방정2.5/1000밀리그램(리나글립틴, 메트포르민염산염)_(1정)",metformin
650201360,리포액틴정10밀리그램(아토르바스타틴칼슘삼수화물)_(10.85mg/1정),atorvastatin
650203780,리포액틴정20밀리그램(아토르바스타틴칼슘삼수화물)_(21.7mg/1정),atorvastatin
650204710,"슈바젯정10/5밀리그램(에제티미브, 로수바스타틴)_(1정)",rosuvastatin
650205750,리포젯정10/10밀리그램_(1정),atorvastatin
650205830,에이브스메트정50/500밀리그램_(1정),vildagliptin
650206190,슈스타정2.5밀리그램(로수바스타틴칼슘)_(2.6mg/1정),rosuvastatin
650303200,유코졸캡슐50밀리그램(플루코나졸)_(50mg/1캡슐),fluconazole
650303360,트루스타정40/10밀리그램_(1정),rosuvastatin
650303390,트루스타정80/10밀리그램_(1정),telmisartan
645906460,엘사정2.5mg(아픽사반(미분화))_(2.5mg/1정),apixaban
650304180,로수브젯정10/20밀리그램_(1정),rosuvastatin
650304190,로수브젯정10/10밀리그램_(1정),rosuvastatin
650304230,진토젯정10/40밀리그램_(1정),atorvastatin
650304250,진토젯정10/10밀리그램_(1정),ezetimibe
650304720,"피타콜린서방정(피타바스타틴칼슘, 페노피브레이트콜린)_(1정)",pitavastatin
651904480,트리레보정200/50/200mg_(1정),entacapone
651202710,아토로우정10mg(아토르바스타틴칼슘삼수화물)_(10.85mg/1정),atorvastatin
651203600,피큐로우정2밀리그램(피타바스타틴칼슘)_(2mg/1정),pitavastatin
651204400,로스텔정80/10밀리그램_(1정),rosuvastatin
651204410,로스텔정40/5밀리그램_(1정),rosuvastatin
651204840,로제로우정10/10밀리그램_(1정),rosuvastatin
651205770,암로반플러스정5/80/5밀리그램_(1정),valsartan
651300910,로수잘정5밀리그램(로수바스타틴칼슘)_(5.2mg/1정),rosuvastatin
651602890,"한화로칸정 20/32밀리그램(로수바스타틴칼슘, 칸데사르탄실렉세틸)_(1정)",candesartan cilexetil
657806590,디프세틴캡슐10밀리그램(플루옥세틴염산염)_(11.2mg/1캡슐),fluoxetine
644308860,조이록신정400밀리그램(목시플록사신염산염)_(0.4368g/1정),moxifloxacin
642706520,에탈로프정5밀리그램(에스시탈로프람옥살산염)_(6.39mg/1정),escitalopram
661904390,럭스푸람정(에스시탈로프람옥살산염)_(12.77mg/1정),escitalopram
649102240,크라프록신정100mg(레보플록사신수화물)_(0.1g/1정),levofloxacin
649103080,에스프람정10mg(에스시탈로프람옥살산염)_(12.77mg/1정),escitalopram
640006311,모벨록신주400밀리그램(목시플록사신)_(0.4g/250mL),moxifloxacin
651904250,트리레보정50/12.5/200mg_(1정),levodopa
657307720,렉시프람정20밀리그램(에스시탈로프람옥살산염)_(25.54mg/1정),escitalopram
642902831,아지탑스주사500밀리그램(아지트로마이신수화물)_(0.5241g/1병),azithromycin
73000740,리플록신정250밀리그램(레보플록사신수화물)_(0.25615g/1정),levofloxacin
651902200,티세르신정50밀리그램(레보메프로마진말레산염)_(67.7mg/1정),levomepromazine
645906871,레펙신주(레보플록사신수화물)_(0.76869g/150mL),levofloxacin
658603751,이연메로페넴주500밀리그램(메로페넴수화물)_(0.5g/1병),meropenem
651902380,프로막정200밀리그람(발프로산마그네슘)_(0.2g/1정),valproate
665506881,유니큐펨주1g(메로페넴수화물)_(1g/1병),meropenem
651903220,뉴로자핀정5밀리그램(올란자핀)_(5mg/1정),olanzapine
651903280,뉴로자핀정10밀리그램(올란자핀)_(10mg/1정),olanzapine
651903380,파록스씨알정25밀리그램(파록세틴염산염반수화물)_(28.5mg/1정),paroxetine
651903630,메디키넷리타드캡슐5mg(메틸페니데이트염산염)_(5mg/1캡슐),methylphenidate
643903620,프라펙솔서방정0.375밀리그램(프라미펙솔염산염일수화물)_(0.375mg/1정),pramipexole dihydrochloride
651903810,아미썰정100밀리그램(아미설피리드)_(0.1g/1정),amisulpride
651905100,피디펙솔서방정1.5밀리그램(프라미펙솔염산염일수화물)_(1.5mg/1정),pramipexole dihydrochloride
651903920,아토목신캡슐10mg(아토목세틴염산염)_(11.43mg/1캡슐),atomoxetine
683100411,휴메딕스트라마돌염산염주_(50mg/1mL),tramadol
651904890,명인리바록사반정20밀리그램_(20mg/1정),rivaroxaban
651905070,피디펙솔정0.25밀리그램(프라미펙솔염산염일수화물)_(0.25mg/1정),pramipexole dihydrochloride
652100600,솔리안정200밀리그램(아미설프리드)_(0.2g/1정),amisulpride
652104660,로수바스타퀄정10밀리그램(로수바스타틴칼슘)_(10.4mg/1정),rosuvastatin
652105510,메가로젯정10/5밀리그램_(1정),ezetimibe
648504170,플루테칸정150밀리그램(플루코나졸)_(0.15g/1정),fluconazole
652603190,엘디로정10밀리그램(아토르바스타틴칼슘삼수화물)_(10.85mg/1정),atorvastatin
652607420,젠시닙정10밀리그램(토파시티닙시트르산염)_(16.15mg/1정),tofacitinib
652904140,듀타딘정 5/20밀리그램_(1정),amlodipine
652904520,듀토르정10/20밀리그램_(1정),atorvastatin
652904620,크레스틴정5밀리그램(로수바스타틴칼슘)_(5.2mg/1정),rosuvastatin
653001570,"알프라낙스정0.25밀리그람_(알프라졸람, 0.25mg/1정)",alprazolam
653100610,비씨아토르바스타틴정20밀리그램(아토르바스타틴칼슘수화물)_(21.69mg/1정),atorvastatin
58200370,아토맥정100밀리그램(토피라메이트)_(0.1g/1정),topiramate
653101371,졸라딘주사(아세타졸아미드)(수출명:ZONLADIL Injection)_(0.5g/1병),acetazolamide
657203520,라사핀정1밀리그램(라사길린메실산염)_(1.56mg/1정),rasagiline
653103840,뉴신타서방정50밀리그램(타펜타돌염산염)_(58.24mg/1정),tapentadol
651503570,세렉스캡슐(세레콕시브)_(0.2g/1캡슐),celecoxib
647200310,스로펜정(이부프로펜) 수출명:Korus Ibuprofen Tab._(0.2g/1정),ibuprofen
653403160,로수탄정5밀리그램(로수바스타틴칼슘)_(5.2mg/1정),rosuvastatin
653403750,로수탄젯정10/5밀리그램_(1정),rosuvastatin
653404760,아토반듀오정10/10밀리그램_(1정),atorvastatin
645104851,대한칼시톨주(파리칼시톨)_(5μg/1mL),paricalcitol
653501340,프라닥사캡슐110밀리그램(다비가트란에텍실레이트메실산염)_(0.12683g/1캡슐),dabigatran etexilate
653602300,가브스메트정50/500밀리그램_(1정),vildagliptin
646001880,에바티스정(에바스틴)_(10mg/1정),ebastine
652001220,카프렐사정100밀리그램(반데타닙)_(0.1g/1정),vandetanib
643702190,키포신정(시프로플록사신염산염수화물)_(0.291g/1정),ciprofloxacin
668901550,산쿠소패취(그라니세트론)_(80.2X66.6㎟/1매),granisetron
653701940,피타틴정(피타바스타틴칼슘)_(2mg/1정),pitavastatin
643308440,에도파벨정1밀리그램(라사길린메실산염)_(1.56mg/1정),rasagiline
653806550,"자누엑스알서방정50/1000밀리그램(시타글립틴,메트포르민)_(1정)",metformin
654002240,올핀정5mg/20mg_(1정),atorvastatin
654004740,크레트롤정10/5밀리그램_(1정),rosuvastatin
654004750,크레트롤정10/20밀리그램_(1정),ezetimibe
654005620,자톨정20밀리그램(리바록사반)_(20mg/1정),rivaroxaban
654005660,올피토젯정10/10밀리그램_(1정),atorvastatin
654005680,올피토젯정10/40밀리그램_(1정),ezetimibe
654005690,자톨정10밀리그램(리바록사반)_(10mg/1정),rivaroxaban
658602800,크라박터정(레보플록사신수화물)_(0.1g/1정),levofloxacin
653404070,넥사론정5밀리그램(에스시탈로프람옥살산염)_(6.39mg/1정),escitalopram
653102921,퀴녹스주400밀리그램(목시플록사신)_(0.4g/250mL),moxifloxacin
654303810,노토바정5mg/10mg_(1정),amlodipine
654304570,아르틴정10밀리그램(아토르바스타틴칼슘)_(10.36mg/1정),atorvastatin
654700061,뉴베타주2mL(디클로페낙β-디메틸아미노에탄올)_(90mg/2mL),diclofenac-β-dimethyl-aminoethanol
654701030,플코나졸캡슐(플루코나졸)_(50mg/1캡슐),fluconazole
654701510,아토스포정10mg(아토르바스타틴칼슘삼수화물)_(10.85mg/1정),atorvastatin
654702180,아토켓정10/10밀리그램_(1정),atorvastatin
653405120,테네리칸엠서방정20/1000밀리그램_(1정),metformin
669806280,테리아엠서방정10/750밀리그램_(1정),teneligliptin
655400910,아도르정10밀리그램(아토르바스타틴칼슘수화물)_(10.85mg/1정),atorvastatin
657301180,디포민정(메트포르민염산염)_(0.5g/1정),metformin
655404200,일성리바록사반정15밀리그램_(15mg/1정),rivaroxaban
655404210,일성리바록사반정10밀리그램_(10mg/1정),rivaroxaban
655404810,"텔미트리원정40/5/5밀리그램(텔미사르탄,암로디핀,로수바스타틴)_(1정)",rosuvastatin
698503090,아토센정20mg(아토르바스타틴칼슘수화물)_(21.7mg/1정),atorvastatin
642203020,부광아데포비어정10밀리그램(아데포비어디피복실)_(10mg/1정),adefovir dipivoxil
655502120,델스트리고정_(1정),tenofovir disoproxil
645403400,아뎁틴정10밀리그램(아데포비어디피복실)_(10mg/1정),adefovir dipivoxil
677200230,엑스탄디연질캡슐40mg(엔잘루타마이드)_(40mg/1캡슐),enzalutamide
644000920,삼익펠로디핀정_(5mg/1정),felodipine
656003980,호쿠나패취2밀리그램(툴로부테롤)_(10㎠/1매),tulobuterol
656004470,피타스틴정2밀리그램(피타바스타틴칼슘)_(2mg/1정),pitavastatin
656202160,하모빅캡슐(멜록시캄)_(7.5mg/1캡슐),meloxicam
657200470,알프람정0.25밀리그램(알프라졸람)(수출명:Alpram Tablet 0.25mg)_(0.25mg/1정),alprazolam
652904470,셀록스캡슐100mg(세레콕시브)_(0.1g/1캡슐),celecoxib
656000090,덱스리펜정(덱시부프로펜 디.씨.)_(0.4g/1정),dexibuprofen
629700830,덱스렌정(덱시부프로펜디.씨.)_(0.3g/1정),dexibuprofen
698500220,아클펜정(아세클로페낙)_(0.1g/1정),aceclofenac
655604680,한콕스캡슐200mg(세레콕시브)_(0.2g/1캡슐),celecoxib
669603590,올스펜정(덱시부프로펜 디.씨)_(0.4g/1정),dexibuprofen
669907180,레비신정500mg(레보플록사신수화물)_(0.5123g/1정),levofloxacin
647301590,씨탈정(에스시탈로프람옥살산염)_(12.77mg/1정),escitalopram
652606900,스타레보필름코팅정125/31.25/200밀리그램_(1정),entacapone
651602520,한화에스시탈로프람정5밀리그램(에스시탈로프람옥살산염)_(6.39mg/1정),escitalopram
651905030,명도파정25/100밀리그램_(1정),benserazide
669805540,시타프릴정10mg(에스시탈로프람옥살산염)_(12.77mg/1정),escitalopram
643904230,"원도파정12.5/50밀리그램(벤세라지드, 레보도파)_(1정)",benserazide
645305630,에드파정5밀리그램(에스시탈로프람옥살산염)_(6.39mg/1정),escitalopram
649508040,디푸로정20밀리그램(에스시탈로프람옥살산염)_(25.54mg/1정),escitalopram
648204001,유영레보플록사신주(레보플록사신수화물)_(0.25623g/50mL),levofloxacin
652606910,스타레보필름코팅정200/50/200밀리그램_(1정),entacapone
653000420,레브록신정(레보플록사신수화물)_(0.10249g/1정),levofloxacin
657202730,듀로셉톨캡슐60밀리그램(둘록세틴염산염)_(67.29mg/1캡슐),duloxetine
657203030,에스메프졸정20밀리그램(에스오메프라졸마그네슘이수화물)_(21.69mg/1정),esomeprazole
657203250,아토르스타정10밀리그램(아토르바스타틴칼슘삼수화물)_(10.85mg/1정),atorvastatin
657203260,아토르스타정20밀리그램(아토르바스타틴칼슘삼수화물)_(21.7mg/1정),atorvastatin
657203610,콤비로제정10/10밀리그램_(1정),ezetimibe
657203620,콤비로제정10/20밀리그램_(1정),rosuvastatin
657203790,콤비젯정10/20밀리그램_(1정),ezetimibe
657203800,콤비젯정10/10밀리그램_(1정),ezetimibe
657203890,자로반정2.5밀리그램(리바록사반)_(2.5mg/1정),rivaroxaban
644309210,아자프린정25밀리그램(아자티오프린)_(25mg/1정),azathioprine
651500850,싸이로칸정250밀리그램(시프로플록사신염산염수화물)_(0.291g/1정),ciprofloxacin
657307820,팜톡연질캡슐30밀리그램(알리트레티노인)_(30mg/1캡슐),alitretinoin
657308370,로바이지정10/5밀리그램_(1정),rosuvastatin
657308410,아발탄에이플러스정5/160/20밀리그램_(1정),amlodipine
657308720,글리시타메트엑스알서방정50/500밀리그램_(1정),metformin
657308820,글리시타메트정50/500밀리그램_(1정),metformin
73200570,아세크정(아세클로페낙)_(0.1g/1정),aceclofenac
649806380,명문아스피린장용정100mg_(0.1g/1정),aspirin
657802091,페나카주사2ml(디클로페낙β-디메틸아미노에탄올)_(90mg/2mL),diclofenac-β-dimethyl-aminoethanol
657804900,아리토정20밀리그램(아토르바스타틴칼슘수화물)_(21.7mg/1정),atorvastatin
657806760,텔미로원정80/5밀리그램_(1정),rosuvastatin
657807380,올프로정20/10밀리그램_(1정),rosuvastatin
657807390,올프로정20/20밀리그램_(1정),rosuvastatin
657807570,록사원정15밀리그램(리바록사반)_(15mg/1정),rivaroxaban
657807580,록사원정20밀리그램(리바록사반)_(20mg/1정),rivaroxaban
657807950,"시타원플러스엑스알서방정50/1000밀리그램(시타글립틴, 메트포르민)_(1정)",sitagliptin
657808000,"시타원플러스정50/1000밀리그램(시타글립틴, 메트포르민)_(1정)",metformin
657808190,"칸데로원정20/32밀리그램(로수바스타틴, 칸데사르탄)_(1정)",rosuvastatin
658106580,로바트정5밀리그램(로수바스타틴칼슘)_(5.2mg/1정),rosuvastatin
658202470,메포민플러스정_(1정),metformin
642905351,씨라클건조시럽125밀리그램/5밀리리터(클래리트로마이신)_(2.5g/100mL),clarithromycin
658204500,카사반정10밀리그램(리바록사반)_(10mg/1정),rivaroxaban
658204580,아트로젯정10/20밀리그램_(1정),ezetimibe
658204730,슈바스틴정5밀리그램(로수바스타틴칼슘)_(5.2mg/1정),rosuvastatin
658501600,아스필장용정(아스피린100밀리그람)_(0.1g/1정),aspirin
650300560,모리캄캡슐(멜록시캄)_(7.5mg/1캡슐),meloxicam
657500410,멜캄캡슐(멜록시캄)_(7.5mg/1캡슐),meloxicam
698000110,필로젠정(피록시캄)_(20mg/1정),piroxicam
670400780,휴니즈록소프로펜나트륨수화물정_(68.1mg/1정),loxoprofen
625200140,이콕스캡슐7.5밀리그램(멜록시캄)_(7.5mg/1캡슐),meloxicam
658604610,바스타젯정10/20밀리그램_(1정),ezetimibe
660402610,보리아토정(아토르바스타틴칼슘수화물)_(10.85mg/1정),atorvastatin
656001060,알리코염산시프로플록사신정250밀리그람_(0.291g/1정),ciprofloxacin
660703520,아바젯정10/40밀리그램_(1정),atorvastatin
660703600,듀로텔정40/10밀리그램_(1정),rosuvastatin
629700111,레복스주(레보플록사신수화물)_(0.51246g/100mL),levofloxacin
649104950,코코스텔서방캡슐_(1캡슐),pseudoephedrine
661902030,화니돌0.5마이크로그램연질캡슐(알파칼시돌)_(0.5㎍/1캡슐),alfacalcidol
665506771,유니시프로사신주사(시프로플록사신)_(0.4g/200mL),ciprofloxacin
658601870,플루코정150밀리그램(플루코나졸)_(0.15g/1정),fluconazole
59300090,무코나졸캡슐50밀리그램(플루코나졸)_(50mg/1캡슐),fluconazole
662502740,아피토정(아토르바스타틴칼슘수화물)_(10.85mg/1정),atorvastatin
662600960,로바원정20밀리그램(로수바스타틴칼슘)_(20.8mg/1정),rosuvastatin
663608750,자누글립틴메트정50/500밀리그램_(1정),metformin
664901240,타크로인캡슐(타크로리무스수화물)_(1.02mg/1캡슐),tacrolimus
665002060,로수에지정10/5밀리그램_(1정),ezetimibe
665003040,아토에지정10/20밀리그램_(1정),ezetimibe
642307190,삼성잘토프로펜정_(80mg/1정),zaltoprofen
641602130,이지엔6애니연질캡슐(이부프로펜)_(0.2g/1캡슐),ibuprofen
648201641,젝스타주(디클로페낙β-디메틸아미노에탄올)_(90mg/2mL),diclofenac-β-dimethyl-aminoethanol
693902100,메로빅캡슐15밀리그램(멜록시캄)_(15mg/1캡슐),meloxicam
644603410,덱시딜정400mg(덱시부프로펜디.씨.)_(0.4g/1정),dexibuprofen
60500410,메가록소펜정(록소프로펜나트륨수화물)_(68.1mg/1정),loxoprofen
678000140,지트람엑스엘서방정150밀리그람(트라마돌염산염)_(0.15g/1정),tramadol
668000100,아질렉트정(라사길린메실산염)_(1.56mg/1정),rasagiline
698503291,트라놀주(트라마돌염산염)_(50mg/1mL),tramadol
668902640,로바티탄정10/160밀리그램_(1정),rosuvastatin
668902650,로바티탄정10/80밀리그램_(1정),valsartan
668903190,제미로우정50/5밀리그램_(1정),gemigliptin
669800690,뉴록사신정(시프로플록사신염산염수화물)_(0.291g/1정),ciprofloxacin
643302750,칼루타미정50mg(비칼루타마이드)_(50mg/1정),bicalutamide
645304650,에드파정10mg(에스시탈로프람옥살산염)_(12.77mg/1정),escitalopram
646000400,디프나졸캡슐(플루코나졸)_(50mg/1캡슐),fluconazole
649405110,디로칸캡슐150밀리그램(플루코나졸)_(0.15g/1캡슐),fluconazole
669804560,아토릭스정20mg(아토르바스타틴칼슘수화물)_(21.7mg/1정),atorvastatin
669906010,뉴토르정20밀리그램(아토르바스타틴칼슘삼수화물)_(21.69mg/1정),atorvastatin
669907310,뉴스토정20mg(로수바스타틴칼슘)_(20.8mg/1정),rosuvastatin
669908020,아바트리정5/80/10밀리그램_(1정),amlodipine
669908050,아바트리정5/160/20밀리그램_(1정),amlodipine
641802571,이리테신주(이리노테칸염산염)_(0.1g/5mL),irinotecan
670103290,부테롤패취1밀리그램(툴로부테롤)_(2.25X2.25㎠/1매),tulobuterol
670103950,타바스타정2밀리그램(피타바스타틴칼슘)_(2mg/1정),pitavastatin
670104910,크바젯정10/20밀리그램_(1정),ezetimibe
670104910,크바젯정10/20밀리그램_(1정),rosuvastatin
670105120,리바젯정10/10밀리그램_(1정),ezetimibe
670105460,자누아틴듀오정50/500밀리그램_(1정),metformin
647205941,온트론주2밀리그램/밀리리터(바이알)(온단세트론염산염)_(10mg/4mL),ondansetron
647203600,플루나졸캡슐(플루코나졸)_(50mg/1캡슐),fluconazole
59000140,디루칸캡슐(플루코나졸)_(50mg/1캡슐),fluconazole
649804370,에스토람정10밀리그램(에스시탈로프람옥살산염)_(12.77mg/1정),escitalopram
670304370,알리손연질캡슐10밀리그램(알리트레티노인)_(10mg/1캡슐),alitretinoin
670304650,아르젯정10/20밀리그램_(1정),atorvastatin
670304650,아르젯정10/20밀리그램_(1정),ezetimibe
670304660,아르젯정10/40밀리그램_(1정),atorvastatin
670502030,리바타로정2밀리그램(피타바스타틴칼슘수화물)_(2mg/1정),pitavastatin
670502340,리피아젯정10/10밀리그램_(1정),ezetimibe
670502350,리피아젯정10/20밀리그램_(1정),ezetimibe
646201140,싸이플록신정250밀리그램(시프로플록사신염산염수화물)_(0.291g/1정),ciprofloxacin
670606900,암로듀엣정5/10mg_(1정),amlodipine
670608730,에토르정10/10밀리그램_(1정),atorvastatin
653005840,파피온서방정(부프로피온염산염)_(0.15g/1정),bupropion
650500481,제일페티딘염산염주사액_(25mg/0.5mL),pethidine
670701950,마오렉스정1밀리그램(라사길린메실산염)_(1.56mg/1정),rasagiline
671706740,로바하이정10/160밀리그램_(1정),valsartan
671804840,크로우정20mg(로수바스타틴칼슘)_(20.8mg/1정),rosuvastatin
671806350,크로우젯정10/10밀리그램_(1정),ezetimibe
671806620,트리인원정40/5/10mg_(1정),telmisartan
671806841,콤포나콤팩트에어100/50_(60회),fluticasone
671806900,업타바캡슐_(1캡슐),pitavastatin
671807250,리토젯정10/20밀리그램_(1정),ezetimibe
671808240,"업타바서방정(피타바스타틴칼슘, 페노피브레이트콜린)_(1정)",choline fenofibrate
674401260,크레진정20밀리그램(로수바스타틴칼슘)_(20.8mg/1정),rosuvastatin
657805711,황몰핀주사10mg/mL(모르핀황산염수화물)_(10mg/1mL),morphine
678600480,자누믹스정50/850밀리그램_(1정),metformin
683100790,플루칸캡슐50밀리그램(플루코나졸)_(50mg/1캡슐),fluconazole
684501040,아바틴정20mg(아토르바스타틴칼슘삼수화물)_(21.69mg/1정),atorvastatin
684502050,아토이브정10/40밀리그램_(1정),ezetimibe
684502060,아토이브정10/20밀리그램_(1정),atorvastatin
689000430,아르테크정20밀리그램(아토르바스타틴칼슘수화물)_(21.7mg/1정),atorvastatin
689001790,자누그립틴듀오엑스알서방정100/1000밀리그램_(1정),sitagliptin
689001820,자누그립틴듀오정50/1000밀리그램_(1정),sitagliptin
642900300,레칼핀정10밀리그램(레르카니디핀염산염)_(10mg/1정),lercanidipine
642300341,도란찐주50밀리그람(트라마돌염산염)_(50mg/1mL),tramadol
693202540,글로시타포민서방정50/500밀리그램_(1정),sitagliptin
693903140,듀오스타정40/10밀리그램_(1정),telmisartan
693903390,셀토젯정10/20밀리그램_(1정),atorvastatin
694000800,대웅바이오아토르바스타틴정20밀리그램(아토르바스타틴칼슘삼수화물)_(21.69mg/1정),atorvastatin
694003660,칸데칸듀오정5/8밀리그램_(1정),candesartan cilexetil
647801121,삼진페니토인나트륨주사100밀리그램_(0.1g/2mL),phenytoin
697101030,아토르젯정10/20밀리그램_(1정),atorvastatin
697101090,토마토정5밀리그램(토파시티닙시트르산염)_(8.078mg/1정),tofacitinib
698504730,제티스토정10/10밀리그램_(1정),atorvastatin
698505110,"페노피타정(피타바스타틴칼슘, 페노피브레이트)_(1정)",fenofibrate
652607081,파리칼주(파리칼시톨)_(5μg/1mL),paricalcitol
698505120,테라칼시돌연질캡슐0.5마이크로그램(알파칼시돌)_(0.5㎍/1캡슐),alfacalcidol
52700260,라베나정10밀리그램(라베프라졸나트륨)_(10mg/1정),rabeprazole
52701080,알파스타틴정10밀리그램(아토르바스타틴칼슘삼수화물)_(10.85mg/1정),atorvastatin
57001570,아리톡연질캡슐10밀리그램(알리트레티노인)_(10mg/1캡슐),alitretinoin
57600360,대원바이오텍플루코나졸캡슐50mg(플루코나졸)_(50mg/1캡슐),fluconazole
57600870,아미젯정10/40밀리그램_(1정),atorvastatin
58800390,라피에스정20밀리그램(라베프라졸나트륨)_(20mg/1정),rabeprazole
59001170,다누메트엑스알서방정100/1000밀리그램_(1정),metformin
59600020,페북손정40밀리그램(페북소스타트)_(40mg/1정),febuxostat
59600290,로수박정10mg(로수바스타틴칼슘)_(10.4mg/1정),rosuvastatin
652100350,무노발정2.5밀리그람(펠로디핀)_(2.5mg/1정),felodipine
73001000,아토노바정5/10밀리그램_(1정),atorvastatin
73001280,로수토바정5밀리그램(로수바스타틴칼슘)_(5.2mg/1정),rosuvastatin
73400160,카듀엣정5mg/10mg_(1정),atorvastatin
73400190,카듀엣정10/20밀리그램_(1정),amlodipine
75700010,브루킨사캡슐80밀리그램(자누브루티닙)_(80mg/1캡슐),zanubrutinib
645103762,레프퀸인퓨전주(레보플록사신수화물)_(0.51246g/100mL),levofloxacin
655604440,파데나필정20밀리그램(실데나필시트르산염)_(28.09mg/1정),sildenafil
620500040,몰시톤정2밀리그램(몰시도민)_(2mg/1정),molsidomin
620500300,네비로스타정5/20밀리그램_(1정),nebivolol
620500370,네비로스타정1.25/5밀리그램_(1정),nebivolol
643506380,파텐션정20밀리그램(실데나필시트르산염)_(28.09mg/1정),sildenafil
620500460,엘탄서방정30밀리그램(묽은이소소르비드일질산염)_(33.335mg/1정),isosorbide mononitrate
648100580,루세틴캡슐(플루옥세틴염산염)_(22.4mg/1캡슐),fluoxetine
670602450,푸세틴캡슐(플루옥세틴염산염)_(22.4mg/1캡슐),fluoxetine
663608790,"리나맥스서방정5/1000밀리그램(리나글립틴, 메트포르민염산염)_(1정)",linagliptin
645907530,"리디포엠서방정2.5/1000밀리그램(리나글립틴,메트포르민염산염)_(1정)",metformin
621802290,아로스틴정10밀리그램(아토르바스타틴칼슘)_(10.36mg/1정),atorvastatin
621803080,아로스틴정20밀리그램(아토르바스타틴칼슘삼수화물)_(21.7mg/1정),atorvastatin
622804170,라베엠정10mg(라베프라졸나트륨)_(10mg/1정),rabeprazole
622804330,로수엠젯정10/10밀리그램_(1정),rosuvastatin
641908420,비알아픽스정2.5밀리그램(아픽사반)_(2.5mg/1정),apixaban
657202680,로바스로정20밀리그램(로수바스타틴칼슘(미분화))_(20.8mg/1정),rosuvastatin
640006740,비바코정10밀리그램(로수바스타틴칼슘)_(10.4mg/1정),rosuvastatin
653401910,로수탄정10밀리그램(로수바스타틴칼슘)_(10.4mg/1정),rosuvastatin
644500750,유유마이코부틴캡슐(리파부틴)_(0.15g/1캡슐),rifabutin
657203450,로나큐정8밀리그램(블로난세린)_(8mg/1정),blonanserin
645304031,쎄레빅스주사(포스페니토인나트륨)_(0.15g/2mL),fosphenytoin
641603000,베아자트엑스엘정(알푸조신염산염)_(10mg/1정),alfuzosin
625900130,빅타비정_(1정),emtricitabine
627600040,피엠에스리스페리돈정3밀리그램(리스페리돈)_(3mg/1정),risperidone
628800340,휴스타정10mg(아토르바스타틴칼슘삼수화물)_(10.85mg/1정),atorvastatin
628901040,이듀엣정5/10밀리그램_(1정),atorvastatin
628901100,로수반정5mg(로수바스타틴칼슘)_(5.2mg/1정),rosuvastatin
628901540,이바틴정2밀리그램(피타바스타틴칼슘수화물)_(2mg/1정),pitavastatin
628901960,"에브젯정10/20밀리그램(에제티미브, 아토르바스타틴)_(1정)",atorvastatin
629701131,오스타렌에프주(디클로페낙β-디메틸아미노에탄올)_(90mg/2mL),diclofenac-β-dimethyl-aminoethanol
629701460,모스캄캡슐(멜록시캄)_(7.5mg/1캡슐),meloxicam
640001181,이노엔15%만니톨주사액_(37.5g/250mL),d-mannitol
640007360,엑스원알정5/80/5밀리그램_(1정),rosuvastatin
643500540,레복사신정100밀리그램(레보플록사신수화물)_(0.1g/1정),levofloxacin
645402631,크라비트주(레보플록사신)_(0.75g/150mL),levofloxacin
640903720,에소파졸정20밀리그램(에스오메프라졸마그네슘이수화물)_(21.69mg/1정),esomeprazole
640904190,아토에정10/10밀리그램_(1정),atorvastatin
653800580,메토르민정(메트포르민염산염)_(0.5g/1정),metformin
641502740,로수바엘정10밀리그램(로수바스타틴칼슘)_(10.4mg/1정),rosuvastatin
641605690,올로스타정20/10밀리그램_(1정),rosuvastatin
57001580,핀플연질캡슐(이소트레티노인)_(10mg/1캡슐),isotretinoin
641607630,펙수클루정40밀리그램(펙수프라잔염산염)_(40mg/1정),fexuprazan
669502320,씨티신정(시프로플록사신염산염수화물)_(0.291g/1정),ciprofloxacin
662504073,씨프록주(시프로플록사신)_(0.4g/200mL),ciprofloxacin
641806930,로제케이정10/5밀리그램_(1정),ezetimibe
641906530,투베로정60/10밀리그램_(1정),rosuvastatin
641906540,투베로정60/5밀리그램_(1정),fimasartan
641907380,듀카로정30/5/10밀리그램_(1정),amlodipine
641908280,엘제로젯정4/10밀리그램_(1정),pitavastatin
642105220,로수암핀정20/5밀리그램_(1정),amlodipine
642105330,듀오웰에이정80/5/5밀리그램_(1정),telmisartan
642105640,유한리바록사반정2.5밀리그램_(2.5mg/1정),rivaroxaban
642105670,에소피드정20/600밀리그램_(1정),esomeprazole
642105730,유한리바록사반정15밀리그램_(15mg/1정),rivaroxaban
642105820,듀오웰플러스정80/5/10밀리그램_(1정),ezetimibe
642105840,듀오웰플러스정40/10/10밀리그램_(1정),rosuvastatin
642105850,듀오웰플러스정40/5/10밀리그램_(1정),ezetimibe
642106070,"아토바미브정10/5밀리그램(에제티미브, 아토르바스타틴칼슘삼수화물)_(1정)",atorvastatin
642106410,"유한피타바노정2/145밀리그램(피타바스타틴칼슘, 페노피브레이트)_(1정)",pitavastatin
642106410,"유한피타바노정2/145밀리그램(피타바스타틴칼슘, 페노피브레이트)_(1정)",fenofibrate
670606950,프록사신바이정(시프로플록사신염산염수화물)_(0.291g/1정),ciprofloxacin
657202460,환인레보플록사신정100밀리그램(레보플록사신수화물)_(0.1g/1정),levofloxacin
645101422,메트리날주(메트로니다졸제제)_(0.5g/100mL/병(PP)),metronidazole
642200970,부광이소맥지속성캡슐(이소소르비드이질산염지속과립)_(20mg/1캡슐),isosorbide dinitrate
642307401,삼성메로페넴주1그램(메로페넴수화물)_(1g/1병),meropenem
642201710,오르필서방정300밀리그램(발프로산나트륨)_(0.3g/1정),sodium valproate
651504241,하원메로페넴주1g(메로페넴수화물)_(1g/1병),meropenem
643304921,메카펨주500밀리그램(메로페넴수화물)_(0.5g/1병),meropenem
690303631,비엘메로펨주1그램(메로페넴수화물)_(1.208g/1병),meropenem
629701741,오스페넴주1g(메로페넴수화물)_(1g/1병),meropenem
643505171,오로페넴주500밀리그램(메로페넴수화물)_(0.604g/1병),meropenem
642203670,부광로수바스타틴칼슘정20밀리그램_(20.8mg/1정),rosuvastatin
642203970,부소메졸정20mg(에스오메프라졸마그네슘삼수화물)_(22.25mg/1정),esomeprazole
642307310,삼성로수바스타틴정20밀리그램(로수바스타틴칼슘)_(20.8mg/1정),rosuvastatin
642405190,"아토바진플러스정10/20밀리그램(에제티미브,아토르바스타틴칼슘삼수화물)_(1정)",ezetimibe
642507560,"라비듀오정10/500밀리그램(라베프라졸나트륨,탄산수소나트륨)_(1정)",rabeprazole
652603920,리노에스티나서방캡슐_(1캡슐),ebastine
642105260,아나그레캡슐1밀리그램(아나그렐리드염산염)_(1.22mg/1캡슐),anagrelide
659901450,모비졸로정2밀리그램(프루칼로프라이드숙신산염)_(2.642mg/1정),prucalopride
653801760,신코나졸캡슐(플루코나졸)_(50mg/1캡슐),fluconazole
642706390,디에스오정40밀리그램(에스오메프라졸마그네슘이수화물)_(43.38mg/1정),esomeprazole
642800510,리포메트정10밀리그램(아토르바스타틴칼슘삼수화물)_(10.85mg/1정),atorvastatin
642905500,텔로스톱정80/10밀리그램_(1정),rosuvastatin
642905930,드롭탑정10/20밀리그램_(1정),ezetimibe
643201480,카로디엣정5mg/20mg_(1정),atorvastatin
648500340,디스토시드정(프라지콴텔)군납명:프라지콴텔정_(0.6g/1정),praziquantel
665002850,아픽솔정5밀리그램(아픽사반)_(5mg/1정),apixaban
653101501,큐프린주(노르에피네프린타르타르산염수화물)_(8mg/4mL),norepinephrine
651602270,바이리프정(테노포비르디소프록실)_(0.245g/1정),tenofovir disoproxil
643308700,텔미트렌에스정40/5밀리그램_(1정),telmisartan
643308930,칸타벨에이정16/5/10밀리그램_(1정),atorvastatin
643308980,텔미로젯정40/10/10밀리그램_(1정),ezetimibe
643504640,스무디핀정100밀리그램(쿠에티아핀푸마르산염)_(0.11513g/1정),quetiapine
643506680,"로벨리토정150/10밀리그램(이르베사르탄,아토르바스타틴)_(1정)",atorvastatin
643507280,로수젯정10/5밀리그램_(1정),rosuvastatin
643507600,리록스반정2.5밀리그램(리바록사반)_(2.5mg/1정),rivaroxaban
643507830,"아모잘탄큐정5/50/5밀리그램(암로디핀,로사르탄,로수바스타틴)_(1정)",losartan
643507860,"아모잘탄큐정5/100/10밀리그램(암로디핀,로사르탄,로수바스타틴)_(1정)",rosuvastatin
643508340,아모잘탄엑스큐정 5/50/5/10밀리그램_(1정),rosuvastatin
643508360,아모잘탄엑스큐정 5/50/10/10밀리그램_(1정),amlodipine
643509010,아모잘탄엑스큐정 5/100/2.5/10밀리그램_(1정),amlodipine
643605340,네오아토정10밀리그램(아토르바스타틴칼슘수화물)_(10.85mg/1정),atorvastatin
643605400,로타칸정 10/8밀리그램_(1정),candesartan cilexetil
643606180,네오록사반정15밀리그램(리바록사반)_(15mg/1정),rivaroxaban
643606240,로제텔정40/20/10밀리그램_(1정),rosuvastatin
643606240,로제텔정40/20/10밀리그램_(1정),ezetimibe
643606260,로제텔정40/10/10밀리그램_(1정),telmisartan
643606400,로제텔핀정40/5/10/5밀리그램_(1정),amlodipine
643606450,로제텔핀정40/10/10/5밀리그램_(1정),ezetimibe
644004340,바로스타틴정40밀리그램(아토르바스타틴칼슘삼수화물)_(43.38mg/1정),atorvastatin
644308470,뉴펙스정10밀리그램(아토르바스타틴칼슘수화물)_(10.85mg/1정),atorvastatin
644309610,에제토바정10/10밀리그램_(1정),ezetimibe
644309610,에제토바정10/10밀리그램_(1정),atorvastatin
644309690,아트맥콤비젤연질캡슐5/1000밀리그램_(1캡슐),omega-3-acid ethyl esters90
644309690,아트맥콤비젤연질캡슐5/1000밀리그램_(1캡슐),atorvastatin
644309761,이리노주(이리노테칸염산염)_(0.1g/5mL),irinotecan
644503160,유로바젯정10/10밀리그램_(1정),rosuvastatin
644503170,유로바젯정10/5밀리그램_(1정),rosuvastatin
644503220,뉴마코알연질캡슐_(1캡슐),omega-3-acid ethyl esters90
644704860,토스젯정10/20밀리그램_(1정),ezetimibe
644704870,토스젯정10/40밀리그램_(1정),atorvastatin
644900790,리바로정1밀리그램(피타바스타틴칼슘)_(1mg/1정),pitavastatin
645300911,카데프엘릭서(디곡신)_(5mg/100mL),digoxin
644902341,제이더블유중외제약글루콘산칼슘주사액_(2.084g/20mL),calcium
644913930,리바로브이정4/160밀리그램_(1정),valsartan
644914960,리바로젯정2/10밀리그램_(1정),ezetimibe
644915380,"리바로페노캡슐2/110밀리그램(피타바스타틴칼슘수화물, 페노피브릭산)_(1캡슐)",fenofibric acid
644915550,"리바로젯정1/10밀리그램(피타바스타틴칼슘, 에제티미브)_(1정)",pitavastatin
645100401,대한디-만니톨주사액(15%)_(15g/100mL),d-mannitol
645210490,아젯탐정10/10밀리그램_(1정),atorvastatin
645304960,자이자핀정5밀리그램(올란자핀)_(5mg/1정),olanzapine
645404550,로제듀오정10/5밀리그램_(1정),rosuvastatin
645405200,제이로수정5밀리그램(로수바스타틴칼슘)_(5.2mg/1정),rosuvastatin
645405210,제이로수정10밀리그램(로수바스타틴칼슘)_(10.4mg/1정),rosuvastatin
645405790,로제코연질캡슐_(1캡슐),rosuvastatin
645405830,리피토플러스정10/20밀리그램_(1정),atorvastatin
645406170,텔미칸큐정40/10/10/5밀리그램_(1정),rosuvastatin
671802730,원플록신정(레보플록사신수화물)_(0.1g/1정),levofloxacin
653401660,아세탈정(아세클로페낙)_(0.1g/1정),aceclofenac
642302610,아세크로나정(아세클로페낙)_(0.1g/1정),aceclofenac
55800200,록소프론정60밀리그램(록소프로펜나트륨수화물)_(68.1mg/1정),loxoprofen
671805020,엔쎄콕캡슐200mg(세레콕시브)_(0.2g/1캡슐),celecoxib
649701520,지엘아세클로페낙정100밀리그램_(0.1g/1정),aceclofenac
670400870,휴니즈멜록시캄캡슐7.5mg_(7.5mg/1캡슐),meloxicam
648603941,디클로라주(디클로페낙β-디메틸아미노에탄올)_(90mg/2mL),diclofenac-β-dimethyl-aminoethanol
647804260,크리콕스캡슐100밀리그램(세레콕시브)_(0.1g/1캡슐),celecoxib
645903100,티나졸캡슐(플루코나졸)_(50mg/1캡슐),fluconazole
645906510,피에프캡슐_(1캡슐),fenofibrate
643310311,그라벨라1.5%에스디점안액(레보플록사신수화물)(1회용)_(6mg/0.4mL),levofloxacin
643305040,에스시탈정10밀리그램(에스시탈로프람옥살산염)_(12.77mg/1정),escitalopram
648601250,아포낙정(아세클로페낙)_(0.1g/1정),aceclofenac
693900040,셀트리온아세클로페낙정_(0.1g/1정),aceclofenac
641606020,쎄레노직캡슐200밀리그램(세레콕시브)_(0.2g/1캡슐),celecoxib
645604490,콕스렌캡슐(세레콕시브)_(0.2g/1캡슐),celecoxib
648101510,에이서캡슐(아세클로페낙)_(0.1g/1캡슐),aceclofenac
671700970,카나펜정(아세클로페낙)_(0.1g/1정),aceclofenac
646003850,로수테롤정20밀리그램(로수바스타틴칼슘)_(20.8mg/1정),rosuvastatin
646005070,로바르탄정5/80밀리그램_(1정),rosuvastatin
646005080,로바르탄정10/80밀리그램_(1정),rosuvastatin
646005120,"로수에제정10/5밀리그램(에제티미브,로수바스타틴칼슘)_(1정)",ezetimibe
646005550,피타테롤정1밀리그램(피타바스타틴칼슘)_(1mg/1정),pitavastatin
646005890,칼시오스연질캡슐1마이크로그램(알파칼시돌)_(1㎍/1캡슐),alfacalcidol
684501020,푸로칸캡슐(플루코나졸)_(50mg/1캡슐),fluconazole
662503992,레폭사신주(레보플록사신수화물)_(0.51246g/100mL),levofloxacin
694000630,대웅라베프라졸정10밀리그램(라베프라졸나트륨)_(10mg/1정),rabeprazole
661605030,알피에소정20mg(에스오메프라졸마그네슘이수화물)_(21.69mg/1정),esomeprazole
647803880,라베올정10밀리그램(라베프라졸나트륨)_(10mg/1정),rabeprazole
643302060,오엠피정40밀리그램(오메프라졸)_(40mg/1정),omeprazole
669501540,에소리움정40mg(에스오메프라졸마그네슘이수화물)(수출명: FRIGERD tablet 40mg)_(43.38mg/1정),esomeprazole
664901230,오메푸졸캡슐(오메프라졸)_(20mg/1캡슐),omeprazole
657200530,에필렙톨씨알정(카르바마제핀)_(0.2g/1정),carbamazepine
677200190,아드바그랍서방캡슐1밀리그램(타크로리무스)_(1mg/1캡슐),tacrolimus
647304750,"피타에프정(피타바스타틴칼슘, 페노피브레이트)_(1정)",pitavastatin
644703740,쎌스크캡슐200밀리그램(세레콕시브)_(0.2g/1캡슐),celecoxib
643500950,메록스캄캡슐15밀리그램(멜록시캄)_(15mg/1캡슐),meloxicam
670400900,휴니즈아세클로페낙정_(0.1g/1정),aceclofenac
647804690,뉴스타틴티에스정80/10/20mg_(1정),amlodipine
647804860,뉴스타틴듀오캡슐_(1캡슐),fenofibrate
648602760,씨엠지펜톡시필린서방정400mg(펜톡시필린)_(0.4g/1정),pentoxifylline
641805780,셀비콕스캡슐200밀리그램(세레콕시브)_(0.2g/1캡슐),celecoxib
645100491,대한디클로페낙주(디클로페낙나트륨)_(75mg/2mL),diclofenac
642306400,삼성록소프로펜나트륨정(록소프로펜나트륨수화물)_(68.1mg/1정),loxoprofen
648102590,아토디핀정_(1정),amlodipine
648104560,발트리오정5/160/10밀리그램_(1정),amlodipine
648104710,아토브젯정10/40밀리그램_(1정),atorvastatin
648104710,아토브젯정10/40밀리그램_(1정),ezetimibe
648203710,유영아스피린장용정100mg_(0.1g/1정),aspirin
648204460,유록사반정20밀리그램(리바록사반)_(20mg/1정),rivaroxaban
694000720,웅코나졸캡슐50밀리그램(플루코나졸)_(50mg/1캡슐),fluconazole
648502960,익스트림정40밀리그램(판토프라졸나트륨세스키히드레이트)_(45.1mg/1정),pantoprazole
648506820,바토르정10밀리그램(아토르바스타틴칼슘삼수화물)_(10.85mg/1정),atorvastatin
648508240,콜로스타정2.5밀리그램(로수바스타틴칼슘)_(2.6mg/1정),rosuvastatin
647804830,엘사반정5밀리그램(아픽사반)_(5mg/1정),apixaban
648902981,화이자빈크리스틴황산염주1mg/mL_(1mg/1mL),vincristine
699917050,아산화질소,nitrous oxide
645302801,한림펜타닐주사(구연산펜타닐)_(1.57mg/20mL/앰플),fentanyl
657802281,하나구연산펜타닐주사_(0.785mg/10mL/앰플),fentanyl
641907610,보령탐스로신염산염서방정0.4밀리그램_(0.4mg/1정),tamsulosin
694003760,바렐토정2.5밀리그램(리바록사반)_(2.5mg/1정),rivaroxaban
694003090,베아로신서방정0.4밀리그램(탐스로신염산염)_(0.4mg/1정),tamsulosin
654701840,케라픽스정(클로피도그렐황산수소염)_(97.875mg/1정),clopidogrel bisulfate
641701940,일양클로피도그렐정75밀리그램(클로피도그렐황산염)_(97.875mg/1정),clopidogrel bisulfate
644502480,유그렐정(클로피도그렐황산염)_(97.875mg/1정),clopidogrel bisulfate
648301250,케이플라정(클로피도그렐황산염)_(97.875mg/1정),clopidogrel bisulfate
640004920,젝사트론엑스엘정(알푸조신염산염)_(10mg/1정),alfuzosin
642003460,현대탐스로신염산염캡슐_(0.2mg/1캡슐),tamsulosin
643200110,동성레보플록사신정(레보플록사신수화물)_(0.1g/1정),levofloxacin
651601790,레크로신정(레보플록사신수화물)_(0.1g/1정),levofloxacin
649102690,로바로우정2밀리그램(피타바스타틴칼슘)_(2mg/1정),pitavastatin
651503540,독시정(독시사이클린수화물)_(0.1g/1정),doxycycline
649105010,듀오텔미정80/5밀리그램_(1정),rosuvastatin
649105110,크레칸데정10/16밀리그램_(1정),candesartan cilexetil
649105360,엑스크레스바정5/80/5밀리그램_(1정),rosuvastatin
649106070,"듀오텔미플러스정80/5/10밀리그램(텔미사르탄,암로디핀,로수바스타틴)_(1정)",rosuvastatin
649106110,"듀오텔미플러스정40/5/5밀리그램(텔미사르탄, 암로디핀, 로수바스타틴)_(1정)",amlodipine
649501881,오스베타주2밀리리터(디클로페낙베타디메틸아미노에탄올)_(90mg/2mL),diclofenac-β-dimethyl-aminoethanol
649502850,유니콕스캡슐7.5밀리그램(멜록시캄)_(7.5mg/1캡슐),meloxicam
649508080,토바젯정10/20밀리그램_(1정),atorvastatin
649605870,로바듀엣정10/10밀리그램_(1정),ezetimibe
651200330,로이드정(록시트로마이신)(수출명:삼천당록시트로마이신정150㎎)_(0.15g/1정),roxithromycin
622805250,록시엠정(록시트로마이신)_(0.15g/1정),roxithromycin
649701740,리피노정20밀리그램(아토르바스타틴칼슘삼수화물)_(21.69mg/1정),atorvastatin
657500190,다이야펜정400밀리그램(이부프로펜)_(0.4g/1정),ibuprofen
647204040,멜록캄캡슐7.5밀리그램(멜록시캄)_(7.5mg/1캡슐),meloxicam
649502440,유니세탈정(아세클로페낙)_(0.1g/1정),aceclofenac
653402650,멜시빅캡슐7.5밀리그램(멜록시캄)_(7.5mg/1캡슐),meloxicam
649807090,로젯정10/20밀리그램_(1정),ezetimibe
649807100,로젯정10/5밀리그램_(1정),ezetimibe
644902311,중외5-에프유주(플루오로우라실)_(0.5g/10mL),5-fluorouracil
649807220,테고캡슐25_(1캡슐),tegafur
649807560,텔미로브정40/10밀리그램_(1정),telmisartan
649807570,텔미로브정40/5밀리그램_(1정),telmisartan
649808100,이부콜벤정200밀리그램(이부프로펜)_(0.2g/1정),ibuprofen
649808240,텔미원스플러스정80/5/5밀리그램_(1정),rosuvastatin
625900110,데스코비정 200/10 mg_(1정),emtricitabine
650001210,컴비비어정_(1정),zidovudine
650003160,알리톡연질캡슐10밀리그램(알리트레티노인)_(10mg/1캡슐),alitretinoin
641908060,"트루다파엠서방정10/1000밀리그램(다파글리플로진,메트포르민)_(1정)",metformin
650200330,라베톤정20밀리그람(라베프라졸나트륨)_(20mg/1정),rabeprazole
650205130,페바로에프캡슐_(1캡슐),fenofibrate
650206040,페바로젯정2/10밀리그램_(1정),pitavastatin
650303360,트루스타정40/10밀리그램_(1정),telmisartan
650303390,트루스타정80/10밀리그램_(1정),rosuvastatin
650304240,진토젯정10/20밀리그램_(1정),ezetimibe
645404480,트리도파정100/25/200밀리그램_(1정),entacapone
652606890,스타레보필름코팅정75/18.75/200밀리그램_(1정),carbidopa
649807151,명문시프로플록사신주사_(0.4g/200mL),ciprofloxacin
643901310,이뮤란정(아자티오프린)_(50mg/1정),azathioprine
651205700,아토로우플러스정10/20밀리그램_(1정),atorvastatin
651300720,아토잘정20밀리그램(아토르바스타틴칼슘삼수화물)_(21.7mg/1정),atorvastatin
651501730,프로난캡슐(플루코나졸)_(50mg/1캡슐),fluconazole
659600051,노르아드레나린0.1%(주석산수소노르에피네프린)_(8mg/4mL),norepinephrine
651601570,네오날린패취2밀리그램(툴로부테롤)_(3.2X3.2㎠/1매),tulobuterol
651900770,명인클로르프로마진염산염정200mg_(0.2g/1정),chlorpromazine
649400470,로세탄캡슐(플루옥세틴염산염)_(22.4mg/1캡슐),fluoxetine
60500070,메가플나졸캡슐(플루코나졸)_(50mg/1캡슐),fluconazole
660701110,위더스레보플록사신정100밀리그램(레보플록사신수화물)_(0.1g/1정),levofloxacin
625200270,하이록신정500mg(레보플록사신수화물)_(0.5123g/1정),levofloxacin
642902820,아지탑스정250밀리그램(아지트로마이신수화물)_(0.26203g/1정),azithromycin
641602921,대웅아지트로마이신건조시럽(아지트로마이신)_(0.6g/15mL),azithromycin
652606140,렉사젠정10밀리그램(에스시탈로프람옥살산염)_(12.77mg/1정),escitalopram
651904240,트리레보정75/18.75/200mg_(1정),levodopa
628901570,이프람정20밀리그램(에스시탈로프람옥살산염)_(25.54mg/1정),escitalopram
645905241,동광메로페넴주1g(메로페넴삼수화물)_(1g/1병),meropenem
651904280,큐로켈서방정150밀리그램(쿠에티아핀푸마르산염)_(0.17268g/1정),quetiapine
651904310,큐로켈서방정400밀리그램(쿠에티아핀푸마르산염)_(0.46048g/1정),quetiapine
651904500,리스펜오디정1밀리그램(리스페리돈)_(1mg/1정),risperidone
651904650,자나팜정0.125밀리그램(알프라졸람)_(0.125mg/1정),alprazolam
651904950,명인리바록사반정2.5밀리그램_(2.5mg/1정),rivaroxaban
657200500,에나폰정10밀리그램(아미트리프틸린염산염)_(10mg/1정),amitriptyline
652100190,"데파킨크로노정500밀리그램_(발프로산나트륨, 0.5g/1정)",sodium valproate
643504270,레복사신정500밀리그램(레보플록사신수화물)_(0.5125g/1정),levofloxacin
652604920,로제티브정10/10밀리그램_(1정),ezetimibe
652607330,로레스토정2.5밀리그램(로수바스타틴칼슘(미분화))_(2.6mg/1정),rosuvastatin
659901820,아자비오정12.5밀리그램(아자티오프린)_(12.5mg/1정),azathioprine
652900180,다이플루캅셀(플루코나졸)_(50mg/1캡슐),fluconazole
652900780,아토르정10밀리그램(아토르바스타틴칼슘삼수화물)_(10.85mg/1정),atorvastatin
652903560,크레스틴정20밀리그램(로수바스타틴칼슘)_(20.8mg/1정),rosuvastatin
652904370,서울페북소스타트정40밀리그램_(40mg/1정),febuxostat
653005080,리반틴정10밀리그램(아토르바스타틴칼슘수화물)_(10.85mg/1정),atorvastatin
645403371,뉴로페넴주500mg(메로페넴수화물)_(0.5g/1병),meropenem
648200460,목시캄캡슐(멜록시캄)_(7.5mg/1캡슐),meloxicam
59000130,록소프로정(록소프로펜나트륨수화물)_(68.1mg/1정),loxoprofen
670500591,비알이부펜시럽(이부프로펜)_(10g/500mL),ibuprofen
653802160,엑시캄캡슐7.5밀리그람(멜록시캄)_(7.5mg/1캡슐),meloxicam
650201700,애니펜정300밀리그램(덱시부프로펜)_(0.3g/1정),dexibuprofen
648507780,컴팩테노정(테노포비르디소프록실푸마르산염)_(0.3g/1정),tenofovir disoproxil
653403740,로수탄젯정10/10밀리그램_(1정),ezetimibe
653404760,아토반듀오정10/10밀리그램_(1정),ezetimibe
644302011,"씨록주사2mg/ml(시프로플록사신)(수출명:CyrocinInj.2mg/ml,CipicinInj.2mg/ml)_(0.2g/100mL)",ciprofloxacin
640006650,모벨록신정400밀리그램(목시플록사신염산염)_(0.4368g/1정),moxifloxacin
653800990,신일디클로페낙나트륨정_(25mg/1정),diclofenac
653805810,로타젯정10/10밀리그램_(1정),ezetimibe
654001100,아주오메프라졸캡슐_(20mg/1캡슐),omeprazole
654004750,크레트롤정10/20밀리그램_(1정),rosuvastatin
654005680,올피토젯정10/40밀리그램_(1정),atorvastatin
654305190,아르틴정20밀리그램(아토르바스타틴칼슘수화물)_(21.7mg/1정),atorvastatin
655403180,크로스타정5밀리그램(로수바스타틴칼슘)_(5.2mg/1정),rosuvastatin
655404220,일성리바록사반정20밀리그램_(20mg/1정),rivaroxaban
655404780,"텔미트리원정80/5/10밀리그램(텔미사르탄,암로디핀,로수바스타틴)_(1정)",amlodipine
655404790,"텔미트리원정80/5/5밀리그램(텔미사르탄,암로디핀,로수바스타틴)_(1정)",rosuvastatin
655404820,"피타노펜정2/145밀리그램(피타바스타틴칼슘,페노피브레이트)_(1정)",pitavastatin
655605310,한토젯정10/20밀리그램_(1정),ezetimibe
656003670,아르바정20mg(아토르바스타틴칼슘수화물)_(21.69mg/1정),atorvastatin
656004250,패북소정40밀리그램(페북소스타트)_(40mg/1정),febuxostat
656005740,"크레비스타정2.5/10밀리그램(네비보롤,로수바스타틴)_(1정)",rosuvastatin
657200480,알프람정0.4밀리그램(알프라졸람)_(0.4mg/1정),alprazolam
657200490,알프람정0.5밀리그램(알프라졸람)_(0.5mg/1정),alprazolam
643103340,록소스타정(록소프로펜나트륨수화물)_(68.1mg/1정),loxoprofen
643904230,"원도파정12.5/50밀리그램(벤세라지드, 레보도파)_(1정)",levodopa
668000050,렉사프로정20밀리그람 (에스시탈로프람옥살산염)_(25.54mg/1정),escitalopram
645404910,트리도파정200/50/200밀리그램_(1정),carbidopa
651902180,티세르신정100밀리그램(레보메프로마진말레산염)_(0.1353g/1정),levomepromazine
657300510,동구레보플록사신수화물정100mg_(0.10249g/1정),levofloxacin
642505820,렉사큐어정5밀리그램(에스시탈로프람옥살산염)_(6.39mg/1정),escitalopram
652606910,스타레보필름코팅정200/50/200밀리그램_(1정),carbidopa
645404910,트리도파정200/50/200밀리그램_(1정),entacapone
652606870,스타레보필름코팅정50/12.5/200밀리그램_(1정),levodopa
648104720,아마이신정250밀리그램(아지트로마이신수화물)_(0.26203g/1정),azithromycin
651905330,뉴프람오디정20밀리그램(에스시탈로프람옥살산염)_(25.54mg/1정),escitalopram
653102630,퀴녹스정400밀리그램(목시플록사신염산염)_(0.4368g/1정),moxifloxacin
642802330,시타프렉스정5밀리그램(에스시탈로프람옥살산염)_(6.39mg/1정),escitalopram
73400090,젤독스캡슐20밀리그램(염산지프라시돈일수화물)_(22.65mg/1캡슐),ziprasidone
651903850,뉴프람정15밀리그램(에스시탈로프람옥살산염)_(19.155mg/1정),escitalopram
657202670,로바스로정5밀리그램(로수바스타틴칼슘(미분화))_(5.2mg/1정),rosuvastatin
657203100,콤비로칸정10/8밀리그램_(1정),rosuvastatin
657203110,콤비로칸정10/16밀리그램_(1정),rosuvastatin
657203350,콤비로칸정5/16밀리그램_(1정),candesartan cilexetil
650500061,마리트롤주(트라마돌염산염)_(50mg/1mL),tramadol
657203610,콤비로제정10/10밀리그램_(1정),rosuvastatin
657203790,콤비젯정10/20밀리그램_(1정),atorvastatin
657500460,미래시프로플록사신정_(0.25g/1정),ciprofloxacin
694205700,싸이플록정250밀리그램(시프로플록사신염산염수화물)_(0.291g/1정),ciprofloxacin
657307080,로스바탄정5밀리그램(로수바스타틴칼슘)_(5.2mg/1정),rosuvastatin
670103910,우리큐탄연질캡슐(이소트레티노인)_(10mg/1캡슐),isotretinoin
657308370,로바이지정10/5밀리그램_(1정),ezetimibe
657308480,제트스탄정10/40밀리그램_(1정),atorvastatin
656202380,록소켐정(록소프로펜나트륨수화물)_(68.1mg/1정),loxoprofen
693202210,콕스그린캡슐100밀리그램(세레콕시브)_(0.1g/1캡슐),celecoxib
654004520,아나콕스캡슐200밀리그램(세레콕시브)_(0.2g/1캡슐),celecoxib
645701500,로부펜정(록소프로펜나트륨수화물)_(68.1mg/1정),loxoprofen
648100421,라이낙주(디클로페낙나트륨)_(75mg/2mL),diclofenac
698502171,맥스프로펜시럽(덱시부프로펜)_(6g/500mL),dexibuprofen
663602500,프리메정(덱시부프로펜디.씨)_(0.3g/1정),dexibuprofen
657804480,듀오디핀정_(1정),atorvastatin
657804480,듀오디핀정_(1정),amlodipine
650500491,제일페티딘염산염주사액_(50mg/1mL),pethidine
657807380,올프로정20/10밀리그램_(1정),olmesartan medoxomil
657807670,오메가원플러스연질캡슐_(1캡슐),rosuvastatin
657808210,"칸데로원정10/16밀리그램(로수바스타틴, 칸데사르탄)_(1정)",rosuvastatin
657808360,"텔미디핀알정80/5/5밀리그램(텔미사르탄, 암로디핀, 로수바스타틴)_(1정)",amlodipine
657808370,"텔미디핀알정40/5/5밀리그램(텔미사르탄, 암로디핀, 로수바스타틴)_(1정)",telmisartan
658602010,아듀오정5mg/10mg_(1정),atorvastatin
645600850,록사트론정(록소프로펜나트륨수화물)_(68.1mg/1정),loxoprofen
654303510,오스틴이부프로펜정400밀리그람_(0.4g/1정),ibuprofen
52700190,세로콕캡슐200밀리그램(세레콕시브)_(0.2g/1캡슐),celecoxib
645406490,쎄레브린즈캡슐200밀리그램(세레콕시브)_(0.2g/1캡슐),celecoxib
52400960,메디브렉스캡슐100mg(세레콕시브)_(0.1g/1캡슐),celecoxib
658700760,제포시아캡슐0.92밀리그램(오자니모드염산염)_(1mg/1캡슐),ozanimod
648204180,루칼로정1밀리그램(프루칼로프라이드숙신산염)_(1.321mg/1정),prucalopride
669700060,이노코나졸캡슐(플루코나졸)_(50mg/1캡슐),fluconazole
651602530,한화에스시탈로프람정10밀리그램(에스시탈로프람옥살산염)_(12.77mg/1정),escitalopram
658602690,카니트론정1밀리그램(그라니세트론염산염)_(1.1mg/1정),granisetron
658106420,레보나정100밀리그램(레보플록사신수화물)_(0.10249g/1정),levofloxacin
665504901,프로신주(레보플록사신수화물)_(0.51246g/100mL),levofloxacin
660701020,오프라캡슐(오메프라졸)_(20mg/1캡슐),omeprazole
660703590,듀로텔정40/5밀리그램_(1정),telmisartan
660704010,"타스페노캡슐(피타바스타틴칼슘,페노피브레이트)_(1캡슐)",pitavastatin
59000710,시프로사정(시프로플록사신염산염수화물)_(0.291g/1정),ciprofloxacin
653005120,파마벤라팍신서방캡슐75밀리그램(벤라팍신염산염)_(84.84mg/1캡슐),venlafaxine
661904380,리스펠돈정2mg(리스페리돈)_(2mg/1정),risperidone
665002840,아픽솔정2.5밀리그램(아픽사반)_(2.5mg/1정),apixaban
652500352,퍼마곤주120밀리그램(데가렐릭스)_(0.128g/1병),degarelix
644901700,원플루캡슐(플루코나졸)_(50mg/1캡슐),fluconazole
57000410,씨큐로바이정(시프로플록사신염산염수화물)_(0.291g/1정),ciprofloxacin
658501800,플루코스졸캡슐50밀리그램(플루코나졸)_(50mg/1캡슐),fluconazole
73400040,"이팩사엑스알서방캡슐37.5밀리그램_(벤라팍신염산염, 42.43mg/1캡슐)",venlafaxine
662503720,로수민정20밀리그램(로수바스타틴칼슘)_(20.8mg/1정),rosuvastatin
662504650,에티젯정10/10밀리그램_(1정),ezetimibe
662504670,에티젯정10/40밀리그램_(1정),ezetimibe
653405640,아피가반정5밀리그램(아픽사반)_(5mg/1정),apixaban
663606060,리스테롤정20밀리그램(아토르바스타틴칼슘수화물)_(21.7mg/1정),atorvastatin
663608250,로수에젯정10/5밀리그램_(1정),ezetimibe
663608320,로수바코연질캡슐_(1캡슐),rosuvastatin
664102690,아토르바디드정20밀리그램(아토르바스타틴칼슘수화물)_(21.7mg/1정),atorvastatin
669604780,아이셀콕캡슐200밀리그램(세레콕시브)_(0.2g/1캡슐),celecoxib
645403280,에이펙스정(아세클로페낙)_(0.1g/1정),aceclofenac
647301150,펜렉스정(록소프로펜나트륨수화물)_(68.1mg/1정),loxoprofen
646201260,아세젠정(아세클로페낙)_(0.1g/1정),aceclofenac
665507950,유니온툴로부테롤패취0.5밀리그램_(2.5㎠/1매),tulobuterol
697100020,칼시본연질캡슐(칼시트리올)_(0.25㎍/1캡슐),calcitriol
666300391,"크리스비타주사액10밀리그램(부로수맙,유전자재조합)_(10mg/1병)",burosumab
668902900,로바티탄정5/160밀리그램_(1정),rosuvastatin
669700220,오메라핀캡슐(오메프라졸)_(20mg/1캡슐),omeprazole
625200350,칸디노캡슐(플루코나졸)_(50mg/1캡슐),fluconazole
646200110,네보락신정(레보플록사신수화물)_(0.1g/1정),levofloxacin
641704740,디무로칸정150밀리그램(플루코나졸)_(0.15g/1정),fluconazole
643702360,트리티코정25밀리그람(트라조돈염산염)_(25mg/1정),trazodone
690301020,플루라온캡슐150밀리그램(플루코나졸)_(0.15g/1캡슐),fluconazole
680900190,릭시아나정15밀리그램(에독사반토실산염수화물)_(20.205mg/1정),edoxaban
670104900,크바젯정10/5밀리그램_(1정),ezetimibe
645405120,제프람정5밀리그램(에스시탈로프람옥살산염)_(6.39mg/1정),escitalopram
643200590,싸이프로정(시프로플록사신염산염)_(0.291g/1정),ciprofloxacin
629700781,시프록스주(시프로플록사신)_(0.4g/200mL),ciprofloxacin
653402720,플루코졸캡슐50밀리그램(플루코나졸)_(50mg/1캡슐),fluconazole
648200130,디나졸캡슐(플루코나졸)_(50mg/1캡슐),fluconazole
651903250,코팩사엑스알서방캡슐37.5mg(벤라팍신염산염)_(42.42mg/1캡슐),venlafaxine
651504231,하원레보플록사신주(레보플록사신수화물)_(0.76869g/150mL),levofloxacin
674400920,씨록탄정500밀리그램(시프로플록사신염산염수화물)_(0.582g/1정),ciprofloxacin
665000330,마이코나졸캡슐(플루코나졸)_(50mg/1캡슐),fluconazole
694000300,베아신정250밀리그램(시프로플록사신염산염수화물)_(0.291g/1정),ciprofloxacin
670304500,로미젯정10/5밀리그램_(1정),ezetimibe
670401450,크레로스정5mg(로수바스타틴칼슘)_(5.2mg/1정),rosuvastatin
670501620,멜록시카캡슐7.5밀리그램(멜록시캄)_(7.5mg/1캡슐),meloxicam
670608750,에토르정10/40밀리그램_(1정),ezetimibe
650000090,나라믹정2.5밀리그램(나라트립탄염산염)_(2.78mg/1정),naratriptan
670702280,아카돌연질캡슐0.5마이크로그램(알파칼시돌)_(0.5㎍/1캡슐),alfacalcidol
671706730,로바하이정10/80밀리그램_(1정),rosuvastatin
671706940,하이포지에이정5/160/10밀리그램_(1정),valsartan
671706960,하이포지에이정5/80/10밀리그램_(1정),amlodipine
644503480,마이그란정25밀리그램(수마트립탄숙신산염)_(35mg/1정),sumatriptan
671804140,코듀원정5mg/10mg_(1정),amlodipine
671806610,트리인원정80/5/10mg_(1정),rosuvastatin
671806831,콤포나콤팩트에어250/50_(60회),fluticasone
671806851,콤포나콤팩트에어500/50_(60회),fluticasone
671807240,리토젯정10/40밀리그램_(1정),atorvastatin
671807390,에스코텐정(에스오메프라졸마그네슘삼수화물)_(11.15mg/1정),esomeprazole
678601890,브이토젯정10/10밀리그램_(1정),ezetimibe
678602170,엑시다졸듀오정20/800밀리그램_(1정),esomeprazole
657202390,클래트론정250밀리그램(클래리트로마이신)_(0.25g/1정),clarithromycin
679601230,로바칸정5밀리그램(로수바스타틴칼슘)_(5.2mg/1정),rosuvastatin
679801870,티디핀정25밀리그램(쿠에티아핀푸마르산염)_(28.78mg/1정),quetiapine
680500780,비엘아토르정10밀리그램(아토르바스타틴칼슘수화물)_(10.85mg/1정),atorvastatin
684502040,아토이브정10/10밀리그램_(1정),atorvastatin
685800051,니트로링구알주사(희석된니트로글리세린)_(10mg/10mL),diluted nitroglycerin
693902850,트레블정80/5/10밀리그램_(1정),amlodipine
693903130,듀오스타정40/5밀리그램_(1정),telmisartan
693903130,듀오스타정40/5밀리그램_(1정),rosuvastatin
693903390,셀토젯정10/20밀리그램_(1정),ezetimibe
693904070,"셀토젯정10/5밀리그램(에제티미브,아토르바스타틴)_(1정)",ezetimibe
694002710,아질라사정1밀리그램(라사길린메실산염)_(1.56mg/1정),rasagiline
694003180,로에제정10/10밀리그램_(1정),ezetimibe
694003510,바렐토정15밀리그램(리바록사반)_(15mg/1정),rivaroxaban
694003590,브이포지알정5/160/10밀리그램_(1정),amlodipine
694003610,브이포지알정5/80/10밀리그램_(1정),amlodipine
694003670,칸데칸듀오정10/8밀리그램_(1정),rosuvastatin
697100830,반젤리스정40밀리그램(에스오메프라졸마그네슘삼수화물)_(44.5mg/1정),esomeprazole
698504720,제티스토정10/20밀리그램_(1정),ezetimibe
52401750,아이리토정10밀리그램(아토르바스타틴칼슘삼수화물)_(10.85mg/1정),atorvastatin
52402320,"아이스타플러스정80/5/10밀리그램(텔미사르탄,암로디핀,로수바스타틴)_(1정)",amlodipine
52402330,"아이스타플러스정80/5/5밀리그램(텔미사르탄, 암로디핀, 로수바스타틴)_(1정)",amlodipine
52402350,"아이스타플러스정40/5/5밀리그램(텔미사르탄,암로디핀,로수바스타틴)_(1정)",telmisartan
53300630,엘로수바정20밀리그램(로수바스타틴칼슘(미분화))_(20.8mg/1정),rosuvastatin
54801160,멜로틴캡슐7.5mg(멜록시캄)_(7.5mg/1캡슐),meloxicam
59000631,페나베타주(디클로페낙β-디메틸아미노에탄올)_(90mg/2mL),diclofenac-β-dimethyl-aminoethanol
59001000,아드젯정10/20밀리그램_(1정),atorvastatin
59001030,리바로트정15밀리그램(리바록사반)_(15mg/1정),rivaroxaban
73000760,로수칸데정5/16밀리그램_(1정),rosuvastatin
693200730,글로비트정(레보플록사신수화물)_(0.1g/1정),levofloxacin
620500370,네비로스타정1.25/5밀리그램_(1정),rosuvastatin
665002081,케이마돌주(트라마돌염산염)_(50mg/1mL),tramadol
640903941,지트라돌주50밀리그램(트라마돌염산염)_(50mg/1mL),tramadol
649402920,하이퍼지속정5밀리그람(펠로디핀)_(5mg/1정),felodipine
622802380,두울세틴캡슐60밀리그램(둘록세틴염산염)_(67.3mg/1캡슐),duloxetine
665500671,"라트롤주(트라마돌염산염)(수출명:Union Tramadol Inj., AMADOL INJ. Tramadex Inj.)_(50mg/1mL)",tramadol
622805420,알파칼엠연질캡슐0.5마이크로그램(알파칼시돌)_(0.5㎍/1캡슐),alfacalcidol
623004020,리피탑정20밀리그램(아토르바스타틴칼슘수화물)_(21.7mg/1정),atorvastatin
643310260,"듀비엠폴서방정0.25/12.5/1000밀리그램(로베글리타존,엠파글리플로진,메트포르민)_(1정)",empagliflozin
625202120,아트로드플러스정10/20밀리그램_(1정),atorvastatin
644003660,크레지정5밀리그램(로수바스타틴칼슘)_(5.2mg/1정),rosuvastatin
656003940,크레스정20mg(로수바스타틴칼슘)_(20.8mg/1정),rosuvastatin
652604170,로레스토정10mg(로수바스타틴칼슘)_(10.4mg/1정),rosuvastatin
628800360,휴레스토정5밀리그램(로수바스타틴칼슘)_(5.2mg/1정),rosuvastatin
642802800,리포스토정10밀리그램(로수바스타틴칼슘)_(10.4mg/1정),rosuvastatin
642203910,로나센정8밀리그램(블로난세린)_(8mg/1정),blonanserin
658603100,유로지트엑스엘정(알푸조신염산염)_(10mg/1정),alfuzosin
650003040,트리멕정_(1정),lamivudine
627600220,피엠에스로수바스타틴정5밀리그램(로수바스타틴칼슘)_(5.21mg/1정),rosuvastatin
628801800,에제토젯정10/20밀리그램_(1정),ezetimibe
628900310,로수반정10mg(로수바스타틴칼슘)_(10.4mg/1정),rosuvastatin
628900450,리피엔정20밀리그램(아토르바스타틴칼슘삼수화물)_(21.7mg/1정),atorvastatin
628901970,"에브젯정10/10밀리그램(에제티미브, 아토르바스타틴)_(1정)",atorvastatin
640007370,엑스원알정5/80/10밀리그램_(1정),amlodipine
640007690,엑스원에이정5/160/20밀리그램_(1정),amlodipine
640902230,레스타정10밀리그램(로수바스타틴칼슘)_(10.4mg/1정),rosuvastatin
640903650,라베르정10밀리그램(라베프라졸나트륨)_(10mg/1정),rabeprazole
641607750,크레젯정10/2.5밀리그램_(1정),ezetimibe
641705730,텔로다운정40/5밀리그램_(1정),telmisartan
621802210,레도핀정(레르카니디핀염산염)_(10mg/1정),lercanidipine
641806920,로제케이정10/10밀리그램_(1정),rosuvastatin
641906350,이지산트정10/10밀리그램_(1정),rosuvastatin
641906540,투베로정60/5밀리그램_(1정),rosuvastatin
641907390,듀카로정30/5/5밀리그램_(1정),fimasartan
641907740,토탈산트연질캡슐_(1캡슐),omega-3-acid ethyl esters90
641908260,아카브정30/40밀리그램_(1정),fimasartan
642104560,듀오웰정40/10밀리그램_(1정),telmisartan
642104560,듀오웰정40/10밀리그램_(1정),rosuvastatin
642104620,듀오웰정40/5밀리그램_(1정),telmisartan
642105320,듀오웰에이정40/5/5밀리그램_(1정),amlodipine
642105380,듀오웰에이정80/5/10밀리그램_(1정),amlodipine
654300960,메가록신정250밀리그램(시프로플록사신염산염수화물)_(0.291g/1정),ciprofloxacin
674400540,칸나졸캡슐50mg(플루코나졸)_(50mg/1캡슐),fluconazole
652601573,후라니졸주(메트로니다졸)_(0.5g/100mL/병(PP)),metronidazole
625500570,셀록신정(록시트로마이신)_(0.15g/1정),roxithromycin
642403520,아스날린패취2밀리그램(툴로부테롤)_(3.2X3.2㎠/1매),tulobuterol
642507310,듀오논정10/5밀리그램_(1정),ezetimibe
642507310,듀오논정10/5밀리그램_(1정),rosuvastatin
642507320,듀오논정10/20밀리그램_(1정),ezetimibe
673400140,싸이러스정250밀리그램(시프로플록사신염산염수화물)_(0.291g/1정),ciprofloxacin
670100250,"레바록스정100밀리그램(레보플록사신수화물)(수출명:레보플록스, 레바닉정)_(0.10249g/1정)",levofloxacin
678601690,하이레보정100밀리그램(레보플록사신수화물)_(0.10249g/1정),levofloxacin
642706870,동화로수바스타틴정5밀리그램(로수바스타틴칼슘)_(5.2mg/1정),rosuvastatin
642707040,아토스타젯정10/20밀리그램_(1정),atorvastatin
642707050,아토스타젯정10/40밀리그램_(1정),atorvastatin
642900360,록시캄캡슐(멜록시캄)_(7.5mg/1캡슐),meloxicam
642905520,텔로스톱정40/5밀리그램_(1정),telmisartan
642905980,텔로스톱플러스정80/5/10밀리그램_(1정),amlodipine
642905990,텔로스톱플러스정80/5/5밀리그램_(1정),amlodipine
643105890,"피타뉴펜캡슐(피타바스타틴칼슘, 페노피브레이트과립)_(1캡슐)",fenofibrate
643200290,디퓨탭서방정(이부프로펜)_(0.6g/1정),ibuprofen
643305740,호쿠테롤패취1밀리그램(툴로부테롤)_(2.25X2.25㎠/1매),tulobuterol
643306790,오엠피에스정40밀리그램(에스오메프라졸마그네슘이수화물)_(43.38mg/1정),esomeprazole
678000230,지트람씨알서방정75밀리그램(트라마돌염산염)_(75mg/1정),tramadol
643308630,리피로우젯정10/10밀리그램_(1정),ezetimibe
643308980,텔미로젯정40/10/10밀리그램_(1정),telmisartan
643308980,텔미로젯정40/10/10밀리그램_(1정),rosuvastatin
643308990,텔미로젯정40/20/10밀리그램_(1정),rosuvastatin
643501290,셀트라정50밀리그램(설트랄린염산염)_(55.95mg/1정),sertraline
697100640,타르신캡슐1밀리그램(타크로리무스수화물)_(1.02mg/1캡슐),tacrolimus
643505580,투브롤패취1밀리그램(툴로부테롤)_(2.25X2.25㎠/1매),tulobuterol
643507260,로수젯정10/10밀리그램_(1정),rosuvastatin
643508380,아모잘탄엑스큐정 5/100/20/10밀리그램_(1정),losartan
643509020,아모잘탄엑스큐정 5/50/2.5/10밀리그램_(1정),amlodipine
643605150,다비듀오정10/5밀리그램_(1정),ezetimibe
643605170,다비듀오정10/10밀리그램_(1정),ezetimibe
643606240,로제텔정40/20/10밀리그램_(1정),telmisartan
643606250,로제텔정40/5/10밀리그램_(1정),rosuvastatin
643606420,로제텔핀정80/10/10/5밀리그램_(1정),amlodipine
643701200,멜록시펜캡슐(멜록시캄)(수출명:국제메펜캡슐)_(7.5mg/1캡슐),meloxicam
657806870,원픽사반정2.5밀리그램(아픽사반)_(2.5mg/1정),apixaban
643705140,아페젯정10/20밀리그램_(1정),atorvastatin
643902810,로비탄정10밀리그램(로수바스타틴칼슘)_(10.4mg/1정),rosuvastatin
643903480,멜로덱스캡슐7.5밀리그램(멜록시캄)_(7.5mg/1캡슐),meloxicam
643903490,멜로덱스캡슐15밀리그램(멜록시캄)_(15mg/1캡슐),meloxicam
643904200,토파잭트정5밀리그램(토파시티닙시트르산염)_(8.078mg/1정),tofacitinib
655604361,한올메로페넴주1g(메로페넴삼수화물)_(1g/1병),meropenem
644206450,립스타플러스정10/10밀리그램_(1정),ezetimibe
644206450,립스타플러스정10/10밀리그램_(1정),rosuvastatin
644206470,립스타플러스정10/20밀리그램_(1정),rosuvastatin
644501730,유로스틴정10밀리그램(로수바스타틴칼슘)_(10.4mg/1정),rosuvastatin
644502590,유바로정20밀리그램(리바록사반)_(20mg/1정),rivaroxaban
644503520,알파키연질캡슐1마이크로그램(알파칼시돌)_(1㎍/1캡슐),alfacalcidol
644703330,에스로틴정10밀리그램(로수바스타틴칼슘)_(10.4mg/1정),rosuvastatin
644900800,리바로정2밀리그램(피타바스타틴칼슘)_(2mg/1정),pitavastatin
644913910,리바로브이정2/80밀리그램_(1정),pitavastatin
651901681,올트릴주(발프로산나트륨)(수출명:뉴올트릴주(발프론산나트륨))_(0.4g/1병),sodium valproate
645100863,대한염화칼륨-40(포타시움크로라이드주)_(3g/20mL/앰플(PP)),potassium
645208330,에이프로젠로수바스타틴칼슘정10밀리그램_(10.4mg/1정),rosuvastatin
645303420,한림알프라졸람정0.5밀리그램_(0.5mg/1정),alprazolam
645306120,스타펜캡슐_(1캡슐),fenofibrate
645307330,"스타젯정1/10밀리그램(피타바스타틴칼슘수화물,에제티미브)_(1정)",pitavastatin
645307330,"스타젯정1/10밀리그램(피타바스타틴칼슘수화물,에제티미브)_(1정)",ezetimibe
644902301,중외5-에프유주(플루오로우라실)_(0.25g/5mL),5-fluorouracil
645401940,티에스원캡슐25_(1캡슐),oteracil
645405330,텔미듀오플러스정80/10/20밀리그램_(1정),rosuvastatin
645406180,텔미칸큐정40/20/10/5밀리그램_(1정),telmisartan
645406190,텔미칸큐정80/5/10/5밀리그램_(1정),amlodipine
645600471,대화피록시캄주(피록시캄)(수출명:PIC-20INJ.)_(20mg/1mL),piroxicam
645603800,탑스타틴정20밀리그램(로수바스타틴칼슘)_(20.8mg/1정),rosuvastatin
645603870,레스날린패취0.5밀리그램(툴로부테롤)_(1.6X1.6㎠/1매),tulobuterol
645604720,탑스타틴에프정10/5밀리그램_(1정),rosuvastatin
645700681,삼아아토크건조시럽(포르모테롤푸마르산염수화물)_(4mg/100g),formoterol
645401870,크라비트정500밀리그람(레보플록사신)_(0.5g/1정),levofloxacin
645901240,레펙신정(레보플록사신수화물)_(0.1g/1정),levofloxacin
671700170,덱시핀정(덱시부프로펜)_(0.4g/1정),dexibuprofen
649802300,아로탈정(아세클로페낙)(수출명:아로세탈정(Arocetaltablet))_(0.1g/1정),aceclofenac
648507290,바로콕스캡슐200밀리그램(세레콕시브)_(0.2g/1캡슐),celecoxib
53601530,쎄라펜캡슐200밀리그램(세레콕시브)_(0.2g/1캡슐),celecoxib
650303190,로펜정60밀리그램(록소프로펜나트륨수화물)_(68.1mg/1정),loxoprofen
645200620,록소프렌정(록소프로펜나트륨수화물)_(68.1mg/1정),loxoprofen
648900610,알닥톤필름코팅정25밀리그람(스피로노락톤)_(25mg/1정),spironolactone
645905140,케이콘틴서방정(염화칼륨)_(0.6g/1정),potassium
645906950,브이알정10/160밀리그램_(1정),rosuvastatin
693902230,트리푸칸포르테캡슐50밀리그램(플루코나졸)_(50mg/1캡슐),fluconazole
648503260,큐프론정(시프로플록사신염산염수화물)_(0.291g/1정),ciprofloxacin
697100170,유러펜정(잘토프로펜)_(80mg/1정),zaltoprofen
644801570,이부펜정400mg(이부프로펜)_(0.4g/1정),ibuprofen
646005130,"로수에제정10/20밀리그램(에제티미브,로수바스타틴칼슘)_(1정)",ezetimibe
646005140,"로수에제정10/10밀리그램(에제티미브,로수바스타틴칼슘)_(1정)",rosuvastatin
646005220,아토에제정10/10밀리그램_(1정),ezetimibe
648100470,레폭신정(레보플록사신수화물)_(0.1g/1정),levofloxacin
645405130,제프람정10밀리그램(에스시탈로프람옥살산염)_(12.77mg/1정),escitalopram
649500521,렉타신주(레보플록사신수화물)_(0.51246g/100mL),levofloxacin
640000691,사이톱신주(시프로플록사신)_(0.1g/50mL),ciprofloxacin
621802750,예스오메정40mg(에스오메프라졸마그네슘이수화물)_(43.38mg/1정),esomeprazole
642306680,삼성에스오메프라졸정40밀리그램(에스오메프라졸마그네슘이수화물)_(43.38mg/1정),esomeprazole
646902470,리스페달정2밀리그램(리스페리돈)_(2mg/1정),risperidone
647303340,라도바정20밀리그램(아토르바스타틴칼슘수화물)_(21.7mg/1정),atorvastatin
643307700,타크로벨서방캡슐0.5밀리그램(타크로리무스)_(0.5mg/1캡슐),tacrolimus
53300591,메르펜주1그램(메로페넴수화물)_(1g/1병),meropenem
647801731,에필람주(발프로산나트륨)_(0.4g/1병),sodium valproate
647803890,라베올정20밀리그램(라베프라졸나트륨)_(20mg/1정),rabeprazole
647803940,뉴스타틴알정10밀리그램(로수바스타틴칼슘)_(10.4mg/1정),rosuvastatin
647804010,네메올정20밀리그램(에스오메프라졸마그네슘이수화물)_(21.69mg/1정),esomeprazole
654300100,나로펜정(나프록센나트륨)_(0.275g/1정),naproxen
658203090,멜빅캄캡슐7.5밀리그램(멜록시캄)_(7.5mg/1캡슐),meloxicam
53300610,록소정(록소프로펜나트륨수화물)_(68.1mg/1정),loxoprofen
648101500,"에이서정(아세클로페낙)(수출명: SEONAC, BEEOCURACIN)_(0.1g/1정)",aceclofenac
674401640,세코브캡슐100밀리그램(세레콕시브)_(0.1g/1캡슐),celecoxib
647804700,뉴스타틴티에스정80/5/10mg_(1정),amlodipine
647804700,뉴스타틴티에스정80/5/10mg_(1정),telmisartan
647804710,뉴스타틴티에스정40/5/10mg_(1정),rosuvastatin
651201220,아세클정(아세클로페낙)_(0.1g/1정),aceclofenac
648103250,루코졸캡슐(플루코나졸)_(50mg/1캡슐),fluconazole
648103750,듀오로반정10/10밀리그램_(1정),ezetimibe
648104560,발트리오정5/160/10밀리그램_(1정),rosuvastatin
648105200,"로토디핀정10/5밀리그램(로수바스타틴, 암로디핀)_(1정)",rosuvastatin
648204380,와이젯정10/10밀리그램_(1정),atorvastatin
649702300,플루다졸캡슐50밀리그램(플루코나졸)_(50mg/1캡슐),fluconazole
659901420,아나리드캡슐1밀리그램(아나그렐리드염산염)_(1.22mg/1캡슐),anagrelide
648507540,에제로수정10/5밀리그램_(1정),rosuvastatin
648507560,에제로수정10/10밀리그램_(1정),ezetimibe
648603860,텔로듀오정80/5밀리그램_(1정),telmisartan
648604360,아모르탄알정5/160/10밀리그램_(1정),amlodipine
648903620,로비큐아정100밀리그램(롤라티닙)_(0.1g/정),lorlatinib
669800033,구주구연산펜타닐주사_(0.157mg/2mL),fentanyl
648903800,보술리프정100밀리그램(보수티닙일수화물)_(0.10340g/1정),bosutinib
60500950,탐스그린서방정0.2밀리그램(탐스로신염산염)_(0.2mg/1정),tamsulosin
641904660,비알빅스정(클로피도그렐캄실산염)_(0.12914g/1정),clopidogrel camsylate
647805000,탐스피드서방캡슐0.4밀리그램(탐스로신염산염)_(0.4mg/1캡슐),tamsulosin
669501650,클로첸스정(클로피도그렐황산염)_(97.875mg/1정),clopidogrel bisulfate
648101690,인히플라정(클로피도그렐황산염)_(97.875mg/1정),clopidogrel bisulfate
694205120,큐로벡스정(클로피도그렐황산염)_(97.875mg/1정),clopidogrel bisulfate
649000590,콜듀엣정5mg/10mg_(1정),atorvastatin
653006860,사로프람정15mg(에스시탈로프람옥살산염)_(19.155mg/1정),escitalopram
658200640,시록신정250mg(시프로플록사신염산염)_(0.291g/1정),ciprofloxacin
679800610,칸디나졸캡슐(플루코나졸)_(50mg/1캡슐),fluconazole
649102110,오메프라존캡슐(오메프라졸)_(20mg/1캡슐),omeprazole
649102750,넥시메졸캡슐40mg(에스오메프라졸마그네슘이수화물)_(43.36mg/1캡슐),esomeprazole
649103480,크레스티브정10/5mg_(1정),ezetimibe
649105000,듀오텔미정40/20밀리그램_(1정),rosuvastatin
649105020,듀오텔미정80/10밀리그램_(1정),rosuvastatin
649105100,크레칸데정5/16밀리그램_(1정),rosuvastatin
649105130,크레칸데정20/32밀리그램_(1정),rosuvastatin
649105390,엑스크레스바정5/160/10밀리그램_(1정),amlodipine
649106070,"듀오텔미플러스정80/5/10밀리그램(텔미사르탄,암로디핀,로수바스타틴)_(1정)",telmisartan
649106120,"듀오텔미플러스정80/5/5밀리그램(텔미사르탄,암로디핀,로수바스타틴)_(1정)",rosuvastatin
649400270,디로칸캡슐50밀리그램(플루코나졸)_(50mg/1캡슐),fluconazole
649404750,크레바틴정10밀리그램(로수바스타틴칼슘)_(10.4mg/1정),rosuvastatin
653500310,미라펙스정1.0밀리그램(프라미펙솔염산염일수화물)_(1mg/1정),pramipexole dihydrochloride
644500401,본키주1마이크로그람(칼시트리올)_(1μg/1mL),calcitriol
649606490,"피타스론정2/160밀리그램(피타바스타틴칼슘,페노피브레이트)_(1정)",pitavastatin
649702080,라베프론정10밀리그램(라베프라졸나트륨)_(10mg/1정),rabeprazole
674401170,메로시캡슐7.5밀리그램(멜록시캄)_(7.5mg/1캡슐),meloxicam
689000830,멜로그린캡슐7.5밀리그램(멜록시캄)_(7.5mg/1캡슐),meloxicam
73400280,쎄레브렉스캡슐200밀리그램(세레콕시브)_(0.2g/1캡슐),celecoxib
670701170,프로닥정(나부메톤)_(0.5g/1정),nabumetone
625201541,세로페낙주(디클로페낙나트륨)_(75mg/2mL),diclofenac
649807080,로젯정10/10밀리그램_(1정),rosuvastatin
649807580,텔미로브정80/10밀리그램_(1정),telmisartan
649807670,발사로브정10/80밀리그램_(1정),rosuvastatin
649900050,메프친정25마이크로그램(프로카테롤염산염수화물)_(25μg/1정),procaterol
643103590,클라스타정(클래리트로마이신)_(0.25g/1정),clarithromycin
650206040,페바로젯정2/10밀리그램_(1정),ezetimibe
650304190,로수브젯정10/10밀리그램_(1정),ezetimibe
650700100,놀바덱스디정(타목시펜시트르산염)_(30.4mg/1정),tamoxifen
650700110,놀바덱스정(타목시펜시트르산염)_(15.2mg/1정),tamoxifen
651205720,넥스졸듀오정20/800밀리그램_(1정),sodium bicarbonate
651300920,로수잘정20밀리그램(로수바스타틴칼슘)_(20.8mg/1정),rosuvastatin
651601680,아토산정20밀리그램(아토르바스타틴칼슘삼수화물)_(21.69mg/1정),atorvastatin
657203220,에프람정15밀리그램(에스시탈로프람옥살산염)_(19.16mg/1정),escitalopram
653003600,파마파록세틴정(파록세틴염산염수화물)_(22.8mg/1정),paroxetine
621801570,파비스플루코나졸캡슐50mg(플루코나졸)_(50mg/1캡슐),fluconazole
645404920,트리도파정150/37.5/200밀리그램_(1정),entacapone
651905320,뉴프람오디정10밀리그램(에스시탈로프람옥살산염)_(12.77mg/1정),escitalopram
641700130,노팍신정(레보플록사신수화물)_(0.1g/1정),levofloxacin
73001420,건프람정10밀리그램(에스시탈로프람옥살산염)_(12.77mg/1정),escitalopram
648505821,레포신주(레보플록사신)_(0.75g/150mL),levofloxacin
693902320,셀트리온레보플록사신정100밀리그램(레보플록사신수화물)_(0.10249g/1정),levofloxacin
642403111,영진메로페넴주0.5g(메로페넴삼수화물)_(0.5g/1병),meropenem
645903741,동광메로페넴주500mg(메로페넴삼수화물)_(0.5g/1병),meropenem
657201110,환인탄산리튬정_(0.3g/1정),lithium
651902580,수마트란정50mg(수마트립탄숙신산염)_(70mg/1정),sumatriptan
651903240,올스타틴정10밀리그램(로수바스타틴칼슘)_(10.4mg/1정),rosuvastatin
642307371,삼성메로페넴주500밀리그램(메로페넴수화물)_(0.5g/1병),meropenem
653500280,미라펙스정0.125밀리그램(프라미펙솔염산염일수화물)_(0.125mg/1정),pramipexole dihydrochloride
651903620,아미썰정400밀리그램(아미설피리드)_(0.4g/1정),amisulpride
644308750,리녹사졸정600밀리그램(리네졸리드)_(0.6g/1정),linezolid
627600250,피엠에스비칼루타미드정50밀리그램(비칼루타미드(미분화))_(50mg/1정),bicalutamide
644503211,에이플라주(파리칼시톨)_(5μg/1mL),paricalcitol
652604920,로제티브정10/10밀리그램_(1정),rosuvastatin
652604930,로제티브정10/20밀리그램_(1정),rosuvastatin
652604930,로제티브정10/20밀리그램_(1정),ezetimibe
652606810,쎄로켈서방정400밀리그램(쿠에티아핀푸마르산염)_(0.4605g/1정),quetiapine
652903280,피타정2밀리그램(피타바스타틴칼슘)_(2mg/1정),pitavastatin
652904140,듀타딘정 5/20밀리그램_(1정),atorvastatin
643903510,프라펙솔정0.125밀리그램(프라미펙솔염산염일수화물)_(0.125mg/1정),pramipexole dihydrochloride
642003320,미라프서방정0.375밀리그램(프라미펙솔염산염일수화물)_(0.375mg/1정),pramipexole dihydrochloride
653103850,뉴신타서방정100밀리그램(타펜타돌염산염)_(0.11648g/1정),tapentadol
652604210,에어펜정(아세클로페낙)_(0.1g/1정),aceclofenac
648500531,로시덴주(피록시캄)_(20mg/1mL),piroxicam
658602710,이록펜정(록소프로펜나트륨)_(60mg/1정),loxoprofen
651501060,아세크로정(아세클로페낙)_(0.1g/1정),aceclofenac
653402770,플루코졸정150밀리그램(플루코나졸)_(0.15g/1정),fluconazole
653403830,페북센정40밀리그램(페북소스타트)_(40mg/1정),febuxostat
653404040,피타론정(피타바스타틴칼슘)_(2mg/1정),pitavastatin
653405940,"엑소락센정500/20밀리그램(나프록센, 에스오메프라졸마그네슘삼수화물)_(1정)",esomeprazole
643300530,루코나졸캡슐(플루코나졸)_(50mg/1캡슐),fluconazole
651203100,슈도에바스트서방캡슐_(1캡슐),ebastine
658603941,이연시플록사신주(시프로플록사신)_(0.2g/100mL),ciprofloxacin
653801000,신일디클로페낙나트륨정50밀리그람_(50mg/1정),diclofenac
654004650,제로시드정40/1100밀리그램_(1정),sodium bicarbonate
678601810,하이레보정500밀리그램(레보플록사신수화물)_(0.5123g/1정),levofloxacin
655404800,"텔미트리원정40/5/10밀리그램(텔미사르탄,암로디핀,로수바스타틴)_(1정)",telmisartan
655601380,알파본연질캡슐(알파칼시돌)(수출명:아파본연질캡슐)_(0.5㎍/1캡슐),alfacalcidol
656004140,크레스정5밀리그램(로수바스타틴칼슘)_(5.2mg/1정),rosuvastatin
656004240,패북소정80밀리그램(페북소스타트)_(80mg/1정),febuxostat
656005150,피타스틴정1밀리그램(피타바스타틴칼슘)_(1mg/1정),pitavastatin
648100760,멜릭스캡슐(멜록시캄)_(7.5mg/1캡슐),meloxicam
657200430,아낙스정(나프록센나트륨)_(0.275g/1정),naproxen
640000920,솔레톤정(잘토프로펜)_(80mg/1정),zaltoprofen
678602180,다산덱시부프로펜정400밀리그램(덱시부프로펜디.씨)_(0.4g/1정),dexibuprofen
628800310,휴비스트아스피린장용정_(0.1g/1정),aspirin
670303910,레보플러스정750밀리그램(레보플록사신수화물)_(0.76845g/1정),levofloxacin
645403750,아지로맥스정250밀리그램(아지트로마이신수화물)_(0.26203g/1정),azithromycin
645404920,트리도파정150/37.5/200밀리그램_(1정),carbidopa
668901110,팩티브정320밀리그램(메탄설폰산제미플록사신)_(0.42639g/1정),gemifloxacin
651904480,트리레보정200/50/200mg_(1정),carbidopa
674102171,레보플레쉬에프점안액(레보플록사신수화물)(1회용)_(6mg/0.4mL),levofloxacin
651905030,명도파정25/100밀리그램_(1정),levodopa
651503721,하원레보플록사신주(레보플록사신수화물)_(0.51246g/100mL),levofloxacin
657201180,쿠에타핀정25밀리그램(쿠에티아핀푸마르산염)_(28.78mg/1정),quetiapine
657203600,콤비로제정10/5밀리그램_(1정),ezetimibe
657203880,"라베모어정10/500밀리그램(라베프라졸나트륨,탄산수소나트륨)_(1정)",rabeprazole
657204210,환인쿠에타핀서방정50밀리그램(쿠에티아핀푸마르산염)_(57.56mg/1정),quetiapine
657306150,라베프리정10mg(라베프라졸나트륨)_(10mg/1정),rabeprazole
657401790,카디렛정5/10밀리그램_(1정),amlodipine
54800780,세비콕캡슐100밀리그램(세레콕시브)_(0.1g/1캡슐),celecoxib
649404640,시원나정(록소프로펜나트륨수화물)_(68.1mg/1정),loxoprofen
660701401,위더스피록시캄주사액_(20mg/1mL),piroxicam
657806750,텔미로원정40/10밀리그램_(1정),telmisartan
657806770,텔미로원정80/10밀리그램_(1정),rosuvastatin
657807390,올프로정20/20밀리그램_(1정),olmesartan medoxomil
658204460,카사반정2.5밀리그램(리바록사반)_(2.5mg/1정),rivaroxaban
657301650,멜빅스캡슐(멜록시캄)(수출명:WONCOX Capsule)_(7.5mg/1캡슐),meloxicam
629700540,록스코정(록소프로펜나트륨수화물)_(68.1mg/1정),loxoprofen
658604090,미살탄스타정40/10밀리그램_(1정),rosuvastatin
654700380,싸이스펙정250밀리그람(시프로플록사신염산염)_(0.291g/1정),ciprofloxacin
648506961,목시록주400밀리그램(목시플록사신)_(0.4g/250mL),moxifloxacin
660702190,로바토정5mg/20mg_(1정),atorvastatin
660703600,듀로텔정40/10밀리그램_(1정),telmisartan
660704010,"타스페노캡슐(피타바스타틴칼슘,페노피브레이트)_(1캡슐)",fenofibrate
657304140,트레논연질캡슐(이소트레티노인)_(10mg/1캡슐),isotretinoin
661901020,영풍독시사이클린정100밀리그램_(0.1g/1정),doxycycline
645100711,대한시프로플록사신주_(0.2g/100mL),ciprofloxacin
653004430,사로프람정10mg(에스시탈로프람옥살산염)_(12.77mg/1정),escitalopram
644304710,"프루칸캡슐(플루코나졸)(수출명:FlucorCaps.,FlozolCaps.,FlukorCaps.,DifruzolCaps.)_(50mg/1캡슐)",fluconazole
662504760,테네린엠서방정10/500밀리그램_(1정),metformin
663605610,프라임아스피린장용정100밀리그램_(0.1g/1정),aspirin
663608260,로수에젯정10/20밀리그램_(1정),ezetimibe
663608260,로수에젯정10/20밀리그램_(1정),rosuvastatin
664602340,다림에스오메프라졸정40밀리그램(에스오메프라졸마그네슘이수화물)_(43.38mg/1정),esomeprazole
665001250,에이스틴정(아토르바스타틴칼슘삼수화물)_(10.85mg/1정),atorvastatin
665001980,수바스틴정5밀리그램(로수바스타틴칼슘)_(5.2mg/1정),rosuvastatin
665002050,로수에지정10/10밀리그램_(1정),rosuvastatin
665503221,"유니온피록시캄주(수출명:PROXID Inj., UNIXICAM Inj.)_(20mg/1mL)",piroxicam
650302721,맥시펜시럽(덱시부프로펜)_(6g/500mL),dexibuprofen
658603800,셀브캡슐100밀리그램(세레콕시브)_(0.1g/1캡슐),celecoxib
642802730,쎌브릭캡슐(세레콕시브)_(0.2g/1캡슐),celecoxib
665508420,유니페니돈정200밀리그램(피르페니돈)_(0.2g/1정),pirfenidone
668903200,제미로우정50/20밀리그램_(1정),gemigliptin
680900020,썬리듬캡슐50밀리그램(필시카이니드염산염)_(50mg/1캡슐),pilsicainide
645200570,레보프록신정(레보플록사신)_(0.1g/1정),levofloxacin
643308030,리퀴시아정5밀리그램(아픽사반)_(5mg/1정),apixaban
669908310,뉴토메가연질캡슐5/1000밀리그램_(1캡슐),omega-3-acid ethyl esters90
670100370,마이코졸캡슐(플루코나졸)_(50mg/1캡슐),fluconazole
670101712,이부날시럽(이부프로펜)_(10g/500mL),ibuprofen
653102361,그라트릴주(그라니세트론염산염)_(1.12mg/1mL),granisetron
641704390,슈펙트캡슐100밀리그램(라도티닙염산염)_(0.1068g/1캡슐),radotinib
646901571,인베가서스티나주사78mg(팔리페리돈팔미테이트)_(78mg/0.5mL),paliperidone
643904121,조프란주(온단세트론염산염수화물)_(5mg/2mL),ondansetron
665000470,씨트로정(시프로플록사신염산염수화물)_(0.291g/1정),ciprofloxacin
657804971,트라주50mg/mL(트라마돌염산염)_(50mg/1mL),tramadol
625201731,화이트트라마주(트라마돌염산염)_(50mg/1mL),tramadol
653000130,노르작캡슐(플루옥세틴염산염)_(22.4mg/1캡슐),fluoxetine
648100181,경동캄펙스주50밀리그램(트라마돌염산염)_(50mg/1mL),tramadol
658700560,엘리퀴스정5밀리그램(아픽사반)_(5mg/1정),apixaban
671706540,올르메틴정20/5밀리그램_(1정),olmesartan medoxomil
671805690,크로우정5mg(로수바스타틴칼슘)_(5.2mg/1정),rosuvastatin
671806620,트리인원정40/5/10mg_(1정),rosuvastatin
671806900,업타바캡슐_(1캡슐),fenofibrate
678601360,크레로우정10밀리그램(로수바스타틴칼슘)_(10.4mg/1정),rosuvastatin
679601030,위메졸정20밀리그램(에스오메프라졸마그네슘삼수화물)_(22.3mg/1정),esomeprazole
681400120,카보메틱스정40밀리그램(카보잔티닙)_(40mg/1정),cabozantinib s-malate
693200520,플루날캡슐(플루코나졸)_(50mg/1캡슐),fluconazole
693903140,듀오스타정40/10밀리그램_(1정),rosuvastatin
694001070,크라틴정10밀리그램(로수바스타틴칼슘)_(10.4mg/1정),rosuvastatin
694001810,대웅바이오아스피린장용정100밀리그램_(0.1g/1정),aspirin
694002850,리바피타정2밀리그램(피타바스타틴칼슘)_(2mg/1정),pitavastatin
694002920,쎄로타핀정25밀리그램(쿠에티아핀푸마르산염)_(28.78mg/1정),quetiapine
694003620,브이포지알정5/80/5밀리그램_(1정),amlodipine
694003690,칸데칸듀오정20/32밀리그램_(1정),rosuvastatin
694004680,본알파연질캡슐0.5마이크로그램(알파칼시돌)_(0.5㎍/1캡슐),alfacalcidol
696300450,닌라로캡슐2.3밀리그램(익사조밉시트레이트)_(3.29mg/1캡슐),ixazomib
698002540,아사프장용정100mg(아스피린)_(0.1g/1정),aspirin
698004390,텔로바틴정40/10밀리그램_(1정),rosuvastatin
53600780,뉴슈바틴정10밀리그램(로수바스타틴칼슘)_(10.4mg/1정),rosuvastatin
58200240,로바가정20밀리그램(로수바스타틴칼슘)_(20.8mg/1정),rosuvastatin
59001010,아드젯정10/10밀리그램_(1정),ezetimibe
60500960,메가로수틴정2.5밀리그램(로수바스타틴칼슘)_(2.6mg/1정),rosuvastatin
73000260,로메가연질캡슐_(1캡슐),omega-3-acid ethyl esters90
73000710,로수칸데정10/16밀리그램_(1정),candesartan cilexetil
73100310,알콕시아정30밀리그램(에토리콕시브)_(30mg/1정),etoricoxib
73100410,아토젯정10/10밀리그램_(1정),atorvastatin
76800010,"로우로제정10/2.5밀리그램(에제티미브, 로수바스타틴칼슘)_(1정)",ezetimibe
663602420,프라작캡슐(플루옥세틴염산염)_(22.4mg/1캡슐),fluoxetine
627600060,피엠에스플루옥세틴캡슐20밀리그램(플루옥세틴염산염)_(22.36mg/1캡슐),fluoxetine
625201910,란소큐캡슐15mg(란소프라졸)_(0.1765g/1캡슐),lansoprazole
652104650,로수바스타퀄정20밀리그램(로수바스타틴칼슘)_(20.8mg/1정),rosuvastatin
657302950,유로알파엑스엘정(알푸조신염산염)_(10mg/1정),alfuzosin
628800440,오메졸캡슐(오메프라졸)_(20mg/1캡슐),omeprazole
628900440,리피엔정10밀리그램(아토르바스타틴칼슘삼수화물)_(10.85mg/1정),atorvastatin
628902490,"피바펜캡슐(피타바스타틴칼슘, 페노피브레이트)_(1캡슐)",pitavastatin
628902500,"라베라듀오정10/700밀리그램(라베프라졸나트륨, 탄산수소나트륨)_(1정)",rabeprazole
642204280,프리어드정(테노포비르디소프록실)_(0.245g/1정),tenofovir disoproxil
640005780,헵큐어정10밀리그램(아데포비어디피복실)_(10mg/1정),adefovir dipivoxil
670607780,휴리어드정(테노포비르디소프록실)_(0.245g/1정),tenofovir disoproxil
640007390,엑스원알정5/160/5밀리그램_(1정),amlodipine
640007940,엑스원알정5/80/2.5밀리그램_(1정),amlodipine
640008060,"제피토정10/5밀리그램(에제티미브,아토르바스타틴)_(1정)",ezetimibe
629700620,오스코나졸캡슐(플루코나졸)_(50mg/1캡슐),fluconazole
689000410,메코나졸캡슐(플루코나졸)_(50mg/1캡슐),fluconazole
641606750,올로맥스정20/5/5밀리그램_(1정),olmesartan medoxomil
641606760,올로맥스정20/5/10밀리그램_(1정),rosuvastatin
641806910,로제케이정10/20밀리그램_(1정),rosuvastatin
641806920,로제케이정10/10밀리그램_(1정),ezetimibe
641907650,아카브정30/20밀리그램_(1정),fimasartan
642003760,로티미브정10/10밀리그램_(1정),ezetimibe
642003770,로티미브정10/5밀리그램_(1정),ezetimibe
642104420,모노로바정20밀리그램(로수바스타틴칼슘)_(20.8mg/1정),rosuvastatin
642105800,듀오웰플러스정80/20/10밀리그램_(1정),rosuvastatin
642105810,듀오웰플러스정80/10/10밀리그램_(1정),ezetimibe
642106040,"로수바미브정10/2.5밀리그램(에제티미브, 로수바스타틴칼슘)_(1정)",ezetimibe
57200081,카이트릴주(그라니세트론염산염)_(1.12mg/1mL),granisetron
640000681,사이톱신주(시프로플록사신)_(0.4g/200mL),ciprofloxacin
660702860,록시론정150mg(록시트로마이신)_(0.15g/1정),roxithromycin
694003582,베아신주(시프로플록사신)_(0.4g/200mL),ciprofloxacin
642201791,오르필주사액(발프로산나트륨)_(0.15g/1.5mL),sodium valproate
642308490,삼토젯정10/40밀리그램_(1정),ezetimibe
642402100,쿠티아핀정200밀리그램(쿠에티아핀푸마르산염)_(0.23026g/1정),quetiapine
642403510,아스날린패취1밀리그램(툴로부테롤)_(2.25X2.25㎠/1매),tulobuterol
642404070,크레아진플러스정10/10mg_(1정),rosuvastatin
642404380,영진설트랄린정100밀리그램(설트랄린염산염)_(0.11192g/1정),sertraline
655601410,에스텔정(에바스틴)_(10mg/1정),ebastine
645404910,트리도파정200/50/200밀리그램_(1정),levodopa
642900390,리스프리정1밀리그램(리스페리돈)_(1mg/1정),risperidone
642904490,피레스파정200밀리그램(피르페니돈)_(0.2g/1정),pirfenidone
642905240,플루코팜정150밀리그램(플루코나졸)_(0.15g/1정),fluconazole
642905500,텔로스톱정80/10밀리그램_(1정),telmisartan
643105890,"피타뉴펜캡슐(피타바스타틴칼슘, 페노피브레이트과립)_(1캡슐)",pitavastatin
643308690,텔미트렌에스정80/10밀리그램_(1정),telmisartan
643308710,텔미트렌에스정40/10밀리그램_(1정),telmisartan
643506140,메록스캄캡슐7.5밀리그램(멜록시캄)_(7.5mg/1캡슐),meloxicam
643507410,펙소스타정40밀리그램(페북소스타트)_(40mg/1정),febuxostat
643507860,"아모잘탄큐정5/100/10밀리그램(암로디핀,로사르탄,로수바스타틴)_(1정)",amlodipine camsylate
643508340,아모잘탄엑스큐정 5/50/5/10밀리그램_(1정),amlodipine
643508350,아모잘탄엑스큐정 5/50/20/10밀리그램_(1정),losartan
641607790,베믈리버정(테노포비르알라페나미드헤미타르타르산염)_(28.94mg/1정),tenofovir alafenamide hemitartrate
643606040,에소카정20/600밀리그램_(1정),esomeprazole
643606210,로제텔정80/20/10밀리그램_(1정),ezetimibe
643606220,로제텔정80/10/10밀리그램_(1정),telmisartan
643606410,로제텔핀정80/20/10/5밀리그램_(1정),ezetimibe
643606440,로제텔핀정40/20/10/5밀리그램_(1정),ezetimibe
643606450,로제텔핀정40/10/10/5밀리그램_(1정),telmisartan
643606450,로제텔핀정40/10/10/5밀리그램_(1정),rosuvastatin
643703950,크레로바정5밀리그램(로수바스타틴칼슘)_(5.2mg/1정),rosuvastatin
643704380,에제로바정10/10밀리그램_(1정),rosuvastatin
643903730,길렉트정0.5밀리그램(라사길린메실산염)_(0.78mg/1정),rasagiline
643900710,슈다페드정(슈도에페드린염산염)_(60mg/1정),pseudoephedrine
644904340,프리페넴주250밀리그램_(1병),cilastatin
644308790,로바스타정20밀리그램(로수바스타틴칼슘)_(20.8mg/1정),rosuvastatin
644704870,토스젯정10/40밀리그램_(1정),ezetimibe
644901911,중외15%만니톨주사액_(75g/500mL/백),d-mannitol
645100441,대한디-만니톨주사액(25%)_(62.5g/250mL),d-mannitol
645210380,로젯탐정10/10밀리그램_(1정),ezetimibe
645304770,크레첵정20밀리그램(로수바스타틴칼슘)_(20.8mg/1정),rosuvastatin
651602630,한화토피라메이트정25밀리그램_(25mg/1정),topiramate
645305220,유소릭정40밀리그램(페북소스타트)_(40mg/1정),febuxostat
645305450,크레더블정10/10밀리그램_(1정),rosuvastatin
645305660,리스달정3밀리그램(리스페리돈)_(3mg/1정),risperidone
645405220,제이로수정20밀리그램(로수바스타틴칼슘)_(20.8mg/1정),rosuvastatin
645405330,텔미듀오플러스정80/10/20밀리그램_(1정),telmisartan
645405650,라사원정1.0밀리그램(라사길린메실산염)_(1.56mg/1정),rasagiline
645405790,로제코연질캡슐_(1캡슐),omega-3-acid ethyl esters90
645406160,텔미칸큐정40/5/10/5밀리그램_(1정),rosuvastatin
645406180,텔미칸큐정40/20/10/5밀리그램_(1정),rosuvastatin
645406310,"로제듀오정10/2.5밀리그램(에제티미브, 로수바스타틴칼슘)_(1정)",rosuvastatin
645604780,에스오메정20밀리그램(에스오메프라졸마그네슘이수화물)_(21.69mg/1정),esomeprazole
645605520,아토바에프정10/20밀리그램_(1정),ezetimibe
52401880,레보에이블정500밀리그램(레보플록사신수화물)_(0.5123g/1정),levofloxacin
645901100,디페인정(디클로페낙나트륨)_(25mg/1정),diclofenac
645901271,로감주사(피록시캄)_(20mg/1mL),piroxicam
658501900,로프로펜정(록소프로펜나트륨수화물)_(68.1mg/1정),loxoprofen
658600670,아크로정(아세클로페낙)_(0.1g/1정),aceclofenac
628900160,덱스론정400mg(덱시부프로펜)_(0.4g/1정),dexibuprofen
697100730,랙시브캡슐100밀리그램(세레콕시브)_(0.1g/1캡슐),celecoxib
643500804,맥시부펜시럽(덱시부프로펜)_(6g/500mL),dexibuprofen
643507070,콕시브캡슐100밀리그램(세레콕시브)_(0.1g/1캡슐),celecoxib
57600580,아세진정(아세클로페낙)_(0.1g/1정),aceclofenac
73001180,아세팜CR정(아세클로페낙)_(0.2g/1정),aceclofenac
694002650,엘리하이정2.5밀리그램(아픽사반)_(2.5mg/1정),apixaban
645907040,알제트정10/20밀리그램_(1정),ezetimibe
665508560,유니브렉스캡슐100밀리그램(세레콕시브)_(0.1g/1캡슐),celecoxib
646004860,알티톡연질캡슐30밀리그램(알리트레티노인)_(30mg/1캡슐),alitretinoin
654001240,"아키놀연질캡슐(이소트레티노인)(수출명:이소틴(ISOTEEN), 아주아키놀(AJUAKINOL), 시비로큐텐(CBIROCUTEN),아큐트린(ACUTRINE))_(10mg/1캡슐)",isotretinoin
646004870,알티톡연질캡슐10밀리그램(알리트레티노인)_(10mg/1캡슐),alitretinoin
646005080,로바르탄정10/80밀리그램_(1정),valsartan
646005120,"로수에제정10/5밀리그램(에제티미브,로수바스타틴칼슘)_(1정)",rosuvastatin
646000530,리노에바티스서방캡슐_(1캡슐),ebastine
646901050,인텔렌스정(에트라비린)_(0.1g/1정),etravirine
642503560,판토라인정(판토프라졸나트륨세스키히드레이트)_(45.1mg/1정),pantoprazole
670601680,엠프라캡슐(오메프라졸장용성과립)(수출명:OMERAMEXcap.)_(20mg/1캡슐),omeprazole
665506780,유니시움정20mg(에스오메프라졸마그네슘이수화물)_(21.69mg/1정),esomeprazole
59600230,프로록소정(록소프로펜나트륨수화물)_(68.1mg/1정),loxoprofen
648103540,셀렉카정200밀리그램(세레콕시브)_(0.2g/1정),celecoxib
643300110,낙센에프정(나프록센)_(0.5g/1정),naproxen
647804690,뉴스타틴티에스정80/10/20mg_(1정),rosuvastatin
647805960,토파누스정10밀리그램(토파시티닙시트르산염)_(16.155mg/1정),tofacitinib
54800850,로포닌정(록소프로펜나트륨수화물)_(68.1mg/1정),loxoprofen
646802680,쎌브록스캡슐200mg(세레콕시브)_(0.2g/1캡슐),celecoxib
697100310,피엠지록소프로펜정(록소프로펜나트륨수화물)_(68.1mg/1정),loxoprofen
671801920,세나펜정(아세클로페낙)_(0.1g/1정),aceclofenac
642100520,멜로캄캡슐7.5밀리그람(멜록시캄)(수출명:유한멜로캄캡슐7.5밀리그람)_(7.5mg/1캡슐),meloxicam
648103750,듀오로반정10/10밀리그램_(1정),rosuvastatin
648104270,펙소트정80밀리그램(페북소스타트)_(80mg/1정),febuxostat
643506700,모록사신정400밀리그램(목시플록사신염산염)_(0.4368g/1정),moxifloxacin
646901890,서튜러정100밀리그램(베다퀼린푸마르산염)_(0.12089g/1정),bedaquiline
648504400,푸가졸캡슐(플루코나졸)_(50mg/1캡슐),fluconazole
648602670,씨엠지로수바스타틴정20mg(로수바스타틴칼슘)_(20.8mg/1정),rosuvastatin
648603880,텔로듀오정80/10밀리그램_(1정),rosuvastatin
648604100,로티젯정10/5밀리그램_(1정),rosuvastatin
651901300,수마트란정25밀리그람(호박산수마트립탄)_(35mg/1정),sumatriptan
643307240,타크로벨정2밀리그램(타크로리무스수화물)_(2.04mg/1정),tacrolimus
659901020,펜타듀르패취25μg/h(펜타닐)_(10㎠/1매),fentanyl
649806250,명문펜타닐패취25㎍/h(펜타닐)_(10.5㎠/1매),fentanyl
54800610,탐스렌서방캡슐0.2밀리그램(탐스로신염산염)_(0.2mg/1캡슐),tamsulosin
642102440,탐스날서방정(탐스로신염산염)_(0.2mg/1정),tamsulosin
647303060,씨트로신서방정0.2밀리그램(탐스로신염산염)_(0.2mg/1정),tamsulosin
643507490,한미탐스캡슐0.4밀리그램(탐스로신염산염)_(0.4mg/1캡슐),tamsulosin
645406320,제프람멜츠구강붕해정10밀리그램(에스시탈로프람옥살산염)_(12.77mg/1정),escitalopram
649103480,크레스티브정10/5mg_(1정),rosuvastatin
649104030,쿠에핀정25mg(쿠에티아핀푸마르산염)_(28.78mg/1정),quetiapine
649104910,로수발탄정10/80밀리그램_(1정),valsartan
649105030,듀오텔미정80/20밀리그램_(1정),rosuvastatin
649105370,엑스크레스바정5/80/10밀리그램_(1정),rosuvastatin
642003360,미라프정0.25밀리그램(프라미펙솔염산염일수화물)_(0.25mg/1정),pramipexole dihydrochloride
649505880,크레토정10밀리그램(로수바스타틴칼슘)_(10.4mg/1정),rosuvastatin
649605850,로바듀엣정10/5밀리그램_(1정),rosuvastatin
649702020,리로우펜캡슐_(1캡슐),fenofibrate
649702710,디낙스정50밀리그램 (디클로페낙나트륨)_(50mg/1정),diclofenac
641100070,바이엘아스피린정500밀리그람_(0.5g/1정),aspirin
621800250,스노핀정275밀리그람(나프록센나트륨)_(0.275g/1정),naproxen
670500601,비알덱시펜시럽(덱시부프로펜)_(6g/500mL),dexibuprofen
641704940,투콕시브캡슐200mg(세레콕시브)_(0.2g/1캡슐),celecoxib
649807100,로젯정10/5밀리그램_(1정),rosuvastatin
649807660,발사로브정5/80밀리그램_(1정),rosuvastatin
649807680,발사로브정10/160밀리그램_(1정),rosuvastatin
649900040,메프친정50마이크로그램(프로카테롤염산염수화물)_(50μg/1정),procaterol
649900450,아이클루시그정15밀리그램(포나티닙염산염)_(16.03mg/1정),ponatinib
658601350,슈그란정50mg(수마트립탄숙신산염)_(70mg/1정),sumatriptan
650003150,알리톡연질캡슐30밀리그램(알리트레티노인)_(30mg/1캡슐),alitretinoin
642204511,젬플디주(파리칼시톨)_(5μg/1mL),paricalcitol
650206030,페바로젯정4/10밀리그램_(1정),ezetimibe
650304270,에스졸듀오정20/800밀리그램_(1정),esomeprazole
650304720,"피타콜린서방정(피타바스타틴칼슘, 페노피브레이트콜린)_(1정)",choline fenofibrate
650700520,크레스토정10밀리그램(로수바스타틴칼슘)_(10.4mg/1정),rosuvastatin
653801430,신일시프로플록사신염산염수화물정_(0.291g/1정),ciprofloxacin
651204420,로스텔정40/10밀리그램_(1정),telmisartan
651205780,암로반플러스정5/80/10밀리그램_(1정),valsartan
651206290,"글리펜슈프림플러스정(피타바스타틴칼슘, 페노피브레이트)_(1정)",pitavastatin
651601950,넥스프라졸정40mg(에스오메프라졸마그네슘이수화물)_(43.38mg/1정),esomeprazole
651602930,"한화로칸정 5/16밀리그램(로수바스타틴칼슘, 칸데사르탄실렉세틸)_(1정)",candesartan cilexetil
643802930,신신에스시탈로프람정10밀리그램(에스시탈로프람옥살산염)_(12.77mg/1정),escitalopram
651904200,트리레보정100/25/200mg_(1정),carbidopa
640001612,이노엔레보플록사신주_(0.25623g/50mL/백),levofloxacin
673400040,유로펜타정500mg(레보플록사신수화물)_(0.5123g/1정),levofloxacin
643504370,로프람정10밀리그램(에스시탈로프람옥살산염)_(12.77mg/1정),escitalopram
644904350,프리페넴주500밀리그램(수출명:CHOONGWAEPREPENEMINJ.500mg)_(1병),cilastatin
651904020,올스타틴정5mg(로수바스타틴칼슘)_(5.2mg/1정),rosuvastatin
693901351,셀페넴주1그램(메로페넴수화물)_(1g/1병),meropenem
646902151,인베가트린자주사(팔리페리돈팔미테이트)_(0.546g/1.75mL),paliperidone
661904120,푸루코졸캡슐(플루코나졸)_(50mg/1캡슐),fluconazole
652606350,로칸듀오정20/32밀리그램_(1정),rosuvastatin
653004990,리스돈정3밀리그램(리스페리돈)_(3mg/1정),risperidone
643903630,프라펙솔서방정0.75밀리그램(프라미펙솔염산염일수화물)_(0.75mg/1정),pramipexole dihydrochloride
694002770,토피스트정25밀리그램(토피라메이트)_(25mg/1정),topiramate
657800630,메모빅캡슐7.5밀리그람(멜록시캄)_(7.5mg/1캡슐),meloxicam
53600160,뉴록소로나정(록소프로펜나트륨수화물)_(68.1mg/1정),loxoprofen
693200671,글로베타주(디클로페낙베타디메틸아미노에탄올)_(90mg/2mL),diclofenac-β-dimethyl-aminoethanol
689001890,시어스나프록센정(나프록센나트륨)_(0.275g/1정),naproxen
658106680,아세네정(아세클로페낙)_(0.1g/1정),aceclofenac
653403740,로수탄젯정10/10밀리그램_(1정),rosuvastatin
653404740,피타론정4밀리그램(피타바스타틴칼슘)_(4mg/1정),pitavastatin
653805820,로타젯정10/5밀리그램_(1정),rosuvastatin
654004760,크레트롤정10/10밀리그램_(1정),ezetimibe
670701290,렉시탈정10밀리그램(에스시탈로프람옥살산염)_(12.77mg/1정),escitalopram
655403160,크로스타정10밀리그램(로수바스타틴칼슘)_(10.4mg/1정),rosuvastatin
655404780,"텔미트리원정80/5/10밀리그램(텔미사르탄,암로디핀,로수바스타틴)_(1정)",telmisartan
655605710,알파본디정1마이크로그램(알파칼시돌)_(1㎍/1정),alfacalcidol
653405680,아피가반정2.5밀리그램(아픽사반)_(2.5mg/1정),apixaban
656005740,"크레비스타정2.5/10밀리그램(네비보롤,로수바스타틴)_(1정)",nebivolol
656005750,"크레비스타정2.5/5밀리그램(네비보롤,로수바스타틴)_(1정)",rosuvastatin
656005880,"피타스틴듀오정(피타바스타틴칼슘, 페노피브레이트)_(1정)",fenofibrate
656702110,넬라스토정20밀리그램(로수바스타틴칼슘)_(20.8mg/1정),rosuvastatin
656702330,넬프라정40밀리그램(에스오메프라졸마그네슘이수화물)_(43.38mg/1정),esomeprazole
53300601,메르펜주500밀리그램(메로페넴수화물)_(0.5g/1병),meropenem
657806220,세니탈CR정(아세클로페낙)_(0.2g/1정),aceclofenac
665001910,브렉시브캡슐(세레콕시브)_(0.2g/1캡슐),celecoxib
645304510,베오페낙CR정(아세클로페낙)_(0.2g/1정),aceclofenac
651200170,라보펜정(잘토프로펜)_(80mg/1정),zaltoprofen
685900090,멜로디구강붕해정15밀리그램(멜로시캄)_(15mg/1정),meloxicam
651902260,퍼킨정25-100mg_(1정),carbidopa
652606900,스타레보필름코팅정125/31.25/200밀리그램_(1정),carbidopa
647205110,레보타신정100밀리그램(레보플록사신수화물)_(0.10249g/1정),levofloxacin
643802680,유로레보정250mg(레보플록사신수화물)_(0.25615g/1정),levofloxacin
665504891,프로신주(레보플록사신수화물)_(0.25623g/50mL),levofloxacin
657203640,에프람정5밀리그램(에스시탈로프람옥살산염)_(6.39mg/1정),escitalopram
694001370,렉사스타정20밀리그램(에스시탈로프람옥살산염)_(25.54mg/1정),escitalopram
657203090,콤비로칸정5/8밀리그램_(1정),candesartan cilexetil
657203530,라사핀정0.5밀리그램(라사길린메실산염)_(0.78mg/1정),rasagiline
657203780,콤비젯정10/40밀리그램_(1정),atorvastatin
657203960,알프람정0.125밀리그램(알프라졸람)_(0.125mg/1정),alprazolam
694001020,베아신정500밀리그램(시프로플록사신염산염수화물)_(0.582g/1정),ciprofloxacin
641601783,씨프러스주(시프로플록사신)_(0.4g/200mL/백),ciprofloxacin
656700430,넬슨이부프로펜정400밀리그램(이부프로펜)_(0.4g/1정),ibuprofen
649700870,지엘피록시캄캡슐20밀리그램_(20mg/1캡슐),piroxicam
645300450,류멜캡슐(멜록시캄)_(7.5mg/1캡슐),meloxicam
646000510,록펜정(록소프로펜나트륨)_(60mg/1정),loxoprofen
669700100,알로펜정(록소프로펜나트륨수화물)_(68.1mg/1정),loxoprofen
641700320,로바펜정(록소프로펜나트륨)_(60mg/1정),loxoprofen
684501070,록시칼캡슐(멜록시캄)_(7.5mg/1캡슐),meloxicam
657805790,로스토린정10/10밀리그램_(1정),rosuvastatin
657806750,텔미로원정40/10밀리그램_(1정),rosuvastatin
658106570,로바트정10밀리그램(로수바스타틴칼슘)_(10.4mg/1정),rosuvastatin
658202860,슈바스틴정20밀리그램(로수바스타틴칼슘)_(20.8mg/1정),rosuvastatin
658204570,아트로젯정10/40밀리그램_(1정),atorvastatin
658600641,아코신주50mg(네틸마이신황산염)_(50mg/2mL),netilmicin
656702030,록펜스정(록소프로펜나트륨수화물)_(68.1mg/1정),loxoprofen
648502580,아클론정(아세클로페낙)_(0.1g/1정),aceclofenac
660702800,위더콕스캡슐200밀리그램(세레콕시브)_(0.2g/1캡슐),celecoxib
661904360,모빅스캄캡슐(멜록시캄)_(7.5mg/1캡슐),meloxicam
658604080,미살탄스타정40/5밀리그램_(1정),rosuvastatin
658604090,미살탄스타정40/10밀리그램_(1정),telmisartan
665504903,프로신주(레보플록사신수화물)_(0.51246g/100mL),levofloxacin
643802860,신신플루코나졸캡슐50밀리그램_(50mg/1캡슐),fluconazole
76100091,트리세녹스주2mg/mL(삼산화비소)(바이알)_(12mg/6mL),arsenic trioxide
651903320,뉴프람정5밀리그램(에스시탈로프람옥살산염)_(6.39mg/1정),escitalopram
661904600,에스오멕스정20밀리그램(에스오메프라졸마그네슘이수화물)_(21.69mg/1정),esomeprazole
665506751,프로신주(레보플록사신수화물)_(0.76869g/150mL),levofloxacin
628901550,이프람정5밀리그램(에스시탈로프람옥살산염)_(6.39mg/1정),escitalopram
651200520,벤라팩트서방캡슐(벤라팍신염산염)_(84.84mg/1캡슐),venlafaxine
648900181,디푸루칸건조시럽(플루코나졸)_(0.35g/35mL),fluconazole
662503740,로수민정5밀리그램(로수바스타틴칼슘)_(5.2mg/1정),rosuvastatin
662504230,디카졸정150밀리그램(플루코나졸)_(0.15g/1정),fluconazole
663604300,로수바정10밀리그램(로수바스타틴칼슘)_(10.4mg/1정),rosuvastatin
663607700,라베핀정10밀리그램(라베프라졸나트륨)_(10mg/1정),rabeprazole
663607760,리페스틴캡슐_(1캡슐),pitavastatin
664102870,비엘라베정10밀리그램(라베프라졸나트륨)_(10mg/1정),rabeprazole
665001300,수바스틴정(로수바스타틴칼슘)_(10.4mg/1정),rosuvastatin
665506350,유니온아스피린장용정_(0.1g/1정),aspirin
662502710,쎄넥스캡슐(세레콕시브)_(0.2g/1캡슐),celecoxib
643300100,낙센에프서방정1000밀리그램(나프록센)_(1g/1정),naproxen
665501480,세록펜정(록소프로펜나트륨수화물)_(68.1mg/1정),loxoprofen
641501940,엠페낙CR정(아세클로페낙)_(0.2g/1정),aceclofenac
60500050,메가시플록정(시프로플록사신염산염수화물)_(0.291g/1정),ciprofloxacin
669804301,베타펜주(디클로페낙β-디메틸아미노에탄올)_(90mg/2mL),diclofenac-β-dimethyl-aminoethanol
648502740,에바드린서방캡슐_(1캡슐),ebastine
648504381,레포신주(레보플록사신)_(0.5g/100mL),levofloxacin
646000530,리노에바티스서방캡슐_(1캡슐),pseudoephedrine
670304510,로미젯정10/20밀리그램_(1정),ezetimibe
658603020,시푸로신정(시프로플록사신염산염수화물)_(0.291g/1정),ciprofloxacin
670606770,로스톤정20밀리그램(로수바스타틴칼슘)_(20.8mg/1정),rosuvastatin
670606780,로스톤정5밀리그램(로수바스타틴칼슘)_(5.2mg/1정),rosuvastatin
670609610,"리바페논캡슐2/160밀리그램(피타바스타틴칼슘, 페노피브레이트)_(1캡슐)",pitavastatin
670700060,나르펜정400밀리그램(이부프로펜)(수출명:PANALTab.)_(0.4g/1정),ibuprofen
671706880,케이바로정1밀리그램(피타바스타틴칼슘수화물)_(1.102mg/1정),pitavastatin
671707610,피에스토파시티닙정10밀리그램(토파시티닙시트르산염)_(16.155mg/1정),tofacitinib
671804830,크로우정10mg(로수바스타틴칼슘)_(10.4mg/1정),rosuvastatin
671806340,크로우젯정10/20밀리그램_(1정),ezetimibe
671806590,트리인원정40/5/5mg_(1정),telmisartan
671806590,트리인원정40/5/5mg_(1정),rosuvastatin
671807700,타바로젯정4/10밀리그램_(1정),ezetimibe
678600960,리토아틴정20밀리그램(아토르바스타틴칼슘삼수화물)_(21.7mg/1정),atorvastatin
693903150,듀오스타정80/10밀리그램_(1정),rosuvastatin
693904050,"셀타펜캡슐(피타바스타틴,페노피브레이트)_(1캡슐)",fenofibrate
694000840,웅코나졸정150밀리그램(플루코나졸)_(0.15g/1정),fluconazole
694003190,로에제정10/5밀리그램_(1정),ezetimibe
694003620,브이포지알정5/80/5밀리그램_(1정),rosuvastatin
694003680,칸데칸듀오정10/16밀리그램_(1정),rosuvastatin
694003690,칸데칸듀오정20/32밀리그램_(1정),candesartan cilexetil
694004160,크라틴정2.5밀리그램(로수바스타틴칼슘(미분화))_(2.6mg/1정),rosuvastatin
698000930,루나졸캡슐(플루코나졸)_(50mg/1캡슐),fluconazole
698004380,텔로바틴정40/5밀리그램_(1정),rosuvastatin
698502550,이텍스로수바스타틴칼슘정10mg_(10.4mg/1정),rosuvastatin
644500300,맥스마빌장용정_(1정),calcitriol
52700720,멜록신캡슐(멜록시캄)_(7.5mg/1캡슐),meloxicam
73000750,로수칸데정20/32밀리그램_(1정),rosuvastatin
645404560,트리도파정50/12.5/200밀리그램_(1정),carbidopa
620500300,네비로스타정5/20밀리그램_(1정),rosuvastatin
620500340,네비로스타정2.5/5밀리그램_(1정),nebivolol
642403870,리네졸린정600밀리그램(리네졸리드)_(0.6g/1정),linezolid
622600430,비엘피린장용정100밀리그램(아스피린)_(0.1g/1정),aspirin
663600340,레카니정(레르카니디핀염산염)_(10mg/1정),lercanidipine
622804650,피타틴엠정2밀리그램(피타바스타틴칼슘)_(2mg/1정),pitavastatin
622805050,"로수엠젯정10/2.5밀리그램(에제티미브, 로수바스타틴)_(1정)",rosuvastatin
627600210,피엠에스로수바스타틴정10밀리그램(로수바스타틴칼슘)_(10.419mg/1정),rosuvastatin
645702140,크레로슈정5밀리그램(로수바스타틴칼슘)_(5.2mg/1정),rosuvastatin
646203690,로스타젠정10밀리그램(로수바스타틴칼슘)_(10.4mg/1정),rosuvastatin
54800380,로수바트정10mg(로수바스타틴칼슘)_(10.4mg/1정),rosuvastatin
627600240,카나보센정125밀리그램(보센탄수화물(미분화))_(1.29082g/1정),bosentan
628901680,에큐민정100밀리그램(쿠에티아핀푸마르산염)_(0.11513g/1정),quetiapine
628902560,알카디정1마이크로그램(알파칼시돌)_(1㎍/1정),alfacalcidol
640001590,라베원정20밀리그램(라베프라졸나트륨)_(20mg/1정),rabeprazole
640005870,에이프렉사정2.5밀리그램(올란자핀)_(2.5mg/1정),olanzapine
640006970,로바젯정10/20밀리그램_(1정),rosuvastatin
640007950,엑스원알정5/160/2.5밀리그램_(1정),rosuvastatin
640901260,플루카졸캡슐150밀리그램(플루코나졸)_(0.15g/1캡슐),fluconazole
641607190,올로맥스정40/5/10밀리그램_(1정),olmesartan medoxomil
641704730,디무로칸캡슐50밀리그램(플루코나졸)_(50mg/1캡슐),fluconazole
641705710,텔로다운정80/10밀리그램_(1정),rosuvastatin
653102670,튜비스정_(1정),isoniazid
641804750,로수리딘정10밀리그램(로수바스타틴칼슘)_(10.4mg/1정),rosuvastatin
641906350,이지산트정10/10밀리그램_(1정),ezetimibe
642002520,올라핀정10밀리그램(올란자핀)_(10mg/1정),olanzapine
642003760,로티미브정10/10밀리그램_(1정),rosuvastatin
642104580,듀오웰정80/20밀리그램_(1정),telmisartan
642104590,듀오웰정80/10밀리그램_(1정),telmisartan
642104610,듀오웰정80/5밀리그램_(1정),rosuvastatin
642105320,듀오웰에이정40/5/5밀리그램_(1정),telmisartan
642105390,듀오웰에이정40/5/10밀리그램_(1정),amlodipine
642105400,로수암핀정10/10밀리그램_(1정),amlodipine
642105690,아토바미브정10/10밀리그램_(1정),ezetimibe
655603210,한올플루코나졸캡슐_(50mg/1캡슐),fluconazole
644603460,록시트정(록시트로마이신)_(0.15g/1정),roxithromycin
648100570,록스린정(록시트로마이신)(수출명:RoxyrocinTab.)_(0.15g/1정),roxithromycin
643305891,메카펨주1그램(메로페넴수화물)_(1g/1병),meropenem
642300580,록시나정(록시트로마이신)_(0.15g/1정),roxithromycin
642404070,크레아진플러스정10/10mg_(1정),ezetimibe
648900721,자이복스주2밀리그람/밀리리터(리네졸리드)_(0.6g/300mL),linezolid
642404370,영진설트랄린정50밀리그램(설트랄린염산염)_(55.96mg/1정),sertraline
642405060,영진올란자핀정10밀리그램_(10mg/1정),olanzapine
642506250,크레스논정20밀리그램(로수바스타틴칼슘)_(20.8mg/1정),rosuvastatin
642507420,투게논정10/16밀리그램_(1정),rosuvastatin
657805000,씨프론정250mg(시프로플록사신염산염수화물)_(0.291g/1정),ciprofloxacin
657802791,하나온단세트론주사(온단세트론염산염수화물)_(5mg/2mL),ondansetron
657806180,슈도스틴서방캡슐_(1캡슐),ebastine
642706860,동화로수바스타틴정20밀리그램(로수바스타틴칼슘)_(20.8mg/1정),rosuvastatin
642706880,동화로수바스타틴정10밀리그램(로수바스타틴칼슘)_(10.4mg/1정),rosuvastatin
642904910,피타큐정4밀리그램(피타바스타틴칼슘)_(4mg/1정),pitavastatin
642904980,로베틴정20밀리그램(로수바스타틴칼슘)_(20.8mg/1정),rosuvastatin
642905980,텔로스톱플러스정80/5/10밀리그램_(1정),rosuvastatin
642907170,"피타큐젯정1/10밀리그램(피타바스타틴칼슘수화물, 에제티미브)_(1정)",ezetimibe
643104380,로수넥스정5mg(로수바스타틴칼슘)_(5.2mg/1정),rosuvastatin
620500010,니페론씨알서방정40밀리그램(니페디핀)_(40mg/1정),nifedipine
643300750,멜락스캡슐15밀리그램(멜록시캄)_(15mg/1캡슐),meloxicam
643308910,칸타벨에이정16/10/40밀리그램_(1정),candesartan cilexetil
643309840,"피타로우에프정2/160밀리그램(피타바스타틴,페노피브레이트)_(1정)",fenofibrate
648903041,나이트로프레스주(니트로푸루시드나트륨)_(50mg/2mL),sodium nitroprusside
643506781,플루테롤흡입용캡슐100/50_(60캡슐),fluticasone
643508380,아모잘탄엑스큐정 5/100/20/10밀리그램_(1정),rosuvastatin
643509010,아모잘탄엑스큐정 5/100/2.5/10밀리그램_(1정),ezetimibe
643605430,로타칸정 5/8밀리그램_(1정),rosuvastatin
643606220,로제텔정80/10/10밀리그램_(1정),ezetimibe
643606220,로제텔정80/10/10밀리그램_(1정),rosuvastatin
643606430,로제텔핀정80/5/10/5밀리그램_(1정),telmisartan
643607020,네오칼시돌연질캡슐0.5마이크로그램(알파칼시돌)_(0.5㎍/1캡슐),alfacalcidol
643802960,신신쿠에티아핀정100밀리그램(쿠에티아핀푸마르산염)_(0.11513g/1정),quetiapine
644001130,"아모리아캡슐(멜록시캄)(수출명 : Amolex Cap., Mepedo Cap.)_(7.5mg/1캡슐)",meloxicam
644102080,툴로스트패취1밀리그램(툴로부테롤)_(2.25X2.25㎠/1매),tulobuterol
658603741,이연메로페넴주1그램(메로페넴수화물)_(1g/1병),meropenem
644304210,"타목센정20밀리그램(타목시펜시트르산염)(수출명:Tamooex Tabs.20mg,XifenTabs.20mg,GyraxenTabs.20mg)_(30.4mg/1정)",tamoxifen
644503160,유로바젯정10/10밀리그램_(1정),ezetimibe
657307730,렉시프람정10밀리그램(에스시탈로프람옥살산염)_(12.77mg/1정),escitalopram
645210390,로젯탐정10/20밀리그램_(1정),rosuvastatin
658601560,이연트롬빈동결건조분말5000단위_(5KI.U/1병),thrombin
645300761,보트로파제주사(헤모코아귤라제)_(2KU/2mL),hemocoagulase
645305460,크레더블정10/20밀리그램_(1정),ezetimibe
645401930,티에스원캡슐20_(1캡슐),oteracil
645404530,로제듀오정10/10밀리그램_(1정),ezetimibe
645406170,텔미칸큐정40/10/10/5밀리그램_(1정),ezetimibe
645406180,텔미칸큐정40/20/10/5밀리그램_(1정),ezetimibe
645406180,텔미칸큐정40/20/10/5밀리그램_(1정),amlodipine
645406200,텔미칸큐정80/10/10/5밀리그램_(1정),amlodipine
645701041,이브듀오시럽(이부프로펜)_(20g/500mL),ibuprofen
645702190,노테몬패취0.5밀리그램(툴로부테롤)_(1.6X1.6㎠/1매),tulobuterol
653402930,록페린정(록소프로펜나트륨수화물)_(68.1mg/1정),loxoprofen
641802300,에어낙정(아세클로페낙)_(0.1g/1정),aceclofenac
57600660,록소원정(록소프로펜나트륨)_(68.1mg/1정),loxoprofen
650303890,아엔탈CR정(아세클로페낙)_(0.2g/1정),aceclofenac
658204010,엘릭사반정5밀리그램(아픽사반)_(5mg/1정),apixaban
660702560,후로졸캡슐50mg(플루코나졸)_(50mg/1캡슐),fluconazole
670103680,쎌레코캡슐200밀리그램(세레콕시브)_(0.2g/1캡슐),celecoxib
662503170,록소프린정(록소프로펜나트륨수화물)_(68.1mg/1정),loxoprofen
669604770,아이셀콕캡슐100밀리그램(세레콕시브)_(0.1g/1캡슐),celecoxib
622803260,마더스아스피린장용정100mg(아스피린)_(0.1g/1정),aspirin
657804680,쎌비트캡슐200밀리그램(세레콕시브)_(0.2g/1캡슐),celecoxib
628900540,쎄렉스타캡슐100mg(세레콕시브)_(0.1g/1캡슐),celecoxib
646004950,라사길정0.5밀리그램(라사길린메실산염)_(0.78mg/1정),rasagiline
643103770,레보트라정(레보플록사신수화물)_(0.1g/1정),levofloxacin
673400350,큐엘파마아지트로마이신수화물정_(0.26203g/1정),azithromycin
665505150,후루날캡슐(플루코나졸)(수출명:FLUCON Cap.)_(50mg/1캡슐),fluconazole
696300011,판토록주사(판토프라졸나트륨세스키히드레이트)_(45.1mg/1병),pantoprazole
674100860,넥스졸정20mg(에스오메프라졸마그네슘삼수화물)_(22.3mg/1정),esomeprazole
647300190,라베피아정10밀리그램(라베프라졸나트륨)_(10mg/1정),rabeprazole
671705960,파리에트정5밀리그램(라베프라졸나트륨)_(5mg/1정),rabeprazole
649001460,라비파정20밀리그램(라베프라졸나트륨)_(20mg/1정),rabeprazole
650700080,넥시움정40밀리그람(에스오메프라졸마그네슘)_(44.5mg/1정),esomeprazole
647304320,로수듀오정10/5밀리그램_(1정),ezetimibe
644802230,태극아세클로페낙정_(0.1g/1정),aceclofenac
669501600,멜로빅캡슐7.5mg(멜록시캄)_(7.5mg/1캡슐),meloxicam
647804700,뉴스타틴티에스정80/5/10mg_(1정),rosuvastatin
647805340,"라베올듀오정10/500밀리그램(라베프라졸나트륨,탄산수소나트륨)_(1정)",sodium bicarbonate
647805560,뉴스타틴알정2.5밀리그램(로수바스타틴칼슘)_(2.6mg/1정),rosuvastatin
653005060,리록스정(록소프로펜나트륨수화물)_(68.1mg/1정),loxoprofen
693200960,글로아스피린장용정100mg(아스피린)_(0.1g/1정),aspirin
628800250,휴낙정(아세클로페낙)_(0.1g/1정),aceclofenac
644102220,록프로펜정(록소프로펜나트륨수화물)_(68.1mg/1정),loxoprofen
651203580,쎄레캅캡슐200밀리그램(세레콕시브)_(0.2g/1캡슐),celecoxib
648104350,로트로반정5밀리그램(로수바스타틴칼슘)_(5.2mg/1정),rosuvastatin
648104560,발트리오정5/160/10밀리그램_(1정),valsartan
648104570,발트리오정5/80/10밀리그램_(1정),rosuvastatin
648104570,발트리오정5/80/10밀리그램_(1정),valsartan
648105190,"로토디핀정5/5밀리그램(로수바스타틴, 암로디핀)_(1정)",amlodipine
648105310,"페노로반정2/145밀리그램(피타바스타틴칼슘, 페노피브레이트)_(1정)",pitavastatin
648507100,콜로스타정5밀리그램(로수바스타틴칼슘)_(5.2mg/1정),rosuvastatin
648604160,메가엠듀얼연질캡슐_(1캡슐),omega-3-acid ethyl esters90
648604200,아로젯정10/10밀리그램_(1정),atorvastatin
674900480,앱스트랄설하정100마이크로그램(펜타닐시트르산염)_(0.1571mg/1정),fentanyl
653600650,써티칸정0.75밀리그램(에베로리무스)_(0.75mg/1정),everolimus
642003170,현대클로피도그렐정(클로피도그렐황산염)_(97.875mg/1정),clopidogrel bisulfate
694002990,베아로신서방캡슐0.4밀리그램(탐스로신염산염)_(0.4mg/1캡슐),tamsulosin
697100330,프로빅스정(클로피도그렐황산수소염)_(97.875mg/1정),clopidogrel bisulfate
670607510,탐루신디서방정(탐스로신염산염)_(0.2mg/1정),tamsulosin
58800500,메딕그렐정(클로피도그렐황산수소염)_(97.875mg/1정),clopidogrel bisulfate
652607220,러츠날서방정0.2밀리그램(탐스로신염산염)_(0.2mg/1정),tamsulosin
622803450,탐술엠캡슐0.2밀리그램(탐스로신염산염)_(0.2mg/1캡슐),tamsulosin
651200940,삼천당탐스로신서방정0.2밀리그램(탐스로신염산염)_(0.2mg/1정),tamsulosin
642703010,클로피정(클로피도그렐황산수소염)_(97.875mg/1정),clopidogrel bisulfate
646901581,인베가서스티나주사117mg(팔리페리돈팔미테이트)_(0.117g/0.75mL),paliperidone
651904140,명인트라조돈염산염정25mg_(25mg/1정),trazodone
649104890,젤로스타정20/10밀리그램_(1정),olmesartan medoxomil
649104900,로수발탄정10/160밀리그램_(1정),rosuvastatin
649104990,듀오텔미정40/10밀리그램_(1정),rosuvastatin
649105080,로수코마연질캡슐_(1캡슐),rosuvastatin
649105090,크레칸데정5/8밀리그램_(1정),candesartan cilexetil
649106140,"크레스티브정10/2.5밀리그램(에제티미브,로수바스타틴)_(1정)",rosuvastatin
649405530,크레바젯정10/5밀리그램_(1정),ezetimibe
649507260,크레토정5밀리그램 (로수바스타틴칼슘)_(5.2mg/1정),rosuvastatin
649508590,"란탄듀오정15/600밀리그램(란소프라졸,침강탄산칼슘)_(1정)",lansoprazole
649605850,로바듀엣정10/5밀리그램_(1정),ezetimibe
649701990,지엘아스피린장용정100밀리그램_(0.1g/1정),aspirin
654302150,옥소펜정(록소프로펜나트륨수화물)_(68.1mg/1정),loxoprofen
670701790,쎄레프로캡슐200mg(세레콕시브)_(0.2g/1캡슐),celecoxib
60500010,메가클로페낙정(아세클로페낙)_(0.1g/1정),aceclofenac
649804210,명문쿠에티아핀정25밀리그램(쿠에티아핀푸마르산염)_(28.78mg/1정),quetiapine
642904940,젤로빅정150밀리그램(카페시타빈)_(0.15g/1정),capecitabine
649807210,테고캡슐20_(1캡슐),tegafur
649807670,발사로브정10/80밀리그램_(1정),valsartan
649808230,텔미원스플러스정40/5/5밀리그램_(1정),rosuvastatin
650000452,벤토린네뷸2.5mg(살부타몰황산염)_(3mg/2.5mL),salbutamol
625900100,데스코비정 200/25 mg_(1정),emtricitabine
650001930,제픽스정100밀리그램(라미부딘)_(0.1g/1정),lamivudine
650204720,"슈바젯정10/20밀리그램(에제티미브, 로수바스타틴)_(1정)",rosuvastatin
650204720,"슈바젯정10/20밀리그램(에제티미브, 로수바스타틴)_(1정)",ezetimibe
650303420,트루스타정80/5밀리그램_(1정),rosuvastatin
650303510,로수바틴정5밀리그램(로수바스타틴칼슘)_(5.2mg/1정),rosuvastatin
650304180,로수브젯정10/20밀리그램_(1정),ezetimibe
640000671,사이톱신주(시프로플록사신)_(0.2g/100mL),ciprofloxacin
642301630,삼성시플로프록사신정(시프로플록사신염산염수화물)_(0.291g/1정),ciprofloxacin
651204400,로스텔정80/10밀리그램_(1정),telmisartan
651204850,로제로우정10/5밀리그램_(1정),rosuvastatin
645401470,제일크라비트정(레보플록사신)_(0.1g/1정),levofloxacin
651904490,트리레보정150/37.5/200mg_(1정),levodopa
645404490,트리도파정125/31.25/200밀리그램_(1정),carbidopa
643903520,프라펙솔정0.5밀리그램(프라미펙솔염산염일수화물)_(0.5mg/1정),pramipexole dihydrochloride
651903840,메가스타틴정2mg(피타바스타틴칼슘)_(2mg/1정),pitavastatin
651904380,큐로켈정50밀리그램(쿠에티아핀푸마르산염)_(57.57mg/1정),quetiapine
653500290,미라펙스정0.25밀리그램(프라미펙솔염산염일수화물)_(0.25mg/1정),pramipexole dihydrochloride
641904200,"후코날캡슐50밀리그램(플루코나졸)(수출명:플루코나존캡슐50mg,Neoplucancapsule50mg))_(50mg/1캡슐)",fluconazole
652600590,딜테란서방캡슐(딜티아젬아시딕폴리머콤플렉스)_(90mg/1캡슐),diltiazem
652600771,메파렌주75밀리그램(디클로페낙나트륨)(수출명:클로렌주75mg(Cloren Inj. 75mg))_(75mg/2mL),diclofenac
652606350,로칸듀오정20/32밀리그램_(1정),candesartan cilexetil
652606510,로칸듀오정5/16밀리그램_(1정),rosuvastatin
652903110,크레스틴정10밀리그램(로수바스타틴칼슘)_(10.4mg/1정),rosuvastatin
652904080,서울아스피린장용정_(0.1g/1정),aspirin
653001301,아나센주2밀리리터(디클로페낙β-디메틸아미노에탄올)_(90mg/2mL),diclofenac-β-dimethyl-aminoethanol
653005400,마이셀타캡슐60밀리그램(둘록세틴염산염)_(67.3mg/1캡슐),duloxetine
653005550,올자펙스정10밀리그램(올란자핀)_(10mg/1정),olanzapine
653006250,파마에스오메프라졸정20밀리그램(에스오메프라졸마그네슘이수화물)_(21.69mg/1정),esomeprazole
653007050,파마나라트립탄구강붕해정2.5밀리그램(나라트립탄염산염)_(2.78mg/1정),naratriptan
649803180,토파민정25밀리그람(토피라메이트)_(25mg/1정),topiramate
642902300,토파메드정25밀리그램(토피라메이트)_(25mg/1정),topiramate
697100050,아세민정(아세클로페낙)_(0.1g/1정),aceclofenac
643904131,조프란주(온단세트론염산염수화물)_(10mg/4mL),ondansetron
648601850,플렉스캡슐(플루코나졸)_(50mg/1캡슐),fluconazole
646901591,인베가서스티나주사156mg(팔리페리돈팔미테이트)_(0.156g/1mL),paliperidone
622804110,푸나졸엠정150mg(플루코나졸)_(0.15g/1정),fluconazole
644304701,프루칸주(플루코나졸)_(0.1g/50mL),fluconazole
655502110,피펠트로정(도라비린)_(0.1g/1정),doravirine
656003960,호쿠나패취0.5밀리그램(툴로부테롤)_(2.5㎠/1매),tulobuterol
656005260,넥시리움듀오정20/800밀리그램_(1정),sodium bicarbonate
656005560,"크레스젯정10/10밀리그램(에제티미브, 로수바스타틴)_(1정)",ezetimibe
670501470,씨엘콕스캡슐200밀리그램(세레콕시브)_(0.2g/1캡슐),celecoxib
670602780,휴로펜정(록소프로펜나트륨수화물)_(68.1mg/1정),loxoprofen
651300820,뉴콕시브정200밀리그램(세레콕시브)_(0.2g/1정),celecoxib
649001840,로로펜정60밀리그램(록소프로펜나트륨수화물)_(68.1mg/1정),loxoprofen
651904240,트리레보정75/18.75/200mg_(1정),entacapone
651904250,트리레보정50/12.5/200mg_(1정),entacapone
653005320,사로프람정20mg(에스시탈로프람옥살산염)_(25.54mg/1정),escitalopram
651905340,"명도파정12.5/50밀리그램(벤세라지드, 레보도파)_(1정)",benserazide
652606910,스타레보필름코팅정200/50/200밀리그램_(1정),levodopa
649508411,렉타신주(레보플록사신수화물)_(0.76869g/150mL),levofloxacin
657203110,콤비로칸정10/16밀리그램_(1정),candesartan cilexetil
650300880,씨록신정250밀리그램(시프로플록사신염산염수화물)_(0.291g/1정),ciprofloxacin
651902320,폭센정275밀리그람(나프록센나트륨)_(0.275g/1정),naproxen
642702240,아세크론정(아세클로페낙)_(0.1g/1정),aceclofenac
657805800,로스토린정10/5밀리그램_(1정),ezetimibe
643303740,테라싸이클린캅셀250밀리그람(염산테트라싸이클린)_(0.25g/1캡슐),tetracycline
657806740,텔미로원정40/5밀리그램_(1정),telmisartan
657808170,"칸데로원정5/8밀리그램(로수바스타틴, 칸데사르탄)_(1정)",rosuvastatin
640900550,아세클란정(아세클로페낙)_(0.1g/1정),aceclofenac
661604540,알피플루코나졸캡슐_(50mg/1캡슐),fluconazole
660702640,로수브이정10mg(로수바스타틴칼슘)_(10.4mg/1정),rosuvastatin
660703590,듀로텔정40/5밀리그램_(1정),rosuvastatin
658106430,플루진캡슐(플루코나졸)_(50mg/1캡슐),fluconazole
57200091,카이트릴주(그라니세트론염산염)_(3.36mg/3mL),granisetron
650301190,리노드린서방캡슐_(1캡슐),pseudoephedrine
649104360,휴텍스플루코나졸정150mg_(0.15g/1정),fluconazole
663608250,로수에젯정10/5밀리그램_(1정),rosuvastatin
646800120,건일로딘서방정600밀리그램(미분화에토돌락)_(0.6g/1정),etodolac
628800170,휴록스정(록소프로펜나트륨수화물)_(68.1mg/1정),loxoprofen
665507960,유니온툴로부테롤패취1밀리그램_(5㎠/1매),tulobuterol
643607030,네오칼시돌연질캡슐1마이크로그램(알파칼시돌)_(1㎍/1캡슐),alfacalcidol
668903190,제미로우정50/5밀리그램_(1정),rosuvastatin
651900760,명인클로르프로마진염산염정100밀리그램(수출명:클로진정100mg)_(0.1g/1정),chlorpromazine
670104730,크바스틴정5밀리그램(로수바스타틴칼슘)_(5.2mg/1정),rosuvastatin
670105130,리바젯정10/20밀리그램_(1정),atorvastatin
625800190,디푸칸캡슐(플루코나졸)_(50mg/1캡슐),fluconazole
628900970,씨플록정250mg(시프로플록사신염산염수화물)_(0.291g/1정),ciprofloxacin
670304520,로미젯정10/10밀리그램_(1정),ezetimibe
670500760,아스톨패취2밀리그램(툴로부테롤)_(10㎠/1매),tulobuterol
670502420,자록스정20밀리그램(리바록사반)_(20mg/1정),rivaroxaban
670606910,암로듀엣정5/20mg_(1정),amlodipine
649507320,웰서방정(부프로피온염산염)_(0.15g/1정),bupropion
678000150,지트람엑스엘서방정200밀리그람(트라마돌염산염)_(0.2g/1정),tramadol
671706720,로바하이정20/80밀리그램_(1정),rosuvastatin
671707600,피에스토파시티닙정5밀리그램(토파시티닙시트르산염)_(8.078mg/1정),tofacitinib
671800320,파리벤정10mg(라베프라졸나트륨)_(10mg/1정),rabeprazole
671806360,크로우젯정10/5밀리그램_(1정),ezetimibe
679801830,티디라베정10밀리그램(라베프라졸나트륨)_(10mg/1정),rabeprazole
693200790,글로라베정10mg(라베프라졸나트륨)_(10mg/1정),rabeprazole
694003610,브이포지알정5/80/10밀리그램_(1정),rosuvastatin
683100121,겐타프로주사(겐타마이신황산염)_(80mg/2mL),gentamicin
696300621,레프라갈주(아갈시다제알파)_(3.5mg/3.5mL),agalsidase α
696601160,크래바스정10mg(로수바스타틴칼슘)_(10.4mg/1정),rosuvastatin
698502580,이텍스로수바스타틴칼슘정5mg_(5.2mg/1정),rosuvastatin
52402320,"아이스타플러스정80/5/10밀리그램(텔미사르탄,암로디핀,로수바스타틴)_(1정)",telmisartan
60500560,라벤다정10밀리그램(라베프라졸나트륨)_(10mg/1정),rabeprazole
73000770,로수칸데정5/8밀리그램_(1정),candesartan cilexetil
73001140,건프람정5밀리그램(에스시탈로프람옥살산염)_(6.39mg/1정),escitalopram
646902370,콘서타OROS서방정27밀리그램(메틸페니데이트염산염)_(27mg/1정),methylphenidate
660700260,레씨범연질캡슐(이소트레티노인)_(10mg/1캡슐),isotretinoin
669804851,네오마돌주50mg(트라마돌염산염)_(50mg/1mL),tramadol
622805180,페북엠정80밀리그램(페북소스타트)_(80mg/1정),febuxostat
622805210,플루코엠캡슐(플루코나졸)_(50mg/1캡슐),fluconazole
622805460,"비모엠정500/20밀리그램(나프록센, 에스오메프라졸)_(1정)",esomeprazole
644904330,프로비질정200밀리그램(모다피닐)_(0.2g/1정),modafinil
625201300,넥세라정40밀리그램(에스오메프라졸마그네슘이수화물)_(43.38mg/1정),esomeprazole
694001090,크라틴정5밀리그램(로수바스타틴칼슘)_(5.2mg/1정),rosuvastatin
645304780,크레첵정10밀리그램(로수바스타틴칼슘)_(10.4mg/1정),rosuvastatin
679601220,로바칸정10밀리그램(로수바스타틴칼슘)_(10.4mg/1정),rosuvastatin
669804810,유니로바정10mg(로수바스타틴칼슘)_(10.4mg/1정),rosuvastatin
641502670,로수바엠정5밀리그램(로수바스타틴칼슘)_(5.2mg/1정),rosuvastatin
651600850,윈트랄엑스엘정(알푸조신염산염)_(10mg/1정),alfuzosin
657203460,로나큐정4밀리그램(블로난세린)_(4mg/1정),blonanserin
625900170,보세비정_(1정),velpatasvir
627600200,피엠에스로수바스타틴정20밀리그램(로수바스타틴칼슘)_(20.838mg/1정),rosuvastatin
642701180,레니딥정(레르카니디핀염산염)_(10mg/1정),lercanidipine
640006760,비바코정5밀리그램(로수바스타틴칼슘)_(5.2mg/1정),rosuvastatin
649804381,오트론주(온단세트론염산염수화물)(수출명:명문온단세트론주사)_(5mg/2mL),ondansetron
641502750,로수바엘정20밀리그램(로수바스타틴칼슘)_(20.8mg/1정),rosuvastatin
641604590,대웅로수바스타틴정20밀리그램(로수바스타틴칼슘)_(20.8mg/1정),rosuvastatin
641605770,올로스타정20/5밀리그램_(1정),olmesartan medoxomil
641705700,텔로다운정80/5밀리그램_(1정),telmisartan
641705710,텔로다운정80/10밀리그램_(1정),telmisartan
641806910,로제케이정10/20밀리그램_(1정),ezetimibe
641907350,듀카로정60/5/5밀리그램_(1정),fimasartan
641908280,엘제로젯정4/10밀리그램_(1정),ezetimibe
642100990,아토르바정20밀리그램(아토르바스타틴칼슘삼수화물)_(21.7mg/1정),atorvastatin
642105810,듀오웰플러스정80/10/10밀리그램_(1정),telmisartan
669603690,플루캡슐50mg(플루코나졸)_(50mg/1캡슐),fluconazole
669901050,레비신정100mg(레보플록사신)_(0.1g/1정),levofloxacin
693201640,시프로신정(시프로플록사신염산염)_(0.291g/1정),ciprofloxacin
642402070,쿠티아핀정25밀리그램(쿠에티아핀푸마르산염)_(28.78mg/1정),quetiapine
642707010,로티브정10/20밀리그램_(1정),rosuvastatin
642905530,텔로스톱정80/5밀리그램_(1정),rosuvastatin
643308690,텔미트렌에스정80/10밀리그램_(1정),rosuvastatin
643507820,"아모잘탄큐정5/100/20밀리그램(암로디핀,로사르탄,로수바스타틴)_(1정)",rosuvastatin
643507840,"아모잘탄큐정5/50/20밀리그램(암로디핀,로사르탄,로수바스타틴)_(1정)",rosuvastatin
643507850,"아모잘탄큐정5/50/10밀리그램(암로디핀,로사르탄,로수바스타틴)_(1정)",losartan
643509020,아모잘탄엑스큐정 5/50/2.5/10밀리그램_(1정),ezetimibe
643309280,테노포벨에이정(테노포비르알라페나미드숙신산염)_(31.2mg/1정),tenofovir alafenamide
643606430,로제텔핀정80/5/10/5밀리그램_(1정),amlodipine
643606440,로제텔핀정40/20/10/5밀리그램_(1정),amlodipine
629701211,오스마돌주(트라마돌염산염)_(50mg/1mL),tramadol
644703300,페브릭정80mg(페북소스타트)_(80mg/1정),febuxostat
644903261,중외염화칼륨주사액(150㎎/㎖)_(3g/20mL),potassium
644913930,리바로브이정4/160밀리그램_(1정),pitavastatin
645305440,크레더블정10/5밀리그램_(1정),rosuvastatin
645400180,란스톤캡슐15밀리그램(란소프라졸과립)_(15mg/1캡슐),lansoprazole
644902321,중외5-에프유주(플루오로우라실)_(1g/20mL),5-fluorouracil
645401930,티에스원캡슐20_(1캡슐),tegafur
645404000,멜로시드캡슐15밀리그램(멜록시캄)_(15mg/1캡슐),meloxicam
645601831,탄돌주100밀리그람(트라마돌염산염)(수출명:DAEHWATRAMADOLHCL)_(0.1g/2mL),tramadol
644308931,조이록신주400밀리그램(목시플록사신)_(0.4g/250mL),moxifloxacin
684501650,에클로펜CR서방정(아세클로페낙)_(0.2g/1정),aceclofenac
643103910,클록시브캡슐(세레콕시브)_(0.2g/1캡슐),celecoxib
649102590,싸이브렉스캡슐200밀리그램(세레콕시브)_(0.2g/1캡슐),celecoxib
642403620,엔페낙정(아세클로페낙)_(0.1g/1정),aceclofenac
52400690,로페낙정(아세클로페낙)_(0.1g/1정),aceclofenac
645905620,동광둘록세틴캡슐30밀리그램(둘록세틴염산염)_(33.7mg/1캡슐),duloxetine
645906930,브이알정5/80밀리그램_(1정),valsartan
645906940,브이알정10/80밀리그램_(1정),rosuvastatin
645906950,브이알정10/160밀리그램_(1정),valsartan
651601610,로소프린정(록소프로펜나트륨수화물)_(68.1mg/1정),loxoprofen
649103090,싸이브렉스캡슐100mg(세레콕시브)_(0.1g/1캡슐),celecoxib
652101610,한독렐라펜정(나부메톤)_(0.5g/1정),nabumetone
644604051,덱시딜시럽(덱시부프로펜)_(6g/500mL),dexibuprofen
654701940,켈콕시브캡슐200밀리그램(세레콕시브)_(0.2g/1캡슐),celecoxib
646002430,페노클정(아세클로페낙)_(0.1g/1정),aceclofenac
646004710,퀘티아핀정100밀리그램(쿠에티아핀푸마르산염)_(0.11513g/1정),quetiapine
648903881,타이가실주(타이제사이클린)_(50mg/1병),tigecycline
647204741,케이프로주(시프로플록사신)_(0.2g/100mL),ciprofloxacin
643702350,트리티코서방정75밀리그람(트라조돈염산염)_(75mg/1정),trazodone
661901360,오멕스캡슐(오메프라졸)_(20mg/1캡슐),omeprazole
670100240,란프졸캡슐(란소프라졸과립)_(30mg/1캡슐),lansoprazole
653800270,라베리트정10밀리그람(라베프라졸나트륨)_(10mg/1정),rabeprazole
650102690,모노리툼플라스정30밀리그램(란소프라졸)_(30mg/1정),lansoprazole
649103710,넥시메졸정40mg(에스오메프라졸마그네슘이수화물)_(43.38mg/1정),esomeprazole
671807320,에스오텍디알서방캡슐40밀리그램(에스오메프라졸마그네슘이수화물)_(43.38mg/1캡슐),esomeprazole
646902801,레캄비스주사(릴피비린)_(0.9g/3mL),rilpivirine micronized
647203700,라베파정20밀리그램(라베프라졸나트륨)_(20mg/1정),rabeprazole
645303431,한림메로페넴주500mg(메로페넴수화물·건조탄산나트륨)_(0.604g/1병),meropenem
648600370,록소탄정(록소프로펜나트륨)_(60mg/1정),loxoprofen
658202900,록소윈정(록소프로펜나트륨수화물)_(68.1mg/1정),loxoprofen
679601190,록세린정(록소프로펜나트륨수화물)_(68.1mg/1정),loxoprofen
669502520,셀콕브렉스캡슐200mg(세레콕시브)_(0.2g/1캡슐),celecoxib
641704880,아리탈정(아세클로페낙)_(0.1g/1정),aceclofenac
55102250,엘소펜정60밀리그램(록소프로펜나트륨수화물)_(68.1mg/1정),loxoprofen
650203431,애니펜시럽(덱시부프로펜)_(6g/500mL),dexibuprofen
648105200,"로토디핀정10/5밀리그램(로수바스타틴, 암로디핀)_(1정)",amlodipine
652603920,리노에스티나서방캡슐_(1캡슐),pseudoephedrine
653602260,피타렉스캡슐0.5밀리그램(핀골리모드염산염)_(0.56mg/1캡슐),fingolimod
648603900,텔로듀오정40/10밀리그램_(1정),telmisartan
645302794,한림펜타닐주사(펜타닐시트르산염)_(0.785mg/10mL/앰플(PP)),fentanyl
653602230,아피니토정2.5밀리그램(에베로리무스)_(2.5mg/1정),everolimus
658602830,이연클로피도그렐황산수소염정_(97.875mg/1정),clopidogrel bisulfate
628800160,탐스폰서방정 (탐스로신염산염)_(0.2mg/1정),tamsulosin
669802730,탐스로날서방정0.2밀리그람(탐스로신염산염)_(0.2mg/1정),tamsulosin
671802870,칸디나캡슐(플루코나졸)_(50mg/1캡슐),fluconazole
649104890,젤로스타정20/10밀리그램_(1정),rosuvastatin
649404870,크레바틴정20밀리그램(로수바스타틴칼슘)_(20.8mg/1정),rosuvastatin
649605870,로바듀엣정10/10밀리그램_(1정),rosuvastatin
684501000,화일록시트로마이신정_(0.15g/1정),roxithromycin
657202780,쎌콕정200밀리그램(세레콕시브)_(0.2g/1정),celecoxib
643500600,록소드펜정60밀리그램(록소프로펜나트륨수화물)_(68.1mg/1정),loxoprofen
649404810,쎄렉시브캡슐200mg(세레콕시브)_(0.2g/1캡슐),celecoxib
649807460,텔미원스플러스정40/5/10밀리그램_(1정),telmisartan
649807690,발사로브정20/80밀리그램_(1정),valsartan
653101831,큐프린주(노르에피네프린타르타르산염수화물)_(40mg/20mL),norepinephrine
650000491,벤토린흡입액(살부타몰황산염)_(0.12g/20mL),salbutamol
650206200,알파시돌연질캡슐0.5마이크로그램(알파칼시돌)_(0.5㎍/1캡슐),alfacalcidol
650300730,세론정(부스피론염산염)_(5mg/1정),buspirone
651204840,로제로우정10/10밀리그램_(1정),ezetimibe
646000390,디프나졸정150밀리그램(플루코나졸)_(0.15g/1정),fluconazole
652104130,팍세론틴서방정25밀리그램(파록세틴염산염수화물)_(28.5mg/1정),paroxetine
643904220,"원도파정25/100밀리그램(벤세라지드, 레보도파)_(1정)",benserazide
59400021,메펨큐주500밀리그램(메로페넴수화물)_(0.604g/1병),meropenem
644904350,프리페넴주500밀리그램(수출명:CHOONGWAEPREPENEMINJ.500mg)_(1병),imipenem
642003330,미라프서방정1.5밀리그램(프라미펙솔염산염일수화물)_(1.5mg/1정),pramipexole dihydrochloride
643305000,에스시탈정5밀리그램(에스시탈로프람옥살산염)_(6.39mg/1정),escitalopram
652603470,나프라졸정_(1정),naproxen
652604910,로제티브정10/5밀리그램_(1정),ezetimibe
652606340,로칸듀오정 5/8밀리그램_(1정),rosuvastatin
652606340,로칸듀오정 5/8밀리그램_(1정),candesartan cilexetil
653500300,미라펙스정0.5밀리그램(프라미펙솔염산염일수화물)_(0.5mg/1정),pramipexole dihydrochloride
678601271,바로페넴주1그램(메로페넴수화물)_(1g/1병),meropenem
648603000,씨콕스캡슐200mg(세레콕시브)_(0.2g/1캡슐),celecoxib
694003770,베아콕시브캡슐100밀리그램(세레콕시브)_(0.1g/1캡슐),celecoxib
684501180,화록소정(록소프로펜나트륨수화물)_(68.1mg/1정),loxoprofen
653403730,로수탄젯정10/20밀리그램_(1정),ezetimibe
654005740,다나콕스정30밀리그램(에토리콕시브)_(30mg/1정),etoricoxib
654304480,피타바정(피타바스타틴칼슘)_(2mg/1정),pitavastatin
655401180,원알파정(알파칼시돌)_(0.5㎍/1정),alfacalcidol
655404800,"텔미트리원정40/5/10밀리그램(텔미사르탄,암로디핀,로수바스타틴)_(1정)",rosuvastatin
656005570,"크레스젯정10/20밀리그램(에제티미브, 로수바스타틴)_(1정)",rosuvastatin
656005570,"크레스젯정10/20밀리그램(에제티미브, 로수바스타틴)_(1정)",ezetimibe
656005650,"크레메가연질캡슐5/1000밀리그램(로수바스타틴칼슘, 오메가-3-산에틸에스테르90)_(1캡슐)",rosuvastatin
645400630,"실라페넴주250밀리그람,500밀리그람_(1병)",cilastatin
649401590,애스펜정(덱시부프로펜디.씨)_(0.3g/1정),dexibuprofen
642902032,캐롤시럽(이부프로펜)_(10g/500mL),ibuprofen
652606880,스타레보필름코팅정150/37.5/200밀리그램_(1정),carbidopa
670102341,지트로신건조시럽(아지트로마이신)_(0.6g/15mL),azithromycin
642705770,에탈로프정20밀리그램(에스시탈로프람옥살산염)_(25.54mg/1정),escitalopram
648900880,지스로맥스정250밀리그람(아지트로마이신수화물)_(0.25g/1정),azithromycin
649505850,디푸로정10밀리그램(에스시탈로프람옥살산염)_(12.77mg/1정),escitalopram
657202160,자이레핀정10밀리그램(올란자핀)_(10mg/1정),olanzapine
657202870,쿠에타핀서방정300밀리그램(쿠에티아핀푸마르산염)_(0.34536g/1정),quetiapine
657203120,콤비로칸정20/32밀리그램_(1정),candesartan cilexetil
678600670,세크로낙정100밀리그램(아세클로페낙)_(0.1g/1정),aceclofenac
55800210,엔티시캄캡슐7.5밀리그램(멜록시캄)_(7.5mg/1캡슐),meloxicam
646802462,덱시탑시럽(덱시부프로펜)_(6g/500mL),dexibuprofen
698502500,멜로텍스캡슐 7.5mg(멜록시캄)_(7.5mg/1캡슐),meloxicam
657802310,하나니트로글리세린0.6밀리그람설하정_(0.6mg/1정),diluted nitroglycerin
657805460,로스토정5밀리그램(로수바스타틴칼슘)_(5.2mg/1정),rosuvastatin
657806300,"텔미디핀알정80/5/10밀리그램(텔미사르탄, 암로디핀, 로수바스타틴)_(1정)",rosuvastatin
657806770,텔미로원정80/10밀리그램_(1정),telmisartan
657807290,세로큐정25밀리그램(쿠에티아핀푸마르산염)_(28.78mg/1정),quetiapine
657808360,"텔미디핀알정80/5/5밀리그램(텔미사르탄, 암로디핀, 로수바스타틴)_(1정)",rosuvastatin
657808360,"텔미디핀알정80/5/5밀리그램(텔미사르탄, 암로디핀, 로수바스타틴)_(1정)",telmisartan
657808370,"텔미디핀알정40/5/5밀리그램(텔미사르탄, 암로디핀, 로수바스타틴)_(1정)",amlodipine
657808380,"란사톤듀오정15/600밀리그램(란소프라졸,침강탄산칼슘)_(1정)",lansoprazole
649100180,렉소팬정(록소프로펜나트륨)_(60mg/1정),loxoprofen
644603020,조아세레콕시브캡슐200밀리그램_(0.2g/1캡슐),celecoxib
52900081,아시트리주(삼산화비소)_(10mg/10mL),arsenic trioxide
660703610,듀로텔정40/20밀리그램_(1정),telmisartan
661604750,로스타정5mg(로수바스타틴칼슘)_(5.2mg/1정),rosuvastatin
661904690,슈바스타틴정10밀리그램(로수바스타틴칼슘)_(10.4mg/1정),rosuvastatin
662503260,에소라정40밀리그램(에스오메프라졸마그네슘이수화물)_(43.38mg/1정),esomeprazole
663608270,로수에젯정10/10밀리그램_(1정),rosuvastatin
665002050,로수에지정10/10밀리그램_(1정),ezetimibe
642400350,멜브렉스정7.5밀리그람(멜록시캄)_(7.5mg/1정),meloxicam
656204990,쎄브렉캡슐100밀리그램(세레콕시브)_(0.1g/1캡슐),celecoxib
654301070,멕시캡슐(멜록시캄)(수출명: Momeloxe Cap.)_(7.5mg/1캡슐),meloxicam
669800890,룩펠정(록소프로펜나트륨수화물)_(68.1mg/1정),loxoprofen
643903550,아세펜정(아세클로페낙)_(0.1g/1정),aceclofenac
649102120,모빅시캄캡슐(멜록시캄)_(7.5mg/1캡슐),meloxicam
698000880,애니락정(아세클로페낙)_(0.1g/1정),aceclofenac
643701580,아로펜정(아세클로페낙)(수출명:아로페나정)_(0.1g/1정),aceclofenac
644902540,메수리드정(니메술리드)_(0.1g/1정),nimesulide
665508770,"뉴란소엑스정15/600밀리그램(란소프라졸,침강탄산칼슘)_(1정)",lansoprazole
665508770,"뉴란소엑스정15/600밀리그램(란소프라졸,침강탄산칼슘)_(1정)",calcium
665600311,타프콤점안액(1회용)_(0.3mL),tafluprost
649502820,유니코나졸캅셀(플루코나졸)_(50mg/1캡슐),fluconazole
678900892,제이더블유레보플록사신주_(0.25g/50mL),levofloxacin
643502040,온단트정8밀리그램(온단세트론)_(8mg/1정),ondansetron
669905880,메록캄캡슐(멜록시캄)_(7.5mg/1캡슐),meloxicam
657804691,카이세론주(그라니세트론염산염)_(1.117mg/1mL),granisetron
653000431,레브록신주(레보플록사신)_(0.25623g/50mL),levofloxacin
698502370,후루존캡슐50mg(플루코나졸)_(50mg/1캡슐),fluconazole
57200070,카이트릴정1밀리그램(그라니세트론염산염)_(1.1mg/1정),granisetron
670303350,코부테롤패취2밀리그램(툴로부테롤)_(3.2X3.2㎠/1매),tulobuterol
670304510,로미젯정10/20밀리그램_(1정),rosuvastatin
670304530,로슈타정5밀리그램(로수바스타틴칼슘)_(5.2mg/1정),rosuvastatin
670500740,아스톨패취0.5밀리그램(툴로부테롤)_(2.5㎠/1매),tulobuterol
670600840,"모콕스캡슐7.5밀리그람(멜록시캄)(수출명:HULOKAMCap.,HUONSHULOKAMCAPSULE)_(7.5mg/1캡슐)",meloxicam
653103101,비씨모르핀황산염수화물주사10mg(바이알)_(0.1g/10mL),morphine
670701800,피타바스정4밀리그램(피타바스타틴칼슘)_(4mg/1정),pitavastatin
678000010,노스판패취5㎍/h(부프레노르핀)_(4.5X4.5㎠/1매),buprenorphine
685900100,멜로디구강붕해정7.5밀리그램(멜로시캄)_(7.5mg/1정),meloxicam
689000790,로수그린정10밀리그램(로수바스타틴칼슘)_(10.4mg/1정),rosuvastatin
693901940,에소졸정40밀리그램(에스오메프라졸마그네슘삼수화물)_(44.5mg/1정),esomeprazole
693904050,"셀타펜캡슐(피타바스타틴,페노피브레이트)_(1캡슐)",pitavastatin
694003600,브이포지알정5/160/5밀리그램_(1정),rosuvastatin
694003660,칸데칸듀오정5/8밀리그램_(1정),rosuvastatin
694003670,칸데칸듀오정10/8밀리그램_(1정),candesartan cilexetil
57600230,파리원정10mg(라베프라졸나트륨)_(10mg/1정),rabeprazole
59000390,엑스푸정40밀리그램(에스오메프라졸마그네슘이수화물)_(43.38mg/1정),esomeprazole
59600070,라페졸정10밀리그램(라베프라졸나트륨)_(10mg/1정),rabeprazole
657806600,디프세틴캡슐20밀리그램(플루옥세틴염산염)_(22.4mg/1캡슐),fluoxetine
622804310,로수엠젯정10/5밀리그램_(1정),ezetimibe
642203690,부광로수바스타틴칼슘정5밀리그램_(5.2mg/1정),rosuvastatin
694003740,자트론엑스엘정(알푸조신염산염)_(10mg/1정),alfuzosin
650003040,트리멕정_(1정),micronized dolutegravir
627600030,피엠에스리스페리돈정2밀리그램(리스페리돈)_(2mg/1정),risperidone
640004890,에이자트씨알정25밀리그램(파록세틴염산염수화물)_(28.5mg/1정),paroxetine
640006960,로바젯정10/5밀리그램_(1정),rosuvastatin
653005650,아칸솔정400mg(아미설프리드)_(0.4g/1정),amisulpride
641605690,올로스타정20/10밀리그램_(1정),olmesartan medoxomil
641704160,피스타정2밀리그램(피타바스타틴칼슘)_(2mg/1정),pitavastatin
641705700,텔로다운정80/5밀리그램_(1정),rosuvastatin
641705730,텔로다운정40/5밀리그램_(1정),rosuvastatin
641906550,투베로정30/10밀리그램_(1정),rosuvastatin
641908400,자이프렉사정2.5밀리그램(올란자핀)_(2.5mg/1정),olanzapine
642000880,엘로톤정40밀리그람(이소소르비드일진산염)_(40mg/1정),isosorbide mononitrate
642105340,듀오웰에이정80/5/20밀리그램_(1정),rosuvastatin
642105390,듀오웰에이정40/5/10밀리그램_(1정),telmisartan
642105800,듀오웰플러스정80/20/10밀리그램_(1정),ezetimibe
642105840,듀오웰플러스정40/10/10밀리그램_(1정),ezetimibe
640004941,이노엔레보플록사신주_(0.76869g/150mL),levofloxacin
644301990,"씨록정500밀리그램(시프로플록사신염산염수화물)(수출명:씨프로메디코,Ciraxintab.500mg,KUPCiprofloxacintab.500mg,CipicinTabs.500mg)_(0.582g/1정)",ciprofloxacin
644904340,프리페넴주250밀리그램_(1병),imipenem
650500891,제일아트로핀황산염주사액_(10mg/20mL),atropine
642507410,투게논정10/8밀리그램_(1정),candesartan cilexetil
643703752,레보카신주(레보플록사신수화물)_(0.76869g/150mL/백),levofloxacin
642202340,프리마란정(메퀴타진)_(5mg/1정),mequitazine
649803871,명문시프로플록사신주사_(0.2g/100mL/병),ciprofloxacin
651902260,퍼킨정25-100mg_(1정),levodopa
642706990,로티브정10/5밀리그램_(1정),rosuvastatin
642707350,동화쿠에티아핀정200밀리그램(쿠에티아핀푸마르산염)_(0.23026g/1정),quetiapine
642902670,큐티핀정25밀리그램(쿠에티아핀푸마르산염)_(28.78mg/1정),quetiapine
642905490,텔로스톱정80/20밀리그램_(1정),telmisartan
642905510,텔로스톱정40/20밀리그램_(1정),rosuvastatin
642905530,텔로스톱정80/5밀리그램_(1정),telmisartan
642905930,드롭탑정10/20밀리그램_(1정),rosuvastatin
643100480,라베넥스정10밀리그램(라베프라졸나트륨)_(10mg/1정),rabeprazole
643103730,로수넥스정10mg(로수바스타틴칼슘)_(10.4mg/1정),rosuvastatin
643305640,로수로드정5밀리그램(로수바스타틴칼슘)_(5.2mg/1정),rosuvastatin
643308990,텔미로젯정40/20/10밀리그램_(1정),telmisartan
643506750,수바스트정5밀리그램(로수바스타틴칼슘)_(5.2mg/1정),rosuvastatin
643508340,아모잘탄엑스큐정 5/50/5/10밀리그램_(1정),losartan
643508500,에소메졸플러스정20/350밀리그램_(1정),magnesium hydroxide
647804560,테노리드정(테노포비르디소프록실)_(0.245g/1정),tenofovir disoproxil
643606250,로제텔정40/5/10밀리그램_(1정),telmisartan
643606250,로제텔정40/5/10밀리그램_(1정),ezetimibe
653102041,메펨주500mg(메로페넴삼수화물)_(0.5g/1병),meropenem
644308500,로베돌정10밀리그램(라베프라졸나트륨)_(10mg/1정),rabeprazole
644309730,"라베미니정(라베프라졸,탄산수소나트륨)_(1정)",rabeprazole
644309820,"피타릭캡슐(피타바스타틴칼슘, 페노피브릭산)_(1캡슐)",fenofibric acid
644701860,오메드정20밀리그램(오메프라졸)_(20mg/1정),omeprazole
644703340,에스로틴정20밀리그램(로수바스타틴칼슘)_(20.8mg/1정),rosuvastatin
645209620,에이프로젠로수바스타틴칼슘정5밀리그램_(5.2mg/1정),rosuvastatin
645211090,"페타바정(피타바스타틴,페노피브레이트)_(1정)",fenofibrate
645303050,할록신정200밀리그램(히드록시클로로퀸황산염)_(0.2g/1정),hydroxychloroquine
645305210,유소릭정80밀리그램(페북소스타트)_(80mg/1정),febuxostat
645307190,"크레더블정10/2.5밀리그램(에제티미브, 로수바스타틴칼슘)_(1정)",rosuvastatin
652605960,잘보빈정500밀리그램(카페시타빈)_(0.5g/1정),capecitabine
645401940,티에스원캡슐25_(1캡슐),tegafur
645406410,텔미듀오플러스정80/5/5밀리그램_(1정),rosuvastatin
73000850,리플록신정500밀리그램(레보플록사신수화물)_(0.5123g/1정),levofloxacin
645901450,멜콕시캡슐(멜록시캄)_(7.5mg/1캡슐),meloxicam
674400680,록소프로진정60mg(록소프로펜나트륨수화물)_(68.1mg/1정),loxoprofen
644000990,세클펜정(아세클로페낙)(수출명:CECLOFEN Tab.)_(0.1g/1정),aceclofenac
645905570,동광로수바스타틴칼슘정20mg_(20.8mg/1정),rosuvastatin
645906940,브이알정10/80밀리그램_(1정),valsartan
648603120,레플록신정500mg(레보플록사신)_(0.5g/1정),levofloxacin
644302631,"온프란주(온단세트론염산염수화물)(수출명:Alfasetron Inj., Emodan Inj.)_(10mg/4mL)",ondansetron
646001281,베타페낙주2밀리리터(디클로페낙β-디메틸아미노에탄올)_(90mg/2mL),diclofenac-β-dimethyl-aminoethanol
656701110,에어팩정(아세클로페낙)_(0.1g/1정),aceclofenac
645905690,동광세레콕시브캡슐200mg_(0.2g/1캡슐),celecoxib
646003600,피타테롤정2밀리그램(피타바스타틴칼슘수화물)_(2.205mg/1정),pitavastatin
646005320,에피움듀오정20/800밀리그램_(1정),sodium bicarbonate
678600890,시프사신정250밀리그램(시프로플록사신염산염수화물)_(0.291g/1정),ciprofloxacin
60500540,에소메정40밀리그램(에스오메프라졸마그네슘삼수화물)_(44.5mg/1정),esomeprazole
647803960,뉴스타틴알정20밀리그램(로수바스타틴칼슘)_(20.8mg/1정),rosuvastatin
641805410,광동록소프로펜나트륨수화물정_(68.1mg/1정),loxoprofen
660703530,위더콕스캡슐100밀리그램(세레콕시브)_(0.1g/1캡슐),celecoxib
643305850,콕스비토캡슐200밀리그램(세레콕시브)_(0.2g/1캡슐),celecoxib
698504420,쎄레민캡슐100밀리그램(세레콕시브)_(0.1g/1캡슐),celecoxib
645900210,덱시로펜정(덱시부프로펜)_(0.3g/1정),dexibuprofen
642003290,현대아세클로페낙정_(0.1g/1정),aceclofenac
648105180,"나소프라정500/20밀리그램(나프록센,에스오메프라졸)_(1정)",esomeprazole
648604120,로티젯정10/20밀리그램_(1정),ezetimibe
648604370,아모르탄알정5/160/5밀리그램_(1정),amlodipine
649806230,명문펜타닐패취50㎍/h(펜타닐)_(21㎠/1매),fentanyl
657802283,하나구연산펜타닐주사_(0.785mg/10mL/앰플(P)),fentanyl
673400030,큐미날서방정0.2mg(탐스로신염산염)_(0.2mg/1정),tamsulosin
649402010,영일클로피도그렐정(황산수소클로피도그렐)_(97.875mg/1정),clopidogrel bisulfate
649001190,파비스트정10밀리그램(로수바스타틴칼슘)_(10.4mg/1정),rosuvastatin
73000220,에바슈도서방캡슐_(1캡슐),pseudoephedrine
649103490,크레스티브정10/10mg_(1정),ezetimibe
649104930,로수발탄정20/80밀리그램_(1정),valsartan
649105020,듀오텔미정80/10밀리그램_(1정),telmisartan
649105030,듀오텔미정80/20밀리그램_(1정),telmisartan
649105280,알콕시브정30밀리그램(에토리콕시브)_(30mg/1정),etoricoxib
649105390,엑스크레스바정5/160/10밀리그램_(1정),rosuvastatin
649106100,"듀오텔미플러스정40/5/10밀리그램(텔미사르탄,암로디핀,로수바스타틴)_(1정)",rosuvastatin
642003370,미라프정1.0밀리그램(프라미펙솔염산염일수화물)_(1mg/1정),pramipexole dihydrochloride
649605260,로바테롤정5mg(로수바스타틴칼슘)_(5.2mg/1정),rosuvastatin
649606490,"피타스론정2/160밀리그램(피타바스타틴칼슘,페노피브레이트)_(1정)",fenofibrate
658201100,제이알록시스로마이신정(록시트로마이신)_(0.15g/1정),roxithromycin
642900220,레녹스정(록소프로펜나트륨수화물)_(68.1mg/1정),loxoprofen
649807460,텔미원스플러스정40/5/10밀리그램_(1정),rosuvastatin
650205780,페바로정1밀리그램(피타바스타틴칼슘)_(1mg/1정),pitavastatin
650303430,트루스타정40/5밀리그램_(1정),rosuvastatin
651503500,라베스틴정20mg(라베프라졸나트륨)_(20mg/1정),rabeprazole
651602820,아토산정40밀리그램(아토르바스타틴칼슘삼수화물)_(43.38mg/1정),atorvastatin
671803570,플루틴캡슐10밀리그람(플루옥세틴염산염)_(11.2mg/1캡슐),fluoxetine
647802910,세로카바정(에스시탈로프람옥살산염)_(12.77mg/1정),escitalopram
641100230,아벨록스정400밀리그람(목시플록사신염산염)_(0.4368g/1정),moxifloxacin
652606900,스타레보필름코팅정125/31.25/200밀리그램_(1정),levodopa
660702881,메로엠주0.5g(메로페넴·건조탄산나트륨)_(0.604g/1병),meropenem
651903330,큐로켈정300밀리그램(쿠에티아핀푸마르산염)_(0.34539g/1정),quetiapine
651904070,아토목신캡슐80밀리그램(아토목세틴염산염)_(91.42mg/1캡슐),atomoxetine
645403711,뉴로페넴주1g(메로페넴수화물)_(1g/1병),meropenem
652100180,"데파킨크로노정300밀리그램_(발프로산나트륨, 0.3g/1정)",sodium valproate
652105510,메가로젯정10/5밀리그램_(1정),rosuvastatin
652300110,라베트정20mg(라베프라졸나트륨)_(20mg/1정),rabeprazole
648503130,카소비트정(비칼루타미드)_(50mg/1정),bicalutamide
652604690,에스티나정(에바스틴)_(10mg/1정),ebastine
652603180,호쿠라바패취2밀리그램(툴로부테롤)_(3.2X3.2㎠/1매),tulobuterol
652606370,로칸듀오정10/8밀리그램_(1정),candesartan cilexetil
653005560,올자펙스정5밀리그램(올란자핀)_(5mg/1정),olanzapine
642404000,리네졸린정300mg(리네졸리드)_(0.3g/1정),linezolid
653103700,수바로오디정10밀리그램(로수바스타틴칼슘(미분화))_(10.4mg/1정),rosuvastatin
650201710,애니펜정150밀리그람(덱시부프로펜)_(0.15g/1정),dexibuprofen
645604590,덱스트론정300밀리그램(덱시부프로펜)_(0.3g/1정),dexibuprofen
658603860,덱브펜정300밀리그램(덱시부프로펜)_(0.3g/1정),dexibuprofen
653403010,엑소라졸정40밀리그램(에스오메프라졸마그네슘이수화물)_(43.38mg/1정),esomeprazole
653403840,페북센정80밀리그램(페북소스타트)_(80mg/1정),febuxostat
653406210,비카돌연질캡슐0.5마이크로그램(알파칼시돌)_(0.5㎍/1캡슐),alfacalcidol
654000881,아주디곡신주사액_(0.25mg/1mL),digoxin
680900010,썬리듬캡슐25밀리그램(필시카이니드염산염)_(25mg/1캡슐),pilsicainide
653602160,타시그나캡슐150밀리그램(닐로티닙염산염일수화물)_(0.16545g/1캡슐),nilotinib
653801580,신일이부프로펜정400밀리그람(수출명:IFENTab.)_(0.4g/1정),ibuprofen
653805100,신에소메정20mg(에스오메프라졸마그네슘삼수화물)_(22.25mg/1정),esomeprazole
654003750,로스틴정10밀리그램(로수바스타틴칼슘)_(10.4mg/1정),rosuvastatin
654004760,크레트롤정10/10밀리그램_(1정),rosuvastatin
52700330,소타론정(소타롤염산염)_(40mg/1정),sotalol
655404840,"피에젯타정1/10밀리그램(피타바스타틴칼슘수화물,에제티미브)_(1정)",pitavastatin
655605510,앱시토정10밀리그램(펙수프라잔염산염)_(10mg/1정),fexuprazan
645305160,쎄레브이정200밀리그램(세레콕시브)_(0.2g/1정),celecoxib
57600510,진브렉스캡슐200밀리그램(세레콕시브)_(0.2g/1캡슐),celecoxib
645405240,젠스펜정(록소프로펜나트륨수화물)_(68.1mg/1정),loxoprofen
645404560,트리도파정50/12.5/200밀리그램_(1정),levodopa
652606890,스타레보필름코팅정75/18.75/200밀리그램_(1정),levodopa
651904250,트리레보정50/12.5/200mg_(1정),carbidopa
657203620,콤비로제정10/20밀리그램_(1정),ezetimibe
645600641,디베타씨주(디클로페낙β-디메칠아미노에탄올)_(90mg/2mL),diclofenac-β-dimethyl-aminoethanol
654305140,뉴셀콕캡슐200mg(세레콕시브)_(0.2g/1캡슐),celecoxib
656701950,넬슨세레콕시브캡슐200밀리그램(세레콕시브)_(0.2g/1캡슐),celecoxib
657806300,"텔미디핀알정80/5/10밀리그램(텔미사르탄, 암로디핀, 로수바스타틴)_(1정)",amlodipine
657806740,텔미로원정40/5밀리그램_(1정),rosuvastatin
657806760,텔미로원정80/5밀리그램_(1정),telmisartan
657807670,오메가원플러스연질캡슐_(1캡슐),omega-3-acid ethyl esters90
657808430,"리파틴듀오정2/160밀리그램(피타바스타틴칼슘, 페노피브레이트)_(1정)",fenofibrate
658603090,이로스타정(로수바스타틴칼슘)_(10.4mg/1정),rosuvastatin
656700420,넬슨이부프로펜정200밀리그램(이부프로펜)_(0.2g/1정),ibuprofen
658603830,에스베트정20밀리그램(에스오메프라졸마그네슘이수화물)_(21.69mg/1정),esomeprazole
648500471,레포신주(레보플록사신)_(0.25g/50mL),levofloxacin
660704040,비탐디연질캡슐0.5마이크로그램(알파칼시돌)_(0.5㎍/1캡슐),alfacalcidol
644102000,코바스텔서방캡슐_(1캡슐),ebastine
656003490,플루졸캡슐(플루코나졸)_(50mg/1캡슐),fluconazole
646902171,인베가트린자주사(팔리페리돈팔미테이트)_(0.819g/2.625mL),paliperidone
662504460,피타렌정(피타바스타틴칼슘)_(2mg/1정),pitavastatin
662600860,로바원정10밀리그램(로수바스타틴칼슘)_(10.4mg/1정),rosuvastatin
664900650,플루콘캡슐(플루코나졸)_(50mg/1캡슐),fluconazole
665507670,유니톡연질캡슐10밀리그램(알리트레티노인)_(10mg/1캡슐),alitretinoin
73001500,아세팜정100밀리그램(아세클로페낙)_(0.1g/1정),aceclofenac
656204570,레세낙CR정(아세클로페낙)_(0.2g/1정),aceclofenac
53301130,콕시원캡슐100밀리그램(세레콕시브)_(0.1g/1캡슐),celecoxib
658107300,덱시네정(덱시부프로펜)_(0.3g/1정),dexibuprofen
668902670,로바티탄정20/80밀리그램_(1정),rosuvastatin
669502710,에소리움플러스정20/800밀리그램_(1정),esomeprazole
653102830,푸르나캡슐(플루코나졸)_(50mg/1캡슐),fluconazole
670103720,에소맥스정40mg(에스오메프라졸마그네슘이수화물)_(43.38mg/1정),esomeprazole
670301320,코딜라트정(페노테롤브롬화수소산염)_(2.5mg/1정),fenoterol
670303330,코부테롤패취0.5밀리그램(툴로부테롤)_(1.6X1.6㎠/1매),tulobuterol
670304520,로미젯정10/10밀리그램_(1정),rosuvastatin
670502550,"리바펜캡슐(피타바스타틴칼슘, 페노피브레이트)_(1캡슐)",fenofibrate
671806350,크로우젯정10/10밀리그램_(1정),rosuvastatin
671806630,트리인원정80/5/5mg_(1정),amlodipine
671806630,트리인원정80/5/5mg_(1정),telmisartan
671807700,타바로젯정4/10밀리그램_(1정),pitavastatin
674401250,크레진정5밀리그램(로수바스타틴칼슘)_(5.2mg/1정),rosuvastatin
681400130,카보메틱스정20밀리그램(카보잔티닙)_(20mg/1정),cabozantinib s-malate
693902600,판토라정40밀리그램(판토프라졸나트륨세스키히드레이트)_(45.1mg/1정),pantoprazole
693902870,트레블정80/5/5밀리그램_(1정),rosuvastatin
694003190,로에제정10/5밀리그램_(1정),rosuvastatin
696300460,닌라로캡슐3밀리그램(익사조밉시트레이트)_(4.3mg/1캡슐),ixazomib
698002950,크로바틴정20mg(로수바스타틴칼슘)_(20.8mg/1정),rosuvastatin
698003790,피엠에스올란자핀정2.5밀리그램(올란자핀)_(2.5mg/1정),olanzapine
59000070,로바케이정10밀리그램(로수바스타틴칼슘)_(10.4mg/1정),rosuvastatin
73001020,판포졸정40밀리그램(판토프라졸나트륨세스키히드레이트)_(45.1mg/1정),pantoprazole
73100170,레메론솔탭정30밀리그램(제피미르타자핀)_(30mg/1정),mirtazapine
652606870,스타레보필름코팅정50/12.5/200밀리그램_(1정),entacapone
652606890,스타레보필름코팅정75/18.75/200밀리그램_(1정),entacapone
620500470,"네비로스타정1.25/10밀리그램(네비보롤,로수바스타틴)_(1정)",rosuvastatin
73001290,로수토바정10밀리그램(로수바스타틴칼슘)_(10.4mg/1정),rosuvastatin
693201010,로바탄정5밀리그램(로수바스타틴칼슘)_(5.2mg/1정),rosuvastatin
647303080,로바스토정10밀리그램(로수바스타틴칼슘)_(10.4mg/1정),rosuvastatin
625900130,빅타비정_(1정),tenofovir alafenamide hemifumarate
650002840,키벡사정_(1정),abacavir
628902500,"라베라듀오정10/700밀리그램(라베프라졸나트륨, 탄산수소나트륨)_(1정)",sodium bicarbonate
640006950,로바젯정10/10밀리그램_(1정),rosuvastatin
640007880,로바젯정10/2.5밀리그램_(1정),ezetimibe
644802330,태극염산시프로플록사신정(수출명 : STACIPRO TABLET)_(0.25g/1정),ciprofloxacin
641602570,푸루나졸캡슐50밀리그램(플루코나졸)_(50mg/1캡슐),fluconazole
641606140,크레젯정10/20밀리그램_(1정),rosuvastatin
641606150,크레젯정10/5밀리그램_(1정),rosuvastatin
641606760,올로맥스정20/5/10밀리그램_(1정),olmesartan medoxomil
641705740,텔로다운정40/10밀리그램_(1정),rosuvastatin
641907360,듀카로정60/5/10밀리그램_(1정),rosuvastatin
641907380,듀카로정30/5/10밀리그램_(1정),fimasartan
642005160,설타린정50밀리그램(설트랄린염산염)_(55.96mg/1정),sertraline
642105230,로수암핀정5/5밀리그램_(1정),rosuvastatin
642201700,오르필서방정150밀리그램(발프로산나트륨)_(0.15g/1정),sodium valproate
642506541,메바페넴주1g(메로페넴수화물)_(1g/1병),meropenem
642401550,판프라졸정20밀리그램(판토프라졸나트륨세스키히드레이트)_(22.6mg/1정),pantoprazole
642404090,크레아진플러스정10/5mg_(1정),ezetimibe
642404390,영진설트랄린정25밀리그램(설트랄린염산염)_(27.98mg/1정),sertraline
642506150,크레스논정10밀리그램(로수바스타틴칼슘)_(10.4mg/1정),rosuvastatin
646005040,테노포버정(테노포비르디소프록실푸마르산염)_(0.3g/1정),tenofovir disoproxil
642506270,헵세비어정10밀리그램(아데포비어디피복실)_(10mg/1정),adefovir dipivoxil
642703560,판토프라정20밀리그람(판토프라졸나트륨세스키히드레이트)_(22.6mg/1정),pantoprazole
642803260,라질렌정0.5밀리그램(라사길린메실산염)_(0.78mg/1정),rasagiline
642900400,리스프리정2밀리그램(리스페리돈)_(2mg/1정),risperidone
642902391,판토메드주사(판토프라졸나트륨세스키히드레이트)_(45.1mg/1병),pantoprazole
642904990,로베틴정5밀리그램(로수바스타틴칼슘)_(5.2mg/1정),rosuvastatin
643103840,넥스라졸정20밀리그램(에스오메프라졸마그네슘삼수화물)_(22.3mg/1정),esomeprazole
643308040,에소듀오정20/800밀리그램_(1정),sodium bicarbonate
643308710,텔미트렌에스정40/10밀리그램_(1정),rosuvastatin
643309000,텔미로젯정40/5/10밀리그램_(1정),telmisartan
643508370,아모잘탄엑스큐정 5/100/5/10밀리그램_(1정),rosuvastatin
643508370,아모잘탄엑스큐정 5/100/5/10밀리그램_(1정),ezetimibe
643605570,로타칸정 5/16밀리그램_(1정),candesartan cilexetil
643904010,산도스올란자핀정5밀리그램_(5mg/1정),olanzapine
644913940,리바로브이정4/80밀리그램_(1정),pitavastatin
645304820,크레첵정5밀리그램(로수바스타틴칼슘)_(5.2mg/1정),rosuvastatin
645306710,라베프탑정20/800밀리그램_(1정),rabeprazole
645306980,"스타젯정2/10밀리그램(피타바스타틴칼슘, 에제티미브)_(1정)",ezetimibe
642102501,트리돌주50밀리그램(트라마돌염산염)_(50mg/1mL),tramadol
645406190,텔미칸큐정80/5/10/5밀리그램_(1정),rosuvastatin
645406200,텔미칸큐정80/10/10/5밀리그램_(1정),telmisartan
645702210,노테몬패취2밀리그램(툴로부테롤)_(3.2X3.2㎠/1매),tulobuterol
653800060,그리펜-에스정(덱시부프로펜)_(0.3g/1정),dexibuprofen
645905310,동광피타바스타틴정2밀리그램(피타바스타틴칼슘)_(2mg/1정),pitavastatin
657807270,렉사원정5밀리그램(에스시탈로프람옥살산염)_(6.39mg/1정),escitalopram
657800480,러키펜정(록소프로펜나트륨수화물)_(68.1mg/1정),loxoprofen
698502870,쎄레민캡슐200밀리그램(세레콕시브)_(0.2g/1캡슐),celecoxib
646005190,피타테롤정4밀리그램(피타바스타틴칼슘수화물)_(4.41mg/1정),pitavastatin
693200761,글로판토프라주40mg(판토프라졸나트륨세스키히드레이트)_(45.1mg/1병),pantoprazole
657807000,판토원정40밀리그램(판토프라졸나트륨세스키히드레이트)_(45.1mg/1정),pantoprazole
647304330,로수듀오정10/10밀리그램_(1정),rosuvastatin
642101461,유한메로펜주사0.5그램(메로페넴삼수화물)_(0.5g/1병),meropenem
643301260,세클로낙정(아세클로페낙)_(0.1g/1정),aceclofenac
661604710,뉴클로페낙정(아세클로페낙)_(0.1g/1정),aceclofenac
646004970,셀콕스캡슐100밀리그램(세레콕시브)_(0.1g/1캡슐),celecoxib
643500801,맥시부펜시럽(덱시부프로펜)_(0.6g/50mL),dexibuprofen
641606180,쎄레노직캡슐100밀리그램(세레콕시브)_(0.1g/1캡슐),celecoxib
652901960,팬스타정(덱시부프로펜)_(0.3g/1정),dexibuprofen
647805190,네메올듀오정20/800밀리그램_(1정),sodium bicarbonate
645104451,유리라세미주(푸로세미드)_(20mg/2mL),furosemide
648500111,네티신주150밀리그램(네틸마이신황산염)_(0.15g/1.5mL),netilmicin
641905661,온세트론주(바이알)(온단세트론염산염수화물)_(10mg/4mL),ondansetron
654004300,칸디놀캡슐50밀리그램(플루코나졸)_(50mg/1캡슐),fluconazole
648507230,에스넥졸정40밀리그램(에스오메프라졸마그네슘이수화물)_(43.38mg/1정),esomeprazole
648602790,에소넬정40mg(에스오메프라졸마그네슘삼수화물)_(44.5mg/1정),esomeprazole
642000790,액틱구강정600마이크로그램(구연산펜타닐)_(0.9426mg/1정),fentanyl
647203680,케이그렐정(클로피도그렐황산수소염)_(97.875mg/1정),clopidogrel bisulfate
696600300,일양바이오염산시프로플록사신정_(0.291g/1정),ciprofloxacin
641605650,대웅레보플록사신정100밀리그램(레보플록사신수화물)_(0.1g/1정),levofloxacin
649105380,엑스크레스바정5/160/5밀리그램_(1정),amlodipine
649105550,로바로우정1밀리그램(피타바스타틴칼슘)_(1mg/1정),pitavastatin
643501740,아섹정100밀리그램(아세클로페낙)_(0.1g/1정),aceclofenac
649800311,디크놀주사2밀리리터(디클로페낙β-디메틸아미노에탄올)_(90mg/2mL),diclofenac-β-dimethyl-aminoethanol
644913860,제이브렉스캡슐200밀리그램(세레콕시브)_(0.2g/1캡슐),celecoxib
53500020,나프록소정(나프록센나트륨)_(0.275g/1정),naproxen
649807470,텔미원스플러스정80/5/10밀리그램_(1정),telmisartan
649807470,텔미원스플러스정80/5/10밀리그램_(1정),rosuvastatin
649807590,텔미로브정80/5밀리그램_(1정),rosuvastatin
649807700,발사로브정20/160밀리그램_(1정),valsartan
649808230,텔미원스플러스정40/5/5밀리그램_(1정),telmisartan
625900110,데스코비정 200/10 mg_(1정),tenofovir alafenamide hemifumarate
650204710,"슈바젯정10/5밀리그램(에제티미브, 로수바스타틴)_(1정)",ezetimibe
651203740,란프톤캡슐30밀리그램(란소프라졸)_(30mg/1캡슐),lansoprazole
651204420,로스텔정40/10밀리그램_(1정),rosuvastatin
651205770,암로반플러스정5/80/5밀리그램_(1정),amlodipine
651205990,로수틴정2.5밀리그램(로수바스타틴칼슘)_(2.6mg/1정),rosuvastatin
642402040,시탈로정10밀리그램(에스시탈로프람옥살산염)_(12.77mg/1정),escitalopram
671705600,에스시탐정5밀리그램(에스시탈로프람옥살산염)_(6.39mg/1정),escitalopram
668000010,렉사프로정5밀리그람(에스시탈로프람옥살산염)_(6.39mg/1정),escitalopram
651904240,트리레보정75/18.75/200mg_(1정),carbidopa
645000170,마도파에취비에스캅셀125_(1캡슐),levodopa
648204002,유영레보플록사신주(레보플록사신수화물)_(0.51246g/100mL),levofloxacin
660702470,위더스레보플록사신정500밀리그램(레보플록사신수화물)_(0.5g/1정),levofloxacin
643904220,"원도파정25/100밀리그램(벤세라지드, 레보도파)_(1정)",levodopa
653101140,실라신주사500밀리그램(수출명:SINRACI Injection)_(1병),imipenem
651904270,큐로켈서방정50밀리그램(쿠에티아핀푸마르산염)_(57.56mg/1정),quetiapine
651900720,명인아미트리프틸린염산염정10밀리그람_(10mg/1정),amitriptyline
653601100,타시그나캡슐200밀리그램(닐로티닙염산염일수화물)_(0.2206g/1캡슐),nilotinib
653103860,뉴신타서방정200밀리그램(타펜타돌염산염)_(0.23296g/1정),tapentadol
653103870,뉴신타아이알정50밀리그램(타펜타돌염산염)_(58.24mg/1정),tapentadol
649700860,지엘피록시캄캡슐10밀리그램_(10mg/1캡슐),piroxicam
693200160,아스로정(아세클로페낙)_(0.1g/1정),aceclofenac
650304040,쎄브렉스캡슐100밀리그램(세레콕시브)_(0.1g/1캡슐),celecoxib
640000660,사이톱신정(시프로플록사신염산염)_(0.2915g/1정),ciprofloxacin
650901881,카비그라니세트론주(그라니세트론염산염)_(1.12mg/1mL),granisetron
651904060,명인트라조돈염산염정50밀리그램_(50mg/1정),trazodone
654005550,판타릴정20밀리그램(판토프라졸나트륨세스키히드레이트)_(22.55mg/1정),pantoprazole
655403060,코프날린패취0.5밀리그램(툴로부테롤)_(2.5㎠/1매),tulobuterol
653601160,트리렙탈필름코팅정600밀리그램(옥스카르바제핀)_(0.6g/1정),oxcarbazepine
656005960,크레스정2.5밀리그램(로수바스타틴칼슘)_(2.6mg/1정),rosuvastatin
648201150,에스프로펜정(덱시부프로펜)_(0.3g/1정),dexibuprofen
650201020,아세페낙정(아세클로페낙)_(0.1g/1정),aceclofenac
647204870,에스람정5밀리그램(에스시탈로프람옥살산염)_(6.39mg/1정),escitalopram
645000170,마도파에취비에스캅셀125_(1캡슐),benserazide
651902190,티세르신정25밀리그람(말레인산레보메프로마진)_(33.8mg/1정),levomepromazine
657201260,쿠에타핀정300밀리그램(쿠에티아핀푸마르산염)_(0.34539g/1정),quetiapine
657203570,데팍신서방정100밀리그램(데스벤라팍신)_(0.1g/1정),desvenlafaxine
653601140,트리렙탈필름코팅정150밀리그램(옥스카르바제핀)_(0.15g/1정),oxcarbazepine
657203720,제비닉스정800밀리그램(에슬리카르바제핀아세테이트(미분화))_(0.8g/1정),eslicarbazepine
656700970,씨프록탄정250밀리그램(시프로플록사신염산염수화물)_(0.291g/1정),ciprofloxacin
645300520,메부톤정(나부메톤)_(0.5g/1정),nabumetone
657806790,텔미로원정40/20밀리그램_(1정),telmisartan
658600401,미노브이주2mL(디클로페낙β-디메틸아미노에탄올)_(90mg/2mL),diclofenac-β-dimethyl-aminoethanol
648203610,아로낙정(아세클로페낙)_(0.1g/1정),aceclofenac
696600080,일양바이오나부메톤정_(0.5g/1정),nabumetone
671701890,제뉴원록소프로펜나트륨정(록소프로펜나트륨수화물)_(68.1mg/1정),loxoprofen
654700170,리노스텔서방캡슐_(1캡슐),pseudoephedrine
642501430,디후렉스캡슐(플루코나졸)_(50mg/1캡슐),fluconazole
661905110,쿠아틴정200밀리그램(쿠에티아핀푸마르산염)_(0.23026g/1정),quetiapine
647301380,씨플루코캡슐(플루코나졸)_(50mg/1캡슐),fluconazole
665001780,경보라베프라졸정20mg(라베프라졸나트륨)_(20mg/1정),rabeprazole
652104850,쎄렉스캡슐200밀리그램(세레콕시브)_(0.2g/1캡슐),celecoxib
670103171,덱시부시럽(덱시부프로펜)_(6g/500mL),dexibuprofen
669802320,유니레보정(레보플록사신수화물)_(0.1g/1정),levofloxacin
669802000,애니시드캡슐(오메프라졸장용성과립)_(20mg/1캡슐),omeprazole
669804480,앤티시움정40mg(에스오메프라졸마그네슘이수화물)_(43.38mg/1정),esomeprazole
669906410,에스오엠정40mg(에스오메프라졸마그네슘삼수화물)_(44.5mg/1정),esomeprazole
670100440,멜리카캡슐(멜록시캄)_(7.5mg/1캡슐),meloxicam
670105640,"타바페노서방정(피타바스타틴칼슘, 페노피브레이트콜린)_(1정)",choline fenofibrate
625200620,하이록신정100mg(레보플록사신수화물)_(0.1g/1정),levofloxacin
651903820,아미썰정200밀리그램(아미설피리드)_(0.2g/1정),amisulpride
647204860,에스람정10밀리그램(에스시탈로프람옥살산염)_(12.77mg/1정),escitalopram
670303340,코부테롤패취1밀리그램(툴로부테롤)_(2.25X2.25㎠/1매),tulobuterol
670607450,에슈바정10/20밀리그램_(1정),ezetimibe
650500451,"제일모르핀염산염주사액_(모르핀염산염수화물, 10mg/1mL)",morphine
670700650,초당아스피린장용정100mg(아스피린)_(0.1g/1정),aspirin
671706720,로바하이정20/80밀리그램_(1정),valsartan
671706730,로바하이정10/80밀리그램_(1정),valsartan
694004560,"스타피브정2/160밀리그램(피타바스타틴칼슘수화물,페노피브레이트)_(1정)",fenofibrate
643308490,라파로벨정0.5밀리그램(시롤리무스)_(0.5mg/1정),sirolimus
698502560,이텍스로수바스타틴칼슘정20mg_(20.8mg/1정),rosuvastatin
698502800,넥스온정20mg (에스오메프라졸마그네슘이수화물)_(21.69mg/1정),esomeprazole
59000160,로바케이정5밀리그램(로수바스타틴칼슘)_(5.2mg/1정),rosuvastatin
73000750,로수칸데정20/32밀리그램_(1정),candesartan cilexetil
651902350,푸록틴캅셀10밀리그람(염산플루옥세틴)_(11.2mg/1캡슐),fluoxetine
671803560,플루틴캡슐(플루옥세틴염산염)_(22.4mg/1캡슐),fluoxetine
643505960,모다닐정200밀리그램(모다피닐)_(0.2g/1정),modafinil
669501710,로바이드정20mg(로수바스타틴칼슘)_(20.8mg/1정),rosuvastatin
640006960,로바젯정10/5밀리그램_(1정),ezetimibe
661905220,푸루코졸캡슐150밀리그램(플루코나졸)_(0.15g/1캡슐),fluconazole
641605700,올로스타정20/20밀리그램_(1정),olmesartan medoxomil
641607190,올로맥스정40/5/10밀리그램_(1정),rosuvastatin
641906360,이지산트정10/5밀리그램_(1정),rosuvastatin
642003900,쎄로티핀정200밀리그램(쿠에티아핀푸마르산염)_(0.23026g/1정),quetiapine
642104570,듀오웰정40/20밀리그램_(1정),telmisartan
642105340,듀오웰에이정80/5/20밀리그램_(1정),amlodipine
645900380,동광록시트로마이신정_(0.15g/1정),roxithromycin
641106100,씨프로바이정250밀리그램(시프로플록사신염산염수화물)_(0.291g/1정),ciprofloxacin
642702110,시폭사신정250밀리그람(시프로플록사신염산염수화물)_(0.291g/1정),ciprofloxacin
694004211,대웅바이오메로페넴주500밀리그램(메로페넴삼수화물)_(0.57g/1병),meropenem
641606471,대웅메로페넴주500밀리그램(메로페넴삼수화물)_(0.5g/1병),meropenem
642507570,라비듀오정20/500밀리그램_(1정),sodium bicarbonate
642906000,텔로스톱플러스정40/5/10밀리그램_(1정),telmisartan
643305080,로수로드정10밀리그램(로수바스타틴칼슘)_(10.4mg/1정),rosuvastatin
643308450,에소듀오정40/800밀리그램_(1정),esomeprazole
643505440,수바스트정20밀리그램(로수바스타틴칼슘)_(20.8mg/1정),rosuvastatin
643506180,리스피돈오디정1밀리그램(리스페리돈)_(1mg/1정),risperidone
643509010,아모잘탄엑스큐정 5/100/2.5/10밀리그램_(1정),losartan
643606420,로제텔핀정80/10/10/5밀리그램_(1정),rosuvastatin
653100771,비씨염산페치딘주사액_(50mg/1mL),pethidine
644914960,리바로젯정2/10밀리그램_(1정),pitavastatin
645100431,대한디-만니톨주사액(25%)_(25g/100mL),d-mannitol
645305800,카세핀서방정200밀리그램(쿠에티아핀푸마르산염)_(0.23024g/1정),quetiapine
641606640,비리바정(테노포비르디소프록실푸마르산염)_(0.3g/1정),tenofovir disoproxil
641606480,비리헤파정(테노포비르디소프록실)_(0.245g/1정),tenofovir disoproxil
625900020,트루바다정_(1정),tenofovir disoproxil
645604710,탑스타틴에프정10/20밀리그램_(1정),ezetimibe
645605910,탑스타틴정5밀리그램(로수바스타틴칼슘)_(5.2mg/1정),rosuvastatin
649001080,아세롬정100밀리그램(아세클로페낙)_(0.1g/1정),aceclofenac
658502170,잘프로펜정(잘토프로펜)_(80mg/1정),zaltoprofen
645903151,판타졸주사(판토프라졸나트륨세스키히드레이트)_(45.1mg/1병),pantoprazole
645906881,에소마크주(에스오메프라졸나트륨)_(42.5mg/1병),esomeprazole
646000661,메디카디클로페낙주(디클로페낙나트륨)_(75mg/2mL),diclofenac
628901000,로나펜정(록소프로펜나트륨수화물)_(68.1mg/1정),loxoprofen
659900960,팜페낙CR정(아세클로페낙)_(0.2g/1정),aceclofenac
656004110,셀코브렉스캡슐100밀리그램(세레콕시브)_(0.1g/1캡슐),celecoxib
646005880,칼시오스연질캡슐0.5마이크로그램(알파칼시돌)_(0.5㎍/1캡슐),alfacalcidol
645701310,후코나졸캡슐(플루코나졸)_(50mg/1캡슐),fluconazole
642201272,소아용프리마란시럽(메퀴타진)_(0.25g/500mL),mequitazine
646802860,로수메가연질캡슐_(1캡슐),omega-3-acid ethyl esters90
654005540,판타릴정40밀리그램(판토프라졸나트륨세스키히드레이트)_(45.1mg/1정),pantoprazole
647203690,라베파정10밀리그램(라베프라졸나트륨)_(10mg/1정),rabeprazole
647304070,로바스토정20밀리그램(로수바스타틴칼슘)_(20.8mg/1정),rosuvastatin
697100960,랙시브정100밀리그램(세레콕시브)_(0.1g/1정),celecoxib
57700380,록소나린정(록소프로펜나트륨)_(68.1mg/1정),loxoprofen
647805020,뉴스타젯알정10/20밀리그램_(1정),rosuvastatin
647805040,뉴스타젯알정10/5밀리그램_(1정),ezetimibe
647805340,"라베올듀오정10/500밀리그램(라베프라졸나트륨,탄산수소나트륨)_(1정)",rabeprazole
652603750,록프라정(록소프로펜나트륨수화물)_(68.1mg/1정),loxoprofen
648203720,유로스토정10밀리그램(로수바스타틴칼슘)_(10.4mg/1정),rosuvastatin
648204390,와이젯정10/20밀리그램_(1정),ezetimibe
648603890,텔로듀오정40/5밀리그램_(1정),telmisartan
648604380,아모르탄알정5/80/10밀리그램_(1정),rosuvastatin
648900191,디푸루칸정맥주사100mg(플루코나졸)_(0.1g/50mL),fluconazole
649805101,명문구연산펜타닐주사_(1.57mg/20mL/병),fentanyl
641605781,인스타닐나잘스프레이100마이크로그램(펜타닐시트르산염)_(1mg/10회),fentanyl
665504160,크로피겔정(클로피도그렐황산염)_(97.875mg/1정),clopidogrel bisulfate
648101660,유로날서방정0.2밀리그램(탐스로신염산염)_(0.2mg/1정),tamsulosin
60500430,메가클로피정75밀리그램(클로피도그렐황산염)_(97.875mg/1정),clopidogrel bisulfate
651200320,로나졸캡슐50밀리그램(플루코나졸)_(50mg/1캡슐),fluconazole
653000260,다나칸캡슐(플루코나졸)_(50mg/1캡슐),fluconazole
657805030,레나신정(레보플록사신수화물)_(0.1g/1정),levofloxacin
649105290,넥시듀오정20/800밀리그램_(1정),esomeprazole
649106110,"듀오텔미플러스정40/5/5밀리그램(텔미사르탄, 암로디핀, 로수바스타틴)_(1정)",rosuvastatin
649507590,콰이치정25밀리그램(쿠에티아핀푸마르산염)_(28.78mg/1정),quetiapine
649600990,모벡스캡슐(멜록시캄)_(7.5mg/1캡슐),meloxicam
661900330,록스신정(록시트로마이신)_(0.15g/1정),roxithromycin
663601080,아가펜정(아세클로페낙)_(0.1g/1정),aceclofenac
658603810,셀브캡슐200밀리그램(세레콕시브)_(0.2g/1캡슐),celecoxib
644603430,아크로낙정(아세클로페낙)_(0.1g/1정),aceclofenac
649804200,명문쿠에티아핀정200밀리그램(쿠에티아핀푸마르산염)_(0.23026g/1정),quetiapine
649806430,명문로수바스타틴칼슘정5밀리그램_(5.2mg/1정),rosuvastatin
649807220,테고캡슐25_(1캡슐),oteracil
649807560,텔미로브정40/10밀리그램_(1정),rosuvastatin
625900100,데스코비정 200/25 mg_(1정),tenofovir alafenamide hemifumarate
650000640,쓰리티씨정150밀리그램(라미부딘)_(0.15g/1정),lamivudine
650203400,슈스타정5밀리그램(로수바스타틴칼슘)_(5.2mg/1정),rosuvastatin
650203410,슈스타정10밀리그램(로수바스타틴칼슘)_(10.4mg/1정),rosuvastatin
650205790,페바로정4밀리그램(피타바스타틴칼슘)_(4mg/1정),pitavastatin
662504072,씨프록주(시프로플록사신)_(0.2g/100mL),ciprofloxacin
651206080,로스텔플러스정40/5/10밀리그램_(1정),amlodipine
651602450,한화쿼테아핀정25밀리그램(쿠에티아핀푸마르산염)_(28.78mg/1정),quetiapine
55800260,엔티푸나졸캡슐50밀리그램(플루코나졸)_(50mg/1캡슐),fluconazole
648900872,지스로맥스건조시럽(아지트로마이신수화물)_(0.9g/22.5mL),azithromycin
651904200,트리레보정100/25/200mg_(1정),levodopa
651902160,트라린정50밀리그람(염산설트랄린)_(55.95mg/1정),sertraline
646204011,젠페넴주1g(메로페넴수화물)_(1g/1병),meropenem
653005750,쿠에티서방정150밀리그램(쿠에티아핀푸마르산염)_(0.17268g/1정),quetiapine
653103690,수바로오디정20밀리그램(로수바스타틴칼슘(미분화))_(20.8mg/1정),rosuvastatin
658600251,로페낙주2㎖(디클로페낙나트륨)_(75mg/2mL),diclofenac
641602140,"이지엔6프로연질캡슐(덱시부프로펜)(수출명:DAUFENSoftCapsule,SPEEDFEN)_(0.3g/1캡슐)",dexibuprofen
654001260,아펜탈정(아세클로페낙)_(0.1g/1정),aceclofenac
643305110,칼루타미정150mg(비칼루타마이드)_(0.15g/1정),bicalutamide
653804460,브레톨패취2밀리그램(툴로부테롤)_(3.2X3.2㎠/1매),tulobuterol
642903121,레보펙신주(레보플록사신수화물)_(0.76869g/150mL),levofloxacin
655401570,일성이틴정40밀리그램(베라파밀염산염)_(40mg/1정),verapamil
655404790,"텔미트리원정80/5/5밀리그램(텔미사르탄,암로디핀,로수바스타틴)_(1정)",amlodipine
649002210,세렉시브캡슐200밀리그램(세레콕시브)_(0.2g/1캡슐),celecoxib
694000680,대웅바이오록소프로펜정(록소프로펜나트륨수화물)_(68.1mg/1정),loxoprofen
648900891,지스로맥스주사500㎎(아지트로마이신수화물)_(0.5241g/1병),azithromycin
671704970,클라낙CR정(아세클로페낙)_(0.2g/1정),aceclofenac
657802200,풀카드정(플레카이니드아세트산염)_(50mg/1정),flecainide
657805440,넥스파정40밀리그램(에스오메프라졸마그네슘삼수화물)_(44.5mg/1정),esomeprazole
657805480,로스토정20밀리그램(로수바스타틴칼슘)_(20.8mg/1정),rosuvastatin
657806290,"텔미디핀알정40/5/10밀리그램(텔미사르탄, 암로디핀, 로수바스타틴)_(1정)",telmisartan
658602660,키즈날린패취0.5밀리그램(툴로부테롤)_(1.6X1.6㎠/1매),tulobuterol
658602670,키즈날린패취1밀리그램(툴로부테롤)_(2.25X2.25㎠/1매),tulobuterol
645906760,동광세레콕시브캡슐100mg_(0.1g/1캡슐),celecoxib
690303720,툴스페낙정100밀리그램(아세클로페낙)_(0.1g/1정),aceclofenac
665001710,경보록소프로펜나트륨수화물정_(68.1mg/1정),loxoprofen
658604110,미살탄스타정80/10밀리그램_(1정),rosuvastatin
648900871,지스로맥스건조시럽(아지트로마이신수화물)_(0.6g/15mL),azithromycin
58800170,록소프펜정(록소프로펜나트륨)_(68.1mg/1정),loxoprofen
658202760,셀레록스캡슐200mg(세레콕시브)_(0.2g/1캡슐),celecoxib
648201630,자이로펜정(잘토프로펜)_(80mg/1정),zaltoprofen
669502220,바브론정10mg(부스피론염산염)_(10mg/1정),buspirone
669906460,뉴바로정2mg(피타바스타틴칼슘)_(2mg/1정),pitavastatin
670103560,라벨라정10mg(라베프라졸나트륨)_(10mg/1정),rabeprazole
653800440,리노스틴서방캡슐_(1캡슐),ebastine
670607460,에슈바정10/10밀리그램_(1정),ezetimibe
642005240,현대플루옥세틴캡슐10밀리그램(플루옥세틴염산염)_(11.2mg/1캡슐),fluoxetine
670701620,피타바스정2밀리그램(피타바스타틴칼슘)_(2mg/1정),pitavastatin
671706740,로바하이정10/160밀리그램_(1정),rosuvastatin
671808240,"업타바서방정(피타바스타틴칼슘, 페노피브레이트콜린)_(1정)",pitavastatin
685800160,푸로골서방캡슐180밀리그램(딜티아젬염산염)_(0.18g/1캡슐),diltiazem
697100570,신플랙스세이프정500/20밀리그램_(1정),esomeprazole
698000340,필로젠정10밀리그람(피록시캄)_(10mg/1정),piroxicam
698004380,텔로바틴정40/5밀리그램_(1정),telmisartan
698004520,리페넥스정1밀리그램(리스페리돈)_(1mg/1정),risperidone
58200250,로바가정10밀리그램(로수바스타틴칼슘)_(10.4mg/1정),rosuvastatin
60500140,메가로수틴정10밀리그램(로수바스타틴칼슘)_(10.4mg/1정),rosuvastatin
73001100,티아펜정300밀리그램(쿠에티아핀푸마르산염)_(0.34539g/1정),quetiapine
670103450,웰피트캡슐10밀리그램(플루옥세틴염산염)_(11.2mg/1캡슐),fluoxetine
621804380,판토라졸정40밀리그램(판토프라졸나트륨세스키히드레이트)_(45.1mg/1정),pantoprazole
622803640,로수틴엠정20mg(로수바스타틴칼슘)_(20.8mg/1정),rosuvastatin
663608680,로수바정5밀리그램(로수바스타틴칼슘)_(5.2mg/1정),rosuvastatin
684501310,수바틴정10mg(로수바스타틴칼슘)_(10.4mg/1정),rosuvastatin
626900650,테바올란자핀정5밀리그램_(5mg/1정),olanzapine
640005830,에이프렉사정10밀리그램(올란자핀)_(10mg/1정),olanzapine
640006660,사일레노정3밀리그램(독세핀염산염)_(3.39mg/1정),doxepin
656700660,디프라졸캡슐(플루코나졸)_(50mg/1캡슐),fluconazole
653602800,조프란정8밀리그램(온단세트론염산염수화물)_(10mg/1정),ondansetron
641105880,아뎀파스정0.5밀리그램(리오시구앗)_(0.5mg/1정),micronized riociguat
641106170,베르쿠보정10밀리그램(베리시구앗(미분화))_(10mg/1정),vericiguat
641606160,올로스타정10/5밀리그램_(1정),olmesartan medoxomil
646000210,니메겐연질캡슐(이소트레티노인)_(10mg/1캡슐),isotretinoin
641607220,올로맥스정40/5/5밀리그램_(1정),amlodipine
642003780,로티미브정10/20밀리그램_(1정),ezetimibe
642104800,로수바미브정10/20밀리그램_(1정),rosuvastatin
649803280,티펨주500밀리그람_(1병),cilastatin
642403850,크레아진정20mg(로수바스타틴칼슘)_(20.8mg/1정),rosuvastatin
642706710,라베플러스정20밀리그램(라베프라졸나트륨)_(20mg/1정),rabeprazole
642906630,"라비에트듀오정10/500밀리그램(라베프라졸나트륨,탄산수소나트륨)_(1정)",sodium bicarbonate
641801140,니페딕스지속정(니페디핀)_(30mg/1정),nifedipine
642801140,이소트렌연질캡슐(이소트레티노인)_(10mg/1캡슐),isotretinoin
643605420,로타칸정 20/32밀리그램_(1정),candesartan cilexetil
644102820,넥시알디정40밀리그램(에스오메프라졸마그네슘이수화물)_(43.38mg/1정),esomeprazole
644308781,엠피엠주1그램(메로페넴건조탄산나트륨)_(1.208g/1병),meropenem
644309680,라베듀오정20/800밀리그램_(1정),rabeprazole
651900060,그로민캡슐10mg(클로미프라민염산염)_(10mg/1캡슐),clomipramine
644502620,마이그란정50밀리그램(수마트립탄숙신산염)_(70mg/1정),sumatriptan
644503050,유렉트정1밀리그램(라사길린메실산염)_(1.56mg/1정),rasagiline
644704010,페브릭정40밀리그램(페북소스타트)_(40mg/1정),febuxostat
644913920,리바로브이정2/160밀리그램_(1정),pitavastatin
644913940,리바로브이정4/80밀리그램_(1정),valsartan
645001490,로즐리트렉캡슐200밀리그램(엔트렉티닙)_(0.2g/1캡슐),entrectinib
645102841,대한피록시캄주_(20mg/1mL),piroxicam
645210370,로젯탐정10/5밀리그램_(1정),ezetimibe
645401940,티에스원캡슐25_(1캡슐),gimeracil
641906690,테노원정(테노포비르디소프록실)_(0.245g/1정),tenofovir disoproxil
645604700,탑스타틴에프정10/10밀리그램_(1정),rosuvastatin
642507200,셀베스타캡슐(세레콕시브)_(0.2g/1캡슐),celecoxib
645905560,동광로수바스타틴칼슘정10mg_(10.4mg/1정),rosuvastatin
645906510,피에프캡슐_(1캡슐),pitavastatin
659901430,아나리드캡슐 0.5밀리그램(아나그렐리드염산염)_(0.61mg/1캡슐),anagrelide
657806460,쎌비트캡슐100밀리그램(세레콕시브)_(0.1g/1캡슐),celecoxib
694001000,대웅바이오아세클로페낙정100밀리그램_(0.1g/1정),aceclofenac
628900090,레보플로정(레보플록사신수화물)_(0.1g/1정),levofloxacin
641900460,리노에바스텔캡슐_(1캡슐),ebastine
646204190,에소멜정40밀리그램(에스오메프라졸마그네슘이수화물)_(43.38mg/1정),esomeprazole
693902030,에소졸정20밀리그램(에스오메프라졸마그네슘삼수화물)_(22.25mg/1정),esomeprazole
654305150,이소졸정40mg(에스오메프라졸마그네슘이수화물)_(43.38mg/1정),esomeprazole
670600480,라베스토정10밀리그램(라베프라졸나트륨)_(10mg/1정),rabeprazole
628900400,라베라정20mg(라베프라졸나트륨)_(20mg/1정),rabeprazole
649602460,판테졸정20밀리그람(판토프라졸나트륨세스키히드레이트)_(22.55mg/1정),pantoprazole
696300370,텍타정40밀리그램(판토프라졸헤미마그네슘수화물)_(43.04mg/1정),pantoprazole hemimagnesium
647300200,라베피아정20밀리그램(라베프라졸나트륨)_(20mg/1정),rabeprazole
647304710,알파엘연질캡슐0.5마이크로그램(알파칼시돌)_(0.5㎍/1캡슐),alfacalcidol
698400400,클로켐CR정(아세클로페낙)_(0.2g/1정),aceclofenac
649806570,명문록소프로펜정(록소프로펜나트륨수화물)_(68.1mg/1정),loxoprofen
653103370,나르코설하정200마이크로그램(펜타닐시트르산염)_(0.3142mg/1정),fentanyl
653102381,비씨펜타닐시트르산염주사_(0.785mg/10mL/병),fentanyl
648902320,라파뮨정1밀리그램(시롤리무스)_(1mg/1정),sirolimus
653100411,비씨펜타닐시트르산염주사_(0.785mg/10mL/앰플),fentanyl
645603940,클로피도정(클로피도그렐황산수소염)_(97.875mg/1정),clopidogrel bisulfate
641601060,대웅프리미돈정_(0.25g/1정),primidone
651503480,프로페논정(프로파페논염산염)_(0.15g/1정),propafenone
643308310,라파로벨정2밀리그램(시롤리무스)_(2mg/1정),sirolimus
625500590,텔로그렐정(클로피도그렐황산염)_(97.875mg/1정),clopidogrel bisulfate
655604420,한올탐술로신캡슐(탐스로신염산염)_(0.2mg/1캡슐),tamsulosin
669804280,바소빅스정(클로피도그렐황산염)_(97.875mg/1정),clopidogrel bisulfate
657305790,클로피나정(클로피도그렐황산수소염)_(97.875mg/1정),clopidogrel bisulfate
645201660,에이프로젠클로피도그렐정(클로피도그렐황산염)_(97.875mg/1정),clopidogrel bisulfate
72400320,비엘클로비스정(클로피도그렐황산수소염)_(97.875mg/1정),clopidogrel bisulfate
649103040,가오브릭정80mg(페북소스타트)_(80mg/1정),febuxostat
649103500,크레스티브정10/20mg_(1정),ezetimibe
649104930,로수발탄정20/80밀리그램_(1정),rosuvastatin
649105000,듀오텔미정40/20밀리그램_(1정),telmisartan
649106140,"크레스티브정10/2.5밀리그램(에제티미브,로수바스타틴)_(1정)",ezetimibe
643903640,프라펙솔서방정1.5밀리그램(프라미펙솔염산염일수화물)_(1.5mg/1정),pramipexole dihydrochloride
649702670,피타스탄정1밀리그램(피타바스타틴칼슘)_(1mg/1정),pitavastatin
650201160,안국록소프로펜나트륨정_(60mg/1정),loxoprofen
649700140,디낙스정(디클로페낙나트륨)_(25mg/1정),diclofenac
649808110,란스타정30/600밀리그램_(1정),lansoprazole
650206030,페바로젯정4/10밀리그램_(1정),pitavastatin
650302670,로수바틴정10밀리그램(로수바스타틴칼슘)_(10.4mg/1정),rosuvastatin
650700380,아리미덱스정(아나스트로졸)_(1mg/1정),anastrozole
649002010,렉스프람정10밀리그램(에스시탈로프람옥살산염)_(12.77mg/1정),escitalopram
657201050,환인이미프라민염산염정25밀리그램_(25mg/1정),imipramine
645604150,대화플루코나졸캡슐_(50mg/1캡슐),fluconazole
652601430,판테온정20밀리그램(판토프라졸나트륨세스키히드레이트)_(22.55mg/1정),pantoprazole
652603170,호쿠라바패취1밀리그램(툴로부테롤)_(2.25X2.25㎠/1매),tulobuterol
652904380,서울페북소스타트정80밀리그램_(80mg/1정),febuxostat
653006740,에소탄정20/800밀리그램_(1정),sodium bicarbonate
644304850,"한국유나이티드메토트렉세이트정(수출명:Methotrexate-VHB2.5mgTab.,UnitrexateTabs.,ALLTREXTabs.,PterinTabs.2.5mg)_(2.5mg/1정)",methotrexate
694002790,토피스트정100밀리그램(토피라메이트)_(0.1g/1정),topiramate
657502910,세리브콕스캡슐200mg(세레콕시브)_(0.2g/1캡슐),celecoxib
653404330,피타론에프캡슐_(1캡슐),fenofibrate
655403170,크로스타정20밀리그램(로수바스타틴칼슘)_(20.8mg/1정),rosuvastatin
656005730,"크레비스타정5/10밀리그램(네비보롤,로수바스타틴)_(1정)",rosuvastatin
656204590,레프라졸정20밀리그램(라베프라졸나트륨)_(20mg/1정),rabeprazole
657201130,쿠에타핀정100밀리그램(쿠에티아핀푸마르산염)_(0.11513g/1정),quetiapine
648900710,자이복스정600밀리그람(리네졸리드)_(0.6g/1정),linezolid
657203270,환인설트랄린정50밀리그램(설트랄린염산염)_(55.95mg/1정),sertraline
657203600,콤비로제정10/5밀리그램_(1정),rosuvastatin
653006430,파마아세클로페낙CR정(아세클로페낙)_(0.2g/1정),aceclofenac
697100660,랙시브캡슐200밀리그램(세레콕시브)_(0.2g/1캡슐),celecoxib
645304990,쎄레브이캡슐200밀리그램(세레콕시브)_(0.2g/1캡슐),celecoxib
657808200,"칸데로원정10/8밀리그램(로수바스타틴, 칸데사르탄)_(1정)",candesartan cilexetil
657808430,"리파틴듀오정2/160밀리그램(피타바스타틴칼슘, 페노피브레이트)_(1정)",pitavastatin
669901120,록스파인정(록소프로펜나트륨수화물)_(68.1mg/1정),loxoprofen
663600400,록소로펜정(록소프로펜나트륨수화물)_(68.1mg/1정),loxoprofen
658107550,세레스캡슐100밀리그램(세레콕시브)_(0.1g/1캡슐),celecoxib
658604080,미살탄스타정40/5밀리그램_(1정),telmisartan
660703540,타스틴정1밀리그램(피타바스타틴칼슘수화물)_(1mg/1정),pitavastatin
660703620,타스틴정4밀리그램(피타바스타틴칼슘수화물)_(4mg/1정),pitavastatin
643502190,이소티논연질캡슐10밀리그램(이소트레티노인)_(10mg/1캡슐),isotretinoin
644102000,코바스텔서방캡슐_(1캡슐),pseudoephedrine
661905090,쿠아틴정100밀리그램(쿠에티아핀푸마르산염)_(0.11513g/1정),quetiapine
663601210,아시돌연질캡슐1마이크로그램(알파칼시돌)_(1㎍/1캡슐),alfacalcidol
657202370,로펜탁정60밀리그램(록소프로펜나트륨수화물)_(68.1mg/1정),loxoprofen
662503340,쎄넥스캡슐100mg(세레콕시브)_(0.1g/1캡슐),celecoxib
670603871,"휴온스피록시캄근육주사(수출명:CAMADOLinj.,CAMROX20mgInj.)_(20mg/1mL)",piroxicam
666300371,"크리스비타주사액30밀리그램(부로수맙,유전자재조합)_(30mg/1병)",burosumab
668000120,브린텔릭스정20밀리그램(보티옥세틴브롬화수소산염)_(25.42mg/1정),vortioxetine
670304300,피레스코정600밀리그램(피르페니돈)_(0.6g/1정),pirfenidone
670304360,알리손연질캡슐30밀리그램(알리트레티노인)_(30mg/1캡슐),alitretinoin
670609610,"리바페논캡슐2/160밀리그램(피타바스타틴칼슘, 페노피브레이트)_(1캡슐)",fenofibrate
693901310,크로스틴정10밀리그램(로수바스타틴칼슘)_(10.4mg/1정),rosuvastatin
693902840,트레블정40/5/10밀리그램_(1정),amlodipine
693902870,트레블정80/5/5밀리그램_(1정),amlodipine
698004370,텔로바틴정80/10밀리그램_(1정),rosuvastatin
52402110,에소에이블정20/800밀리그램_(1정),sodium bicarbonate
53600340,뉴베라정20밀리그램(라베프라졸나트륨)_(20mg/1정),rabeprazole
57001590,아리톡연질캡슐30밀리그램(알리트레티노인)_(30mg/1캡슐),alitretinoin
622804310,로수엠젯정10/5밀리그램_(1정),rosuvastatin
622804330,로수엠젯정10/10밀리그램_(1정),ezetimibe
649103420,크레스바정5mg(로수바스타틴칼슘)_(5.2mg/1정),rosuvastatin
642307300,삼성로수바스타틴정10밀리그램(로수바스타틴칼슘)_(10.4mg/1정),rosuvastatin
57000460,알푸케어서방정10밀리그램(알푸조신염산염)_(10mg/1정),alfuzosin
628902040,에소프라듀오정20/800밀리그램_(1정),esomeprazole
628902450,나라탄구강붕해정2.5밀리그램(나라트립탄염산염)_(2.78mg/1정),naratriptan
640006750,비바코정20밀리그램(로수바스타틴칼슘)_(20.8mg/1정),rosuvastatin
641105860,아뎀파스정1밀리그램(리오시구앗)_(1mg/1정),micronized riociguat
641106160,베르쿠보정2.5밀리그램(베리시구앗(미분화))_(2.5mg/1정),vericiguat
641606160,올로스타정10/5밀리그램_(1정),rosuvastatin
653405430,시프라신정250밀리그램(시프로플록사신염산염수화물)_(0.291g/1정),ciprofloxacin
641906530,투베로정60/10밀리그램_(1정),fimasartan
641907740,토탈산트연질캡슐_(1캡슐),rosuvastatin
641908710,"이지산트정10/2.5밀리그램(에제티미브, 로수바스타틴)_(1정)",rosuvastatin
642003780,로티미브정10/20밀리그램_(1정),rosuvastatin
642104820,로수바미브정10/10밀리그램_(1정),ezetimibe
642105350,듀오웰에이정40/5/20밀리그램_(1정),amlodipine
642105350,듀오웰에이정40/5/20밀리그램_(1정),rosuvastatin
642105820,듀오웰플러스정80/5/10밀리그램_(1정),rosuvastatin
642105830,듀오웰플러스정40/20/10밀리그램_(1정),rosuvastatin
653800390,로큐신정(록시트로마이신)_(0.15g/1정),roxithromycin
625900040,비리어드정(테노포비르디소프록실푸마르산염)_(0.3g/1정),tenofovir disoproxil
642405220,영진부스피론정5밀리그램(부스피론염산염)_(5mg/1정),buspirone
642905990,텔로스톱플러스정80/5/5밀리그램_(1정),rosuvastatin
642905990,텔로스톱플러스정80/5/5밀리그램_(1정),telmisartan
620500480,니페론씨알서방정20밀리그램(니페디핀)_(20mg/1정),nifedipine
643507840,"아모잘탄큐정5/50/20밀리그램(암로디핀,로사르탄,로수바스타틴)_(1정)",amlodipine camsylate
644103410,베스듀오정20/800밀리그램_(1정),esomeprazole
644309740,"로수맥콤비젤연질캡슐5/1000밀리그램(로수바스타틴, 오메가3산에틸에스테르90)_(1캡슐)",omega-3-acid ethyl esters90
644309820,"피타릭캡슐(피타바스타틴칼슘, 페노피브릭산)_(1캡슐)",pitavastatin
644503220,뉴마코알연질캡슐_(1캡슐),rosuvastatin
644503300,나그란구강붕해정2.5밀리그램(나라트립탄염산염)_(2.78mg/1정),naratriptan
644913061,중외15%만니톨주사액_(15g/100mL/백),d-mannitol
644914970,리바로젯정4/10밀리그램_(1정),pitavastatin
645208630,에이프로젠라베프라졸정10밀리그램(라베프라졸나트륨)_(10mg/1정),rabeprazole
645302101,펩타졸주사(판토프라졸나트륨세스키히드레이트)_(45.1mg/1병),pantoprazole
645304970,자이자핀정10mg(올란자핀)_(10mg/1정),olanzapine
645306970,"스타젯정4/10밀리그램(피타바스타틴칼슘, 에제티미브)_(1정)",ezetimibe
645406190,텔미칸큐정80/5/10/5밀리그램_(1정),ezetimibe
645406200,텔미칸큐정80/10/10/5밀리그램_(1정),ezetimibe
645406420,텔미듀오플러스정40/5/5밀리그램_(1정),telmisartan
645900261,"동광네틸마이신주150밀리그람_(네틸마이신황산염, 0.15g/1.5mL)",netilmicin
698502300,이텍스아스피린장용정100mg(아스피린)_(0.1g/1정),aspirin
679601120,아세바정100밀리그램(아세클로페낙)_(0.1g/1정),aceclofenac
694000820,베아콕시브캡슐200밀리그램(세레콕시브)_(0.2g/1캡슐),celecoxib
640004880,렉슬러정10밀리그램(에스시탈로프람옥살산염)_(12.77mg/1정),escitalopram
646003700,라베움정10밀리그램(라베프라졸나트륨)_(10mg/1정),rabeprazole
665506410,뉴란소캡슐30밀리그램(란소프라졸과립)_(30mg/1캡슐),lansoprazole
649507350,에소시드정40밀리그램(에스오메프라졸마그네슘이수화물)_(43.38mg/1정),esomeprazole
693900980,얼사라정20밀리그램(라베프라졸나트륨)_(20mg/1정),rabeprazole
647304340,로수듀오정10/20밀리그램_(1정),ezetimibe
647800151,네소미신100밀리그램주(네틸마이신황산염)_(0.1g/2mL),netilmicin
628800350,휴렉스캡슐(세레콕시브)_(0.2g/1캡슐),celecoxib
641907672,보령펜시럽(덱시부프로펜)_(0.6g/50mL),dexibuprofen
658200140,데코라펜정(덱시부프로펜)_(0.3g/1정),dexibuprofen
648508420,"스타페노캡슐(피타바스타틴칼슘,페노피브레이트)_(1캡슐)",fenofibrate
648603900,텔로듀오정40/10밀리그램_(1정),rosuvastatin
626900420,펜토라박칼정600마이크로그램(펜타닐시트르산염)_(0.943mg/1정),fentanyl
641607370,하루로신서방캡슐0.4밀리그램(탐스로신염산염)_(0.4mg/1캡슐),tamsulosin
658106640,클로핀정(클로피도그렐황산염)_(97.875mg/1정),clopidogrel bisulfate
649102930,파리나졸정20mg(라베프라졸나트륨)_(20mg/1정),rabeprazole
649105100,크레칸데정5/16밀리그램_(1정),candesartan cilexetil
651602880,한화수마트립탄정(수마트립탄숙신산염)_(70mg/1정),sumatriptan
649804230,명문쿠에티아핀정300밀리그램(쿠에티아핀푸마르산염)_(0.34539g/1정),quetiapine
651300510,트록시캄캡슐7.5밀리그램(멜록시캄)_(7.5mg/1캡슐),meloxicam
642100260,레보미신정(레보플록사신)_(0.1g/1정),levofloxacin
644705110,조믹정2.5밀리그램(졸미트립탄)_(2.5mg/1정),zolmitriptan
651900880,명인탄산리튬정300mg_(0.3g/1정),lithium
651602910,"한화로칸정 10/8밀리그램(로수바스타틴칼슘, 칸데사르탄실렉세틸)_(1정)",rosuvastatin
645405140,제프람정20밀리그램(에스시탈로프람옥살산염)_(25.54mg/1정),escitalopram
678900901,"제이더블유레보플록사신주_(레보플록사신½수화물, 0.75g/150mL)",levofloxacin
651905060,피디펙솔정0.125밀리그램(프라미펙솔염산염일수화물)_(0.125mg/1정),pramipexole dihydrochloride
652105040,로수바스타퀄정5밀리그램(로수바스타틴칼슘)_(5.2mg/1정),rosuvastatin
652603890,로레스토정20밀리그램(로수바스타틴칼슘)_(20.8mg/1정),rosuvastatin
652604550,플로졸캅셀(플루코나졸)_(50mg/1캡슐),fluconazole
651905110,피디펙솔서방정0.75밀리그램(프라미펙솔염산염일수화물)_(0.75mg/1정),pramipexole dihydrochloride
653005770,쿠에티서방정400밀리그램(쿠에티아핀푸마르산염)_(0.46048g/1정),quetiapine
653007020,파마멀타자핀정15밀리그램(미르타자핀)_(15mg/1정),mirtazapine
649600860,"록세핀정(록소프로펜나트륨수화물)(수출명:대우록소프로펜나트륨정,펜락소정,비스몰탭정)_(68.1mg/1정)",loxoprofen
640902440,록스로펜정(록소프로펜나트륨수화물)_(68.1mg/1정),loxoprofen
661903990,쎄레콕스캡슐200밀리그램(세레콕시브)_(0.2g/1캡슐),celecoxib
653500900,모빅캡슐15밀리그램(멜록시캄)_(15mg/1캡슐),meloxicam
53500180,오스템아세클로페낙정_(0.1g/1정),aceclofenac
653402710,라베드정20밀리그램(라베프라졸나트륨)_(20mg/1정),rabeprazole
652601490,프로카덱스정(비칼루타마이드)_(50mg/1정),bicalutamide
653805810,로타젯정10/10밀리그램_(1정),rosuvastatin
654004650,제로시드정40/1100밀리그램_(1정),omeprazole
654004700,아나프라졸정20밀리그램(에스오메프라졸마그네슘삼수화물)_(22.25mg/1정),esomeprazole
649800850,명문니트로글리세린0.6밀리그램설하정_(0.6mg/1정),diluted nitroglycerin
693200020,멜록삼캡슐(멜록시캄)_(7.5mg/1캡슐),meloxicam
657200860,페니드정10밀리그램(메틸페니데이트염산염)_(10mg/1정),methylphenidate
651902270,퍼킨정25-250mg_(1정),carbidopa
645404560,트리도파정50/12.5/200밀리그램_(1정),entacapone
643904210,"원도파정50/200밀리그램(벤세라지드, 레보도파)_(1정)",levodopa
657203320,쿠에타핀정50밀리그램(쿠에티아핀푸마르산염)_(57.56mg/1정),quetiapine
657204100,환인쿠에타핀서방정400밀리그램(쿠에티아핀푸마르산염)_(0.4605g/1정),quetiapine
641600851,대웅이부펜시럽(이부프로펜)(수출명:SOTSTOPsyrup)_(2g/100mL),ibuprofen
669700080,이노시캄캡슐(멜록시캄)_(7.5mg/1캡슐),meloxicam
657805800,로스토린정10/5밀리그램_(1정),rosuvastatin
657201060,환인염산클로미프라민캡슐25밀리그램_(25mg/1캡슐),clomipramine
645900370,동광록소프로펜정(록소프로펜나트륨수화물)_(68.1mg/1정),loxoprofen
660702950,로수브이정20mg(로수바스타틴칼슘)_(20.8mg/1정),rosuvastatin
663608320,로수바코연질캡슐_(1캡슐),omega-3-acid ethyl esters90
663608460,에스메졸듀오정20/800밀리그램_(1정),sodium bicarbonate
664901030,모빅캄캡슐(멜록시캄)_(7.5mg/1캡슐),meloxicam
621802610,세레비스캡슐(세레콕시브)_(0.2g/1캡슐),celecoxib
668100100,산도스설트랄린정(염산설트랄린)_(55.95mg/1정),sertraline
640903210,씨록사신정(시프로플록사신염산염)_(0.291g/1정),ciprofloxacin
669804830,유니로바정5mg(로수바스타틴칼슘)_(5.2mg/1정),rosuvastatin
669906270,라피졸정10mg(라베프라졸나트륨)_(10mg/1정),rabeprazole
696300650,아그릴린캡슐0.5밀리그램(아나그렐리드염산염)_(0.61mg/1캡슐),anagrelide
653101951,비씨모르핀황산염수화물주사10mg_(10mg/1mL),morphine
649405001,트라콤파주(트라마돌염산염)_(50mg/1mL),tramadol
671703330,케이바로정(피타바스타틴칼슘수화물)_(2.205mg/1정),pitavastatin
671704820,페북트정80밀리그램(페북소스타트)_(80mg/1정),febuxostat
671806590,트리인원정40/5/5mg_(1정),amlodipine
650500441,"제일모르핀염산염주사액_(모르핀염산염수화물, 5mg/0.5mL)",morphine
678000020,노스판패취10㎍/h(부프레노르핀)_(4.5X6.8㎠/1매),buprenorphine
641105850,아뎀파스정2.5밀리그램(리오시구앗)_(2.5mg/1정),micronized riociguat
685800061,니트로링구알주사(희석된니트로글리세린)_(50mg/50mL),diluted nitroglycerin
694004350,대웅라베프라졸정5밀리그램(라베프라졸나트륨)_(5mg/1정),rabeprazole
698002050,파마빅캡슐15밀리그램(멜록시캄)_(15mg/1캡슐),meloxicam
698003780,피엠에스올란자핀정10밀리그램(올란자핀)_(10mg/1정),olanzapine
59000670,리바스타정2밀리그램(피타바스타틴칼슘)_(2mg/1정),pitavastatin
73000180,건피타정2밀리그램(피타바스타틴칼슘)_(2mg/1정),pitavastatin
73001030,판포졸정20밀리그램(판토프라졸나트륨세스키히드레이트)_(22.55mg/1정),pantoprazole
620500181,페링가니트0.1%주사(니트로글리세린)_(10mg/10mL),diluted nitroglycerin
622805460,"비모엠정500/20밀리그램(나프록센, 에스오메프라졸)_(1정)",naproxen
625201190,이콕스캡슐15밀리그램(멜록시캄)_(15mg/1캡슐),meloxicam
645401310,알프존엑스엘정(알푸조신염산염)_(10mg/1정),alfuzosin
653005970,파마블로난세린정8밀리그램_(8mg/1정),blonanserin
627600020,피엠에스리스페리돈정1밀리그램(리스페리돈)_(1mg/1정),risperidone
640001580,라베원정10밀리그램(라베프라졸나트륨)_(10mg/1정),rabeprazole
640902920,레스타정20밀리그램(로수바스타틴칼슘)_(20.8mg/1정),rosuvastatin
641601050,대웅푸루나졸정150밀리그램(플루코나졸)_(0.15g/1정),fluconazole
641606230,올로스타정40/10밀리그램_(1정),olmesartan medoxomil
641606461,푸루나졸주(플루코나졸)(수출명:FULKAZIL0.2%)_(0.1g/50mL),fluconazole
641607220,올로맥스정40/5/5밀리그램_(1정),olmesartan medoxomil
641607750,크레젯정10/2.5밀리그램_(1정),rosuvastatin
641905390,크레산트정5밀리그램(로수바스타틴칼슘)_(5.2mg/1정),rosuvastatin
641907390,듀카로정30/5/5밀리그램_(1정),rosuvastatin
642104410,모노로바정10밀리그램(로수바스타틴칼슘)_(10.4mg/1정),rosuvastatin
649804391,오트론주(온단세트론염산염수화물)(수출명:명문온단세트론주사)_(10mg/4mL),ondansetron
646902681,인베가하피에라주사(팔리페리돈팔미테이트)_(1.56g/5mL),paliperidone
652904220,마크록시정(록시트로마이신)_(0.15g/1정),roxithromycin
654300760,록시맥스정(록시트로마이신)_(0.15g/1정),roxithromycin
649100210,록사신정(록시트로마이신)_(0.15g/1정),roxithromycin
642505311,메바페넴주500밀리그램(메로페넴수화물)_(0.5g/1병),meropenem
642400220,디파졸캡슐(플루코나졸)_(50mg/1캡슐),fluconazole
642401560,판프라졸정40mg(판토프라졸나트륨세스키히드레이트)_(45.1mg/1정),pantoprazole
642403500,아스날린패취0.5밀리그램(툴로부테롤)_(1.6X1.6㎠/1매),tulobuterol
642404290,파이브로정400밀리그램(피르페니돈)_(0.4g/1정),pirfenidone
642404300,파이브로정600밀리그램(피르페니돈)_(0.6g/1정),pirfenidone
642705710,올자핀정2.5밀리그램(올란자핀)_(2.5mg/1정),olanzapine
642902890,큐티핀정100밀리그램(쿠에티아핀푸마르산염)_(0.11512g/1정),quetiapine
643202550,동성라베프라졸정20mg(라베프라졸나트륨)_(20mg/1정),rabeprazole
656005780,니페디온CR서방정40밀리그램(니페디핀)_(40mg/1정),nifedipine
643900911,어린이부루펜시럽(이부프로펜)_(1.8g/90mL),ibuprofen
643903990,산도스파록세틴정(무수염산파록세틴)_(22.2mg/1정),paroxetine
644914970,리바로젯정4/10밀리그램_(1정),ezetimibe
644915550,"리바로젯정1/10밀리그램(피타바스타틴칼슘, 에제티미브)_(1정)",ezetimibe
645101701,살부톨흡입액(살부타몰황산염)_(0.12g/20mL),salbutamol
645401930,티에스원캡슐20_(1캡슐),gimeracil
645603850,레스날린패취2밀리그램(툴로부테롤)_(3.2X3.2㎠/1매),tulobuterol
645604770,에스오메정40밀리그램(에스오메프라졸마그네슘이수화물)_(43.38mg/1정),esomeprazole
641100270,아스피린프로텍트정100밀리그람_(0.1g/1정),aspirin
657306180,디코나졸캡슐50mg(플루코나졸)_(50mg/1캡슐),fluconazole
694003581,베아신주(시프로플록사신)_(0.2g/100mL),ciprofloxacin
643700090,국제독시사이클린하이클레이트수화물캡슐100밀리그램_(0.1g/1캡슐),doxycycline hyclate
646203700,로스타젠정20밀리그램(로수바스타틴칼슘)_(20.8mg/1정),rosuvastatin
662600820,오메원정20밀리그램(에스오메프라졸마그네슘이수화물)_(21.69mg/1정),esomeprazole
669900700,대한뉴팜오엠프라졸캡슐(오메프라졸)_(20mg/1캡슐),omeprazole
657202770,환인라베프라졸정10밀리그램_(10mg/1정),rabeprazole
674400570,라프리졸정20mg(라베프라졸나트륨)_(20mg/1정),rabeprazole
696601560,에소시움정40mg(에스오메프라졸마그네슘이수화물)_(43.38mg/1정),esomeprazole
647203990,넥소메정40밀리그램(에스오메프라졸마그네슘이수화물)_(43.38mg/1정),esomeprazole
653102601,메펨주2그램(메로페넴삼수화물)_(2g/1병),meropenem
697101080,플라낙스정(나프록센나트륨)_(0.275g/1정),naproxen
653800090,나프롱정(나프록센나트륨)_(0.275g/1정),naproxen
647805190,네메올듀오정20/800밀리그램_(1정),esomeprazole
644703320,아크로신정(아세클로페낙)_(0.1g/1정),aceclofenac
53500050,록소리펜정(록소프로펜나트륨수화물)_(68.1mg/1정),loxoprofen
625200920,쎄콕스캡슐200밀리그램(세레콕시브)_(0.2g/1캡슐),celecoxib
648301240,스토라베정10밀리그램(라베프라졸나트륨)_(10mg/1정),rabeprazole
648507560,에제로수정10/10밀리그램_(1정),rosuvastatin
648602680,씨엠지로수바스타틴정5mg(로수바스타틴칼슘)_(5.2mg/1정),rosuvastatin
659901010,펜타듀르패취50μg/h(펜타닐)_(20㎠/1매),fentanyl
646901010,듀로제식디트랜스패취100μg/h(펜타닐)_(42㎠/1매),fentanyl
657802273,하나구연산펜타닐주사_(0.157mg/2mL/앰플(P)),fentanyl
677200340,엑스탄디정80밀리그램(엔잘루타마이드)_(80mg/1정),enzalutamide
670304480,탐스로서방정0.4밀리그램(탐스로신염산염)_(0.4mg/1정),tamsulosin
669906370,뉴피도정(클로피도그렐황산수소염)_(97.875mg/1정),clopidogrel bisulfate
650301460,크리빅스정(클로피도그렐황산수소염)_(97.875mg/1정),clopidogrel bisulfate
651601730,그로리정(클로피도그렐황산수소염)_(97.875mg/1정),clopidogrel bisulfate
678601730,탐스올서방정0.2밀리그램(탐스로신염산염)_(0.2mg/1정),tamsulosin
648602500,로피렐정(클로피도그렐황산염)_(97.875mg/1정),clopidogrel bisulfate
649002370,케타핀정25밀리그램(쿠에티아핀푸마르산염)_(28.78mg/1정),quetiapine
642306671,삼성레보플록사신주(레보플록사신수화물)_(0.51246g/100mL),levofloxacin
649104880,젤로스타정20/20밀리그램_(1정),rosuvastatin
649105080,로수코마연질캡슐_(1캡슐),omega-3-acid ethyl esters90
649105110,크레칸데정10/16밀리그램_(1정),rosuvastatin
649105630,하이퍼벤서방정90밀리그램(딜티아젬염산염)_(90mg/1정),diltiazem
649702690,피타스탄정2밀리그램(피타바스타틴칼슘)_(2mg/1정),pitavastatin
640900140,나프노펜정(나프록센나트륨)_(0.275g/1정),naproxen
643701530,아나록소정(록소프로펜나트륨수화물)_(68.1mg/1정),loxoprofen
650000471,벤토린에보할러(살부타몰황산염)_(32.134mg/200회),salbutamol
651204040,로수틴정20밀리그램(로수바스타틴칼슘)_(20.8mg/1정),rosuvastatin
651205780,암로반플러스정5/80/10밀리그램_(1정),rosuvastatin
651206290,"글리펜슈프림플러스정(피타바스타틴칼슘, 페노피브레이트)_(1정)",fenofibrate
651601560,네오날린패취1밀리그램(툴로부테롤)_(2.25X2.25㎠/1매),tulobuterol
649602800,후세틴캡슐(플루옥세틴염산염)_(22.4mg/1캡슐),fluoxetine
651904260,명인탄산리튬정150mg_(0.15g/1정),lithium
642003470,미라프정0.5밀리그램(프라미펙솔염산염일수화물)_(0.5mg/1정),pramipexole dihydrochloride
641801720,비카루드정(비칼루타미드)_(50mg/1정),bicalutamide
652603160,호쿠라바패취0.5밀리그램(툴로부테롤)_(1.6X1.6㎠/1매),tulobuterol
644913271,포스페넴주1그램(메로페넴삼수화물)_(1g/1병),meropenem
653100181,디로낙주2밀리리터(디클로페낙β-디메틸아미노에탄올)_(90mg/2mL),diclofenac-β-dimethyl-aminoethanol
653403000,엑소라졸정20밀리그램(에스오메프라졸마그네슘이수화물)_(21.69mg/1정),esomeprazole
642902460,플루코팜캡슐(플루코나졸)_(50mg/1캡슐),fluconazole
693900960,시프로셀정250밀리그램(시프로플록사신염산염수화물)_(0.291g/1정),ciprofloxacin
650201760,에바페린서방캡슐_(1캡슐),pseudoephedrine
641900460,리노에바스텔캡슐_(1캡슐),pseudoephedrine
653804470,브레톨패취1밀리그램(툴로부테롤)_(2.25X2.25㎠/1매),tulobuterol
654004740,크레트롤정10/5밀리그램_(1정),ezetimibe
654300340,다코나졸캡슐(플루코나졸)_(50mg/1캡슐),fluconazole
654701990,에스오피라졸정40mg(에스오메프라졸마그네슘삼수화물)_(44.5mg/1정),esomeprazole
654702020,에스오피라졸정20mg(에스오메프라졸마그네슘삼수화물)_(22.25mg/1정),esomeprazole
656003970,호쿠나패취1밀리그램(툴로부테롤)_(5㎠/1매),tulobuterol
656005650,"크레메가연질캡슐5/1000밀리그램(로수바스타틴칼슘, 오메가-3-산에틸에스테르90)_(1캡슐)",omega-3-acid ethyl esters90
653005600,파마세레콕시브캡슐200mg_(0.2g/1캡슐),celecoxib
644000300,로페닌정(록소프로펜나트륨)(수출명:Lopenin Tabs.)_(60mg/1정),loxoprofen
651904870,퍼킨씨알정50-200mg_(1정),carbidopa
657203020,에스메프졸정40밀리그램(에스오메프라졸마그네슘이수화물)_(43.38mg/1정),esomeprazole
657203900,라베모어정20/500밀리그램_(1정),sodium bicarbonate
657307090,로스바탄정20밀리그램(로수바스타틴칼슘)_(20.8mg/1정),rosuvastatin
643306910,콕스비토캡슐100밀리그램(세레콕시브)_(0.1g/1캡슐),celecoxib
645208580,쎄레코캡슐200mg(세레콕시브)_(0.2g/1캡슐),celecoxib
657805780,로스토린정10/20밀리그램_(1정),rosuvastatin
657806300,"텔미디핀알정80/5/10밀리그램(텔미사르탄, 암로디핀, 로수바스타틴)_(1정)",telmisartan
657808180,"칸데로원정5/16밀리그램(로수바스타틴, 칸데사르탄)_(1정)",candesartan cilexetil
657808210,"칸데로원정10/16밀리그램(로수바스타틴, 칸데사르탄)_(1정)",candesartan cilexetil
657200780,토세락정400밀리그램(미분화에토돌락)_(0.4g/1정),etodolac
694003040,대웅바이오덱시부프로펜정300밀리그램_(0.3g/1정),dexibuprofen
645902450,유니메톤정(나부메톤)_(0.5g/1정),nabumetone
650500521,제일제약디클로페낙나트륨주사액_(75mg/2mL),diclofenac
670500690,비알덱시펜정(덱시부프로펜디.씨)_(0.4g/1정),dexibuprofen
661605930,알피디연질캡슐0.5마이크로그램(알파칼시돌)_(0.5㎍/1캡슐),alfacalcidol
642101290,온세란정8mg(온단세트론염산염)_(10mg/1정),ondansetron
651905310,뉴프람오디정5밀리그램(에스시탈로프람옥살산염)_(6.385mg/1정),escitalopram
648602770,씨엠지멜록시캄캡슐7.5mg_(7.5mg/1캡슐),meloxicam
668902660,로바티탄정20/160밀리그램_(1정),valsartan
668903180,제미로우정50/10밀리그램_(1정),rosuvastatin
670400390,휴니즈플루코나졸캡슐_(50mg/1캡슐),fluconazole
671707490,"제모보정500/20밀리그램(나프록센, 에스오메프라졸)_(1정)",naproxen
678602170,엑시다졸듀오정20/800밀리그램_(1정),sodium bicarbonate
693201020,로바탄정20밀리그램(로수바스타틴칼슘)_(20.8mg/1정),rosuvastatin
693201980,피바글로정2밀리그램(피타바스타틴칼슘)_(2mg/1정),pitavastatin
693902690,크로스틴정20밀리그램(로수바스타틴칼슘)_(20.8mg/1정),rosuvastatin
693902860,트레블정40/5/5밀리그램_(1정),amlodipine
694002600,넥시퀸정20밀리그램(에스오메프라졸마그네슘삼수화물)_(22.3mg/1정),esomeprazole
694003170,로에제정10/20밀리그램_(1정),rosuvastatin
694204780,모아캄시캡슐7.5mg(멜록시캄)_(7.5mg/1캡슐),meloxicam
698003110,피엠에스쿠에티아핀정300mg(쿠에티아핀푸마르산염)_(0.34539g/1정),quetiapine
55500060,베사노이드연질캡슐10밀리그램(트레티노인)_(10mg/1캡슐),tretinoin
59000060,로바케이정20밀리그램(로수바스타틴칼슘)_(20.8mg/1정),rosuvastatin
620500280,네비로스타정5/10밀리그램_(1정),nebivolol
620500290,네비로스타정2.5/10밀리그램_(1정),nebivolol
622600280,넥씨엘정20mg(에스오메프라졸마그네슘이수화물)_(21.69mg/1정),esomeprazole
622805190,페북엠정40밀리그램(페북소스타트)_(40mg/1정),febuxostat
658603120,이로스타정20밀리그램(로수바스타틴칼슘)_(20.8mg/1정),rosuvastatin
650003200,"도바토정_(1정)(돌루테그라비르나트륨, 라미부딘)",dolutegravir
641604580,대웅로수바스타틴정5밀리그램(로수바스타틴칼슘)_(5.2mg/1정),rosuvastatin
641606130,크레젯정10/10밀리그램_(1정),rosuvastatin
641606170,올로스타정10/10밀리그램_(1정),olmesartan medoxomil
641904700,아나스토정(아나스트로졸)_(1mg/1정),anastrozole
641906340,이지산트정10/20밀리그램_(1정),rosuvastatin
642105340,듀오웰에이정80/5/20밀리그램_(1정),telmisartan
642105680,에소피드정40/600밀리그램_(1정),esomeprazole
652606880,스타레보필름코팅정150/37.5/200밀리그램_(1정),levodopa
643306060,피타로우정2밀리그램(피타바스타틴칼슘)_(2mg/1정),pitavastatin
643309840,"피타로우에프정2/160밀리그램(피타바스타틴,페노피브레이트)_(1정)",pitavastatin
643508360,아모잘탄엑스큐정 5/50/10/10밀리그램_(1정),ezetimibe
643605400,로타칸정 10/8밀리그램_(1정),rosuvastatin
644003700,오메스정40밀리그램(에스오메프라졸마그네슘이수화물)_(43.38mg/1정),esomeprazole
645100462,대한디-만니톨주사액20%_(20g/100mL/백),d-mannitol
645301550,카세핀정100밀리그램(쿠에티아핀푸마르산염)_(0.11513g/1정),quetiapine
644914400,테노펙션정(테노포비르디소프록실헤미에디실산염)_(0.28986g/1정),tenofovir disoproxil hemiedisylate
645600880,록신마이신정(록시트로마이신)(수출명:Roxin)_(0.15g/1정),roxithromycin
658603200,잘토프정(잘토프로펜)_(80mg/1정),zaltoprofen
649102100,에어클란정(아세클로페낙)_(0.1g/1정),aceclofenac
645907120,동광피타바스타틴정4밀리그램(피타바스타틴칼슘)_(4mg/1정),pitavastatin
645907450,피제트정4/10밀리그램_(1정),pitavastatin
654304650,아세탑CR정(아세클로페낙)_(0.2g/1정),aceclofenac
669902550,아세파인정(아세클로페낙)_(0.1g/1정),aceclofenac
646803110,리피타파정2밀리그램(피타바스타틴칼슘)_(2mg/1정),pitavastatin
669604800,에스메정20밀리그램(에스오메프라졸마그네슘이수화물)_(21.69mg/1정),esomeprazole
644900660,라베칸정10밀리그램(라베프라졸나트륨)_(10mg/1정),rabeprazole
649507360,에소시드정 20밀리그램(에스오메프라졸마그네슘이수화물)_(21.69mg/1정),esomeprazole
59000480,세레윈캡슐100밀리그램(세레콕시브)_(0.1g/1캡슐),celecoxib
669804090,아세론정(아세클로페낙)_(0.1g/1정),aceclofenac
648103740,듀오로반정10/5밀리그램_(1정),ezetimibe
648201991,푸리젝스주(디클로페낙나트륨)_(75mg/2mL),diclofenac
646902671,인베가하피에라주사(팔리페리돈팔미테이트)_(1.092g/3.5mL),paliperidone
650201550,안국플루코나졸캡슐_(50mg/1캡슐),fluconazole
648507550,에제로수정10/20밀리그램_(1정),rosuvastatin
648508220,"에제로수정10/2.5밀리그램(에제티미브, 로수바스타틴)_(1정)",ezetimibe
670102140,프라탐서방정0.2mg(탐스로신염산염)_(0.2mg/1정),tamsulosin
651300770,클로드릴정(클로피도그렐황산수소염)_(97.875mg/1정),clopidogrel bisulfate
648902330,라파뮨정2밀리그램(시롤리무스)_(2mg/1정),sirolimus
654302920,탐스돌서방정(탐스로신염산염)_(0.2mg/1정),tamsulosin
664602620,다림클로피도그렐정75mg(클로피도그렐황산수소염)_(97.875mg/1정),clopidogrel bisulfate
656003880,프래빅스정(클로피도그렐황산염)_(97.875mg/1정),clopidogrel bisulfate
649001470,에소메프라정20밀리그램(에스오메프라졸마그네슘삼수화물)_(22.25mg/1정),esomeprazole
649104580,더마톡연질캡슐30mg(알리트레티노인)_(30mg/1캡슐),alitretinoin
649105510,로바로우정4밀리그램(피타바스타틴칼슘)_(4mg/1정),pitavastatin
649106110,"듀오텔미플러스정40/5/5밀리그램(텔미사르탄, 암로디핀, 로수바스타틴)_(1정)",telmisartan
643500590,록세미신정150밀리그램(록시트로마이신)_(0.15g/1정),roxithromycin
649702050,라베프론정20밀리그램(라베프라졸나트륨)_(20mg/1정),rabeprazole
649702370,에소메딘정20밀리그램(에스오메프라졸마그네슘이수화물)_(21.69mg/1정),esomeprazole
643500802,맥시부펜시럽(덱시부프로펜)_(0.9g/75mL),dexibuprofen
649807070,설트람정50밀리그램(설트랄린염산염)_(55.95mg/1정),sertraline
649808350,"로젯정10/2.5밀리그램(에제티미브,로수바스타틴)_(1정)",rosuvastatin
651602900,"한화로칸정 10/16밀리그램(로수바스타틴칼슘, 칸데사르탄실렉세틸)_(1정)",rosuvastatin
649002380,폭틴캡슐20밀리그램(플루옥세틴염산염)_(22.4mg/1캡슐),fluoxetine
645404480,트리도파정100/25/200밀리그램_(1정),carbidopa
651904490,트리레보정150/37.5/200mg_(1정),carbidopa
653004360,쿠에티정(쿠에티아핀푸마르산염)_(0.11513g/1정),quetiapine
643904150,팔로델정(브로모크립틴메실산염)_(2.87mg/1정),bromocryptine
653006630,파마설트랄린정25밀리그램(설트랄린염산염)_(27.975mg/1정),sertraline
653403730,로수탄젯정10/20밀리그램_(1정),rosuvastatin
653600511,산도스타틴라르주사30밀리그램(옥트레오티드아세트산염)_(33.6mg/1병),octreotide
642101280,온세란정4mg(온단세트론염산염)_(5mg/1정),ondansetron
649803490,푸라칸정150밀리그람(플루코나졸)_(0.15g/1정),fluconazole
653700760,아루펜정400밀리그람(이부프로펜)_(0.4g/1정),ibuprofen
653800470,리치칼슘연질캡슐(알파칼시돌)_(0.5㎍/1캡슐),alfacalcidol
653805830,로타젯정10/20밀리그램_(1정),rosuvastatin
655404790,"텔미트리원정80/5/5밀리그램(텔미사르탄,암로디핀,로수바스타틴)_(1정)",telmisartan
655404840,"피에젯타정1/10밀리그램(피타바스타틴칼슘수화물,에제티미브)_(1정)",ezetimibe
656005550,"크레스젯정10/5밀리그램(에제티미브, 로수바스타틴)_(1정)",rosuvastatin
656005550,"크레스젯정10/5밀리그램(에제티미브, 로수바스타틴)_(1정)",ezetimibe
670501610,아세로탈정100밀리그램(아세클로페낙)_(0.1g/1정),aceclofenac
625200060,록소쿨정(록소프로펜나트륨수화물)_(68.1mg/1정),loxoprofen
649400410,레보파정(레보플록사신수화물)(수출명:VOLEXINTABLET)_(0.1g/1정),levofloxacin
649404590,영일아스피린장용정100mg(아스피린)_(0.1g/1정),aspirin
644307820,클란자CR정(아세클로페낙)_(0.2g/1정),aceclofenac
658106560,로바트정20밀리그램(로수바스타틴칼슘)_(20.8mg/1정),rosuvastatin
641702750,후릭스정(푸로세미드)_(40mg/1정),furosemide
658600651,아코신주100mg(네틸마이신황산염)_(0.1g/2mL),netilmicin
57700060,독립아세클로페낙정_(0.1g/1정),aceclofenac
642502460,아크로펜정(아세클로페낙)_(0.1g/1정),aceclofenac
665002070,로수에지정10/20밀리그램_(1정),ezetimibe
668902900,로바티탄정5/160밀리그램_(1정),valsartan
668903200,제미로우정50/20밀리그램_(1정),rosuvastatin
669901130,록시티로신정(록시트로마이신)_(0.15g/1정),roxithromycin
669906020,뉴스토정10mg(로수바스타틴칼슘)_(10.4mg/1정),rosuvastatin
670104890,크바젯정10/10밀리그램_(1정),rosuvastatin
671806340,크로우젯정10/20밀리그램_(1정),rosuvastatin
657804871,황몰핀주사15mg/mL(모르핀황산염수화물)_(30mg/2mL),morphine
664900410,에스몰핀정(모르핀황산염수화물)_(15mg/1정),morphine
694002910,쎄로타핀정100밀리그램(쿠에티아핀푸마르산염)_(0.11513g/1정),quetiapine
696300130,란스톤엘에프디티정30밀리그램(란소프라졸)_(30mg/1정),lansoprazole
58801270,"란소앤정15/600밀리그램(란소프라졸,침강탄산칼슘)_(1정)",lansoprazole
59600300,로수박정5mg(로수바스타틴칼슘)_(5.2mg/1정),rosuvastatin
73001480,라베건정10밀리그램(라베프라졸나트륨)_(10mg/1정),rabeprazole
73100330,레메론정30밀리그램(미르타자핀)_(30mg/1정),mirtazapine
620500390,네비로스타정2.5/20밀리그램_(1정),nebivolol
57600300,크로원정5mg(로수바스타틴칼슘)_(5.2mg/1정),rosuvastatin
626900290,타모프렉스정20밀리그램(타목시펜시트르산염)_(30.34mg/1정),tamoxifen
629700970,오코라졸정10밀리그램(라베프라졸나트륨)_(10mg/1정),rabeprazole
641606170,올로스타정10/10밀리그램_(1정),rosuvastatin
641606230,올로스타정40/10밀리그램_(1정),rosuvastatin
641906560,투베로정30/5밀리그램_(1정),fimasartan
642104810,로수바미브정10/5밀리그램_(1정),ezetimibe
642105350,듀오웰에이정40/5/20밀리그램_(1정),telmisartan
642105850,듀오웰플러스정40/5/10밀리그램_(1정),telmisartan
663601231,아시렌주2밀리그램(시프로플록사신)_(0.2g/100mL),ciprofloxacin
642507330,듀오논정10/10밀리그램_(1정),rosuvastatin
657802781,하나온단세트론주사(온단세트론염산염수화물)_(10mg/4mL),ondansetron
642707010,로티브정10/20밀리그램_(1정),ezetimibe
642906630,"라비에트듀오정10/500밀리그램(라베프라졸나트륨,탄산수소나트륨)_(1정)",rabeprazole
641100210,아달라트오로스정30(니페디핀)_(33mg/1정),nifedipine
643504510,스무디핀정25밀리그램(쿠에티아핀푸마르산염)_(28.78mg/1정),quetiapine
643507850,"아모잘탄큐정5/50/10밀리그램(암로디핀,로사르탄,로수바스타틴)_(1정)",amlodipine camsylate
643508370,아모잘탄엑스큐정 5/100/5/10밀리그램_(1정),amlodipine
643508380,아모잘탄엑스큐정 5/100/20/10밀리그램_(1정),ezetimibe
643509020,아모잘탄엑스큐정 5/50/2.5/10밀리그램_(1정),rosuvastatin
651900070,그로민캡슐25mg(클로미프라민염산염)_(25mg/1캡슐),clomipramine
644603300,에프라민정40밀리그램(에스오메프라졸마그네슘이수화물)_(43.38mg/1정),esomeprazole
645305790,카세핀서방정50밀리그램(쿠에티아핀푸마르산염)_(57.56mg/1정),quetiapine
642904900,젤로빅정500밀리그램(카페시타빈)_(0.5g/1정),capecitabine
645404550,로제듀오정10/5밀리그램_(1정),ezetimibe
645406170,텔미칸큐정40/10/10/5밀리그램_(1정),telmisartan
670104680,쎌레코캡슐100밀리그램(세레콕시브)_(0.1g/1캡슐),celecoxib
651203970,에스부펜정(덱시부프로펜)_(0.3g/1정),dexibuprofen
640902940,쎄콕시브캡슐200밀리그램(세레콕시브)_(0.2g/1캡슐),celecoxib
648204310,쎄레시브캡슐100밀리그램(세레콕시브)_(0.1g/1캡슐),celecoxib
646005090,로바르탄정10/160밀리그램_(1정),valsartan
73400030,"이팩사엑스알서방캡슐75밀리그램_(벤라팍신염산염, 84.85mg/1캡슐)",venlafaxine
669804470,앤티시움정20mg(에스오메프라졸마그네슘이수화물)_(21.69mg/1정),esomeprazole
641702920,놀텍정10밀리그램(일라프라졸)_(10mg/1정),ilaprazole
642403910,엑스메졸정40mg(에스오메프라졸마그네슘이수화물)_(43.38mg/1정),esomeprazole
649604890,에소라졸정20mg(에스오메프라졸마그네슘삼수화물)_(22.25mg/1정),esomeprazole
646902070,콘서타OROS서방정54밀리그램(메틸페니데이트염산염)_(54mg/1정),methylphenidate
653802100,에이낙정(아세클로페낙)_(0.1g/1정),aceclofenac
657305840,록소리스정(록소프로펜나트륨수화물)_(68.1mg/1정),loxoprofen
650300570,모리캄캡슐15mg(멜록시캄)_(15mg/1캡슐),meloxicam
644206330,리트모놈SR서방캡슐325밀리그램(프로파페논염산염)_(0.325g/1캡슐),propafenone
622600420,아세티론정(아세클로페낙)_(0.1g/1정),aceclofenac
644801940,태극나렉신정(나프록센나트륨)(수출명 : NAPRONEW TABLET)_(0.275g/1정),naproxen
649604440,쎌레브캡슐200밀리그램(세레콕시브)_(0.2g/1캡슐),celecoxib
648506270,콜로스타정10밀리그램(로수바스타틴칼슘)_(10.4mg/1정),rosuvastatin
651905400,프로트립탄정2.5밀리그램(프로바트립탄숙신산염일수화물)_(3.91mg/1정),frovatriptan
646004990,탐센서방캡슐0.4밀리그램(탐스로신염산염)_(0.4mg/1캡슐),tamsulosin
642801570,플라메드정(클로피도그렐황산염)[수출명:플라독스정(FLADOXTablet)_(97.875mg/1정),clopidogrel bisulfate
642104860,아나그레캡슐0.5밀리그램(아나그렐리드염산염)_(0.61mg/1캡슐),anagrelide
642900900,싸이신정250밀리그램(시프로플록사신염산염)_(0.291g/1정),ciprofloxacin
649103490,크레스티브정10/10mg_(1정),rosuvastatin
649105090,크레칸데정5/8밀리그램_(1정),rosuvastatin
649105360,엑스크레스바정5/80/5밀리그램_(1정),valsartan
649508590,"란탄듀오정15/600밀리그램(란소프라졸,침강탄산칼슘)_(1정)",calcium
649601602,어린이알리펜시럽(이부프로펜)(수출명:이부돌시럽)_(20g/1000mL),ibuprofen
643701100,록시스린정150밀리그람(록시트로마이신)[수출명:프록시맥스정]_(0.15g/1정),roxithromycin
689000640,델콕스캡슐200밀리그램(세레콕시브)_(0.2g/1캡슐),celecoxib
647302920,씨트렉스캡슐200밀리그램(세레콕시브)_(0.2g/1캡슐),celecoxib
657502420,무쏘펜정(록소프로펜나트륨수화물)_(68.1mg/1정),loxoprofen
649806670,에스프롤정20밀리그램(에스오메프라졸마그네슘이수화물)_(21.69mg/1정),esomeprazole
649808310,"란스타정15/600밀리그램(란소프라졸,침강탄산칼슘)_(1정)",calcium
649808400,"피타페노콜서방정(피타바스타틴칼슘,페노피브레이트콜린)_(1정)",pitavastatin
649900400,델티바정50밀리그램(델라마니드)_(50mg/1정),delamanid
651602890,"한화로칸정 20/32밀리그램(로수바스타틴칼슘, 칸데사르탄실렉세틸)_(1정)",rosuvastatin
662500670,디카졸캡슐(플루코나졸)_(50mg/1캡슐),fluconazole
651901980,큐로켈정100밀리그램(쿠에티아핀푸마르산염)_(0.11513g/1정),quetiapine
651904090,밀타정30mg(미르타자핀)_(30mg/1정),mirtazapine
650700510,카소덱스정(비칼루타마이드)_(50mg/1정),bicalutamide
73001350,파메졸캡슐50밀리그램(플루코나졸)_(50mg/1캡슐),fluconazole
652606750,쎄로켈서방정150밀리그램(쿠에티아핀푸마르산염)_(0.17269g/1정),quetiapine
650204580,토피칸정25밀리그람(토피라메이트)_(25mg/1정),topiramate
654000481,소페낙주사(디클로페낙나트륨)_(75mg/2mL),diclofenac
653804410,하이엘정10밀리그램(로수바스타틴칼슘)_(10.4mg/1정),rosuvastatin
653804480,브레톨패취0.5밀리그램(툴로부테롤)_(1.6X1.6㎠/1매),tulobuterol
655404780,"텔미트리원정80/5/10밀리그램(텔미사르탄,암로디핀,로수바스타틴)_(1정)",rosuvastatin
656001550,"큐라졸캅셀(오메프라졸)(수출명:노티졸캡슐,보파얼서프라졸캡슐)_(20mg/1캡슐)",omeprazole
656005880,"피타스틴듀오정(피타바스타틴칼슘, 페노피브레이트)_(1정)",pitavastatin
642300331,도란찐주100밀리그람(트라마돌염산염)_(0.1g/2mL),tramadol
657204090,환인쿠에타핀서방정200밀리그램(쿠에티아핀푸마르산염)_(0.23026g/1정),quetiapine
657305860,아스텍트정(아스피린)_(0.1g/1정),aspirin
643103201,닥스펜시럽(덱시부프로펜)_(6g/500mL),dexibuprofen
698500350,이텍스나부메톤정500mg_(0.5g/1정),nabumetone
657806780,텔미로원정80/20밀리그램_(1정),rosuvastatin
657807300,세로큐정300밀리그램(쿠에티아핀푸마르산염)_(0.34539g/1정),quetiapine
658202960,페북틴정80밀리그램(페북소스타트)_(80mg/1정),febuxostat
628900410,쎄렉스타캡슐200mg(세레콕시브)_(0.2g/1캡슐),celecoxib
59600080,세콕시아캡슐200mg(세레콕시브)_(0.2g/1캡슐),celecoxib
649500350,디부루펜정400밀리그램(덱시부프로펜디.씨)_(0.4g/1정),dexibuprofen
658603950,이로스타정5밀리그램(로수바스타틴칼슘)_(5.2mg/1정),rosuvastatin
661604990,알피라베정10mg(라베프라졸나트륨)_(10mg/1정),rabeprazole
652500341,퍼마곤주80밀리그램(데가렐릭스)_(88.2mg/1병),degarelix
646901561,인베가서스티나주사39mg(팔리페리돈팔미테이트)_(39mg/0.25mL),paliperidone
662600870,로바원정5밀리그램(로수바스타틴칼슘)_(5.2mg/1정),rosuvastatin
663300850,뉴로스틴정(로수바스타틴칼슘)_(10.4mg/1정),rosuvastatin
669800571,네미론주150밀리그람(네틸마이신황산염)_(0.15g/2mL),netilmicin
670104890,크바젯정10/10밀리그램_(1정),ezetimibe
650301190,리노드린서방캡슐_(1캡슐),ebastine
670304500,로미젯정10/5밀리그램_(1정),rosuvastatin
670101650,웰피트캡슐20밀리그램(염산플루옥세틴)_(22.4mg/1캡슐),fluoxetine
642403580,벤팍신서방캡슐37.5밀리그램(벤라팍신염산염)_(42.42mg/1캡슐),venlafaxine
671706710,로바하이정5/80밀리그램_(1정),rosuvastatin
689000760,로수그린정20밀리그램(로수바스타틴칼슘)_(20.8mg/1정),rosuvastatin
690301220,비엘쿠에티정100밀리그램(쿠에티아핀푸마르산염)_(0.11513g/1정),quetiapine
694003000,페북소릭정80밀리그램(페북소스타트)_(80mg/1정),febuxostat
694003500,리바피타정1밀리그램(피타바스타틴칼슘)_(1mg/1정),pitavastatin
694003590,브이포지알정5/160/10밀리그램_(1정),valsartan
694003620,브이포지알정5/80/5밀리그램_(1정),valsartan
698502530,라베졸정20mg(라베프라졸나트륨)_(20mg/1정),rabeprazole
698504570,테라콕시브정30밀리그램(에토리콕시브)_(30mg/1정),etoricoxib
60500550,라벤다정20밀리그램(라베프라졸나트륨)_(20mg/1정),rabeprazole
622802660,에스오피엠정40밀리그램(에스오메프라졸마그네슘이수화물)_(43.38mg/1정),esomeprazole
625501120,로수메디정10밀리그램(로수바스타틴칼슘)_(10.4mg/1정),rosuvastatin
670103520,크바스틴정20밀리그램(로수바스타틴칼슘)_(20.8mg/1정),rosuvastatin
645906290,동광로수바스타틴칼슘정5mg_(5.2mg/1정),rosuvastatin
650003200,"도바토정_(1정)(돌루테그라비르나트륨, 라미부딘)",lamivudine
629700980,오코라졸정20밀리그램(라베프라졸나트륨)_(20mg/1정),rabeprazole
640003910,헤르벤서방정90밀리그램(딜티아젬염산염)_(90mg/1정),diltiazem
642507680,베믈리아정(테노포비르알라페나미드시트르산염)_(35.08mg/1정),tenofovir alafenamide
643903910,베믈리노정(테노포비르알라페나미드헤미말산염)_(28.51mg/1정),tenofovir alafenamide hemimalate
653003190,파마시프로플록사신정(시프로플록사신염산염수화물)(수출명1:시프로메드250mg)(수출명2:프록시프로정250mg)(수출명3:시프로플록스정250mg)(수출명4:시플록신정250mg)_(0.291g/1정),ciprofloxacin
642001180,팍세틸정(파록세틴염산염반수화물)_(22.88mg/1정),paroxetine
642005150,설타린정100밀리그램(설트랄린염산염)_(0.11192g/1정),sertraline
696601690,록트로신정(록시트로마이신)_(0.15g/1정),roxithromycin
642404090,크레아진플러스정10/5mg_(1정),rosuvastatin
642905480,텔로스톱정40/10밀리그램_(1정),telmisartan
643309320,에소듀오에스정20/700밀리그램_(1정),esomeprazole
643507430,펙소스타정80밀리그램(페북소스타트)_(80mg/1정),febuxostat
643606410,로제텔핀정80/20/10/5밀리그램_(1정),amlodipine
643802810,로수탑정10밀리그램(로수바스타틴칼슘)_(10.4mg/1정),rosuvastatin
644206470,립스타플러스정10/20밀리그램_(1정),ezetimibe
651902130,토파메이트정100밀리그람(토피라메이트)_(0.1g/1정),topiramate
645405330,텔미듀오플러스정80/10/20밀리그램_(1정),amlodipine
645406160,텔미칸큐정40/5/10/5밀리그램_(1정),amlodipine
57600710,진브렉스캡슐100밀리그램(세레콕시브)_(0.1g/1캡슐),celecoxib
654700430,아소로펜정(록소프로펜나트륨수화물)_(68.1mg/1정),loxoprofen
657804671,카이세론주(그라니세트론염산염)_(3.351mg/3mL),granisetron
651300730,잘토젠정(잘토프로펜)_(80mg/1정),zaltoprofen
649100670,아이소펜정(덱시부프로펜)_(0.4g/1정),dexibuprofen
646005140,"로수에제정10/10밀리그램(에제티미브,로수바스타틴칼슘)_(1정)",ezetimibe
696600960,라베린정20mg(라베프라졸나트륨)_(20mg/1정),rabeprazole
649103700,넥시메졸정20mg(에스오메프라졸마그네슘이수화물)_(21.69mg/1정),esomeprazole
622801610,락소펜엠정(록소프로펜나트륨수화물)_(68.1mg/1정),loxoprofen
678600560,록소디엘정60밀리그램(록소프로펜나트륨수화물)_(68.1mg/1정),loxoprofen
73001160,세레트캡슐200mg(세레콕시브)_(0.2g/1캡슐),celecoxib
643802820,쎄레콕스타캡슐(세레콕시브)_(0.2g/1캡슐),celecoxib
642000800,액틱구강정800마이크로그램(구연산펜타닐)_(1.2568mg/1정),fentanyl
653402630,클로렐정(클로피도그렐황산염)_(97.875mg/1정),clopidogrel bisulfate
649105130,크레칸데정20/32밀리그램_(1정),candesartan cilexetil
649606521,브리모점안액(브리모니딘타르타르산염)(1회용)_(0.45mg/0.3mL),brimonidine
661901670,크로탈정(아세클로페낙)_(0.1g/1정),aceclofenac
649808230,텔미원스플러스정40/5/5밀리그램_(1정),amlodipine
650500461,제일에페드린염산염주사액4%_(40mg/1mL),ephedrine
650500681,제일제약염화칼륨주사액_(3g/20mL),potassium
651204860,로제로우정10/20밀리그램_(1정),rosuvastatin
651206070,로스텔플러스정80/5/10밀리그램_(1정),rosuvastatin
651902890,파록스씨알정12.5밀리그램(파록세틴염산염수화물)_(14.25mg/1정),paroxetine
642003480,미라프정0.125밀리그램(프라미펙솔염산염일수화물)_(0.125mg/1정),pramipexole dihydrochloride
651904290,큐로켈서방정200밀리그램(쿠에티아핀푸마르산염)_(0.23024g/1정),quetiapine
653006740,에소탄정20/800밀리그램_(1정),esomeprazole
653103710,수바로오디정5밀리그램(로수바스타틴칼슘(미분화))_(5.2mg/1정),rosuvastatin
653403280,로수탄정20밀리그램(로수바스타틴칼슘)_(20.8mg/1정),rosuvastatin
654006270,"피타렛정2/160밀리그램(피타바스타틴칼슘수화물, 페노피브레이트)_(1정)",pitavastatin
656005730,"크레비스타정5/10밀리그램(네비보롤,로수바스타틴)_(1정)",nebivolol
651904870,퍼킨씨알정50-200mg_(1정),levodopa
652606860,스타레보필름코팅정100/25/200밀리그램_(1정),carbidopa
657203100,콤비로칸정10/8밀리그램_(1정),candesartan cilexetil
652601290,케이사신정250밀리그람(시프로플록사신염산염수화물)_(0.291g/1정),ciprofloxacin
657302850,오메톤캡슐(오메프라졸)_(20mg/1캡슐),omeprazole
644103690,에페닥정(아세클로페낙)_(0.1g/1정),aceclofenac
697100100,세나톤정(나부메톤)_(0.5g/1정),nabumetone
655402751,맥스프로시럽(덱시부프로펜)_(6g/500mL),dexibuprofen
665002060,로수에지정10/5밀리그램_(1정),rosuvastatin
650300920,아엔탈정(아세클로페낙)_(0.1g/1정),aceclofenac
665508430,유니페니돈정400밀리그램(피르페니돈)_(0.4g/1정),pirfenidone
669904220,푸졸캡슐(플루코나졸)(수출명:NewfuconacCap.)_(50mg/1캡슐),fluconazole
670104900,크바젯정10/5밀리그램_(1정),rosuvastatin
658602890,이연플루코캡슐50밀리그램(플루코나졸)_(50mg/1캡슐),fluconazole
670304310,피레스코정400밀리그램(피르페니돈)_(0.4g/1정),pirfenidone
671805100,타바로우정(피타바스타틴칼슘)_(2mg/1정),pitavastatin
678601010,쿠아핀정25밀리그램(쿠에티아핀푸마르산염)_(28.78mg/1정),quetiapine
696300060,판토록정40밀리그램(판토프라졸나트륨세스키히드레이트)_(45.1mg/1정),pantoprazole
698004540,리페넥스정3밀리그램(리스페리돈)_(3mg/1정),risperidone
698004790,"제피노정2/160밀리그램(피타바스타틴칼슘, 페노피브레이트)_(1정)",fenofibrate
698504250,란소드캡슐15밀리그램(란소프라졸과립)_(15mg/1캡슐),lansoprazole
698505110,"페노피타정(피타바스타틴칼슘, 페노피브레이트)_(1정)",pitavastatin
643101250,셀렉틴캡슐10밀리그램(플루옥세틴염산염)_(11.2mg/1캡슐),fluoxetine
642203010,로나센정4밀리그램(블로난세린)_(4mg/1정),blonanserin
642003950,쎄로티핀정25밀리그램(쿠에티아핀푸마르산염)_(28.78mg/1정),quetiapine
642507330,듀오논정10/10밀리그램_(1정),ezetimibe
643305730,호쿠테롤패취2밀리그램(툴로부테롤)_(3.2X3.2㎠/1매),tulobuterol
643505410,수바스트정10밀리그램(로수바스타틴칼슘)_(10.4mg/1정),rosuvastatin
643505570,투브롤패취0.5밀리그램(툴로부테롤)_(1.6X1.6㎠/1매),tulobuterol
643606430,로제텔핀정80/5/10/5밀리그램_(1정),rosuvastatin
643606440,로제텔핀정40/20/10/5밀리그램_(1정),rosuvastatin
643704390,에제로바정10/5밀리그램_(1정),ezetimibe
643900680,셉트린정_(1정),sulfamethoxazole
644206460,립스타플러스정10/5밀리그램_(1정),rosuvastatin
644701850,오메드정10밀리그램(오메프라졸)_(10mg/1정),omeprazole
670601230,세티정(토피라메이트)_(0.1g/1정),topiramate
645307110,자이자핀정2.5밀리그램(올란자핀)_(2.5mg/1정),olanzapine
645404540,로제듀오정10/20밀리그램_(1정),rosuvastatin
645406050,에소톤정20밀리그램(에스오메프라졸마그네슘이수화물)_(21.69mg/1정),esomeprazole
645406160,텔미칸큐정40/5/10/5밀리그램_(1정),ezetimibe
645406410,텔미듀오플러스정80/5/5밀리그램_(1정),amlodipine
670601220,세크로정(아세클로페낙)(수출명:HUONSACENACTab.)_(0.1g/1정),aceclofenac
646203810,쎄레젠캡슐200mg(세레콕시브)_(0.2g/1캡슐),celecoxib
646005070,로바르탄정5/80밀리그램_(1정),valsartan
649506160,유니란소캡슐15밀리그램(란소프라졸)_(15mg/1캡슐),lansoprazole
657805110,란사톤캡슐30mg(란소프라졸과립)_(30mg/1캡슐),lansoprazole
641906730,에소가드정40밀리그램(에스오메프라졸마그네슘이수화물)_(43.38mg/1정),esomeprazole
651200360,록소펜정60밀리그램(록소프로펜나트륨수화물)_(68.1mg/1정),loxoprofen
644308390,셀레콕스캡슐(세레콕시브)_(0.2g/1캡슐),celecoxib
664900360,아세날정(아세클로페낙)_(0.1g/1정),aceclofenac
648507110,콜로스타정20밀리그램(로수바스타틴칼슘)_(20.8mg/1정),rosuvastatin
698002530,티피로신캡슐(탐스로신염산염)_(0.2mg/1캡슐),tamsulosin
653805730,탐시원서방캡슐0.4밀리그램(탐스로신염산염)_(0.4mg/1캡슐),tamsulosin
693903220,탐솔서방정0.2밀리그램(탐스로신염산염)_(0.2mg/1정),tamsulosin
644704000,탐스플라캡슐(탐스로신염산염)_(0.2mg/1캡슐),tamsulosin
654005610,하루신서방정0.4밀리그램(탐스로신염산염)_(0.4mg/1정),tamsulosin
673400210,록소큐정(록소프로펜나트륨)_(68.1mg/1정),loxoprofen
654004180,아주록손정(록소프로펜나트륨수화물)_(68.1mg/1정),loxoprofen
649807690,발사로브정20/80밀리그램_(1정),rosuvastatin
651300740,오메프로에스정20밀리그램(에스오메프라졸마그네슘삼수화물)_(22.3mg/1정),esomeprazole
651602910,"한화로칸정 10/8밀리그램(로수바스타틴칼슘, 칸데사르탄실렉세틸)_(1정)",candesartan cilexetil
647204481,케이레보주(레보플록사신수화물)_(0.51246g/100mL),levofloxacin
652603970,파비라졸정10밀리그램(라베프라졸나트륨)_(10mg/1정),rabeprazole
652606370,로칸듀오정10/8밀리그램_(1정),rosuvastatin
643310050,종근당토피라메이트서방정50밀리그램_(50mg/1정),topiramate
627600120,피엠에스토피라메이트정25밀리그램_(25mg/1정),topiramate
73000660,잘프펜정(잘토프로펜)_(80mg/1정),zaltoprofen
673400250,프리코나졸캡슐50밀리그램(플루코나졸)_(50mg/1캡슐),fluconazole
621801920,아페민정(아세클로페낙)_(0.1g/1정),aceclofenac
648104031,덱시디펜시럽(덱시부프로펜)_(6g/500mL),dexibuprofen
658106780,록소핀정(록소프로펜나트륨)_(68.1mg/1정),loxoprofen
658202950,페북틴정40밀리그램(페북소스타트)_(40mg/1정),febuxostat
658204840,오메나듀오정20/800밀리그램_(1정),sodium bicarbonate
696601020,일양바이오플루코나졸정150밀리그램_(0.15g/1정),fluconazole
657202270,아펜탁정(아세클로페낙)_(0.1g/1정),aceclofenac
665507970,유니온툴로부테롤패취2밀리그램_(10㎠/1매),tulobuterol
641903100,온세트론정(온단세트론염산염수화물)_(10mg/1정),ondansetron
670305200,알파코연질캡슐1마이크로그램(알파칼시돌)_(1㎍/1캡슐),alfacalcidol
670501240,크레라토정10mg(로수바스타틴칼슘)_(10.4mg/1정),rosuvastatin
671706990,넥소듀오정20/800밀리그램_(1정),esomeprazole
671806620,트리인원정40/5/10mg_(1정),amlodipine
657801460,엠에스알서방정30밀리그램(모르핀황산염수화물)_(30mg/1정),morphine
693902300,피타로틴정4밀리그램(피타바스타틴칼슘)_(4mg/1정),pitavastatin
694003610,브이포지알정5/80/10밀리그램_(1정),valsartan
698400570,라베콤비정_(1정),rabeprazole
52402350,"아이스타플러스정40/5/5밀리그램(텔미사르탄,암로디핀,로수바스타틴)_(1정)",rosuvastatin
73000720,로수칸데정10/8밀리그램_(1정),candesartan cilexetil
649702260,로수바신정10mg(로수바스타틴칼슘)_(10.4mg/1정),rosuvastatin
642203000,로나센정2밀리그램(블로난세린)_(2mg/1정),blonanserin
650001210,컴비비어정_(1정),lamivudine
628902020,이바틴정4밀리그램(피타바스타틴칼슘수화물)_(4mg/1정),pitavastatin
641608330,"바로페노정2/160밀리그램(피타바스타틴칼슘,페노피브레이트)_(1정)",pitavastatin
641907350,듀카로정60/5/5밀리그램_(1정),rosuvastatin
642104610,듀오웰정80/5밀리그램_(1정),telmisartan
642105810,듀오웰플러스정80/10/10밀리그램_(1정),rosuvastatin
642507560,"라비듀오정10/500밀리그램(라베프라졸나트륨,탄산수소나트륨)_(1정)",sodium bicarbonate
642707190,"라베듀엣정10/500밀리그램(라베프라졸나트륨,탄산수소나트륨)_(1정)",sodium bicarbonate
642907170,"피타큐젯정1/10밀리그램(피타바스타틴칼슘수화물, 에제티미브)_(1정)",pitavastatin
643103850,넥스라졸정40밀리그램(에스오메프라졸마그네슘삼수화물)_(44.5mg/1정),esomeprazole
649103600,리버리드정(테노포비르디소프록실)_(0.245g/1정),tenofovir disoproxil
643306760,낙센에스정500/20밀리그램_(1정),naproxen
645404480,트리도파정100/25/200밀리그램_(1정),levodopa
645306630,에소원탑정20/800밀리그램_(1정),esomeprazole
645404530,로제듀오정10/10밀리그램_(1정),rosuvastatin
645405310,텔미듀오플러스정80/5/10밀리그램_(1정),rosuvastatin
645406190,텔미칸큐정80/5/10/5밀리그램_(1정),telmisartan
651500390,록소푸로정(록소프로펜나트륨수화물)_(68.1mg/1정),loxoprofen
649102870,에어클란CR정(아세클로페낙)_(0.2g/1정),aceclofenac
641502920,잘토맥정(잘토프로펜))_(80mg/1정),zaltoprofen
644805130,쎄레스콕캡슐200mg(세레콕시브)_(0.2g/1캡슐),celecoxib
645304060,베넥사엑스알서방캡슐37.5밀리그램(벤라팍신염산염)_(42.42mg/1캡슐),venlafaxine
669804330,라비엠정20mg(라베프라졸나트륨)_(20mg/1정),rabeprazole
655403420,에소멜캡슐20밀리그램(에스오메프라졸마그네슘이수화물)_(21.68mg/1캡슐),esomeprazole
625201280,넥세라정20밀리그램(에스오메프라졸마그네슘이수화물)_(21.69mg/1정),esomeprazole
657306851,엑스펜시럽(덱시부프로펜)_(6g/500mL),dexibuprofen
647804690,뉴스타틴티에스정80/10/20mg_(1정),telmisartan
648103070,에소프라졸캡슐20밀리그램(에스오메프라졸)_(20mg/1캡슐),esomeprazole
674900490,앱스트랄설하정200마이크로그램(펜타닐시트르산염)_(0.3142mg/1정),fentanyl
653103380,나르코설하정300마이크로그램(펜타닐시트르산염)_(0.4713mg/1정),fentanyl
674900500,앱스트랄설하정300마이크로그램(펜타닐시트르산염)_(0.4173mg/1정),fentanyl
671807660,탐스웰서방정0.4밀리그램(탐스로신염산염)_(0.4mg/1정),tamsulosin
55101050,클로윈정(클로피도그렐황산염)_(97.875mg/1정),clopidogrel bisulfate
643308200,써티로벨정0.75밀리그램(에베로리무스)_(0.75mg/1정),everolimus
646800430,건일클로피도그렐정(클로피도그렐황산염)_(97.875mg/1정),clopidogrel bisulfate
678601720,탐스올서방정0.4밀리그램(탐스로신염산염)_(0.4mg/1정),tamsulosin
657200760,탐스핀캡슐(탐스로신염산염)_(0.2mg/1캡슐),tamsulosin
679801460,록스로스정(록소프로펜나트륨수화물)_(68.1mg/1정),loxoprofen
649803310,판토시드정20밀리그램(판토프라졸나트륨세스키히드레이트)_(22.55mg/1정),pantoprazole
652606860,스타레보필름코팅정100/25/200밀리그램_(1정),levodopa
650700530,크레스토정20밀리그램(로수바스타틴칼슘)_(20.8mg/1정),rosuvastatin
663600410,록신정250밀리그램(시프로플록사신염산염수화물)_(0.291g/1정),ciprofloxacin
651204390,로스텔정80/5밀리그램_(1정),rosuvastatin
651601650,레스프라졸정10밀리그램(라베프라졸나트륨)_(10mg/1정),rabeprazole
651902360,"푸록틴캡슐(염산플루옥세틴)(수출명:명인플루옥세틴캡슐, 플루작캡슐(염산플루옥세틴))_(22.36mg/1캡슐)",fluoxetine
651904480,트리레보정200/50/200mg_(1정),levodopa
651902270,퍼킨정25-250mg_(1정),levodopa
651905340,"명도파정12.5/50밀리그램(벤세라지드, 레보도파)_(1정)",levodopa
655400770,센시발정10밀리그램(염산노르트립틸린)_(11.4mg/1정),nortriptyline
652105500,메가로젯정10/10밀리그램_(1정),ezetimibe
653005760,쿠에티서방정300밀리그램(쿠에티아핀푸마르산염)_(0.34536g/1정),quetiapine
650304280,리버포딘정(테노포비르디소프록실)_(0.245g/1정),tenofovir disoproxil
653804980,하이엘정5밀리그램(로수바스타틴칼슘)_(5.2mg/1정),rosuvastatin
646800580,로딘엑스엘정400밀리그램(미분화에토돌락)_(0.4g/1정),etodolac
661900100,녹사펜정(록소프로펜나트륨수화물)_(68.1mg/1정),loxoprofen
657203500,미르젠탁정30밀리그램(미르타자핀)_(30mg/1정),mirtazapine
625500310,셀티브캡슐200밀리그램(세레콕시브)_(0.2g/1캡슐),celecoxib
657306600,셀빅스캡슐(세레콕시브)_(0.2g/1캡슐),celecoxib
657806290,"텔미디핀알정40/5/10밀리그램(텔미사르탄, 암로디핀, 로수바스타틴)_(1정)",amlodipine
657808260,"파라메트듀오정20/700밀리그램(라베프라졸나트륨, 탄산수소나트륨)_(1정)",rabeprazole
649702170,세레콕신캡슐(세레콕시브)_(0.2g/1캡슐),celecoxib
60500690,메가콕시브캡슐200밀리그램(세레콕시브)_(0.2g/1캡슐),celecoxib
645203770,팍스정(덱시부프로펜)_(0.3g/1정),dexibuprofen
643502061,온단트주(온단세트론염산염수화물)_(5mg/2mL),ondansetron
73400120,젤독스캡슐40밀리그램(염산지프라시돈일수화물)_(45.3mg/1캡슐),ziprasidone
665507600,유니캄캡슐7.5밀리그램(멜록시캄)_(7.5mg/1캡슐),meloxicam
666300381,"크리스비타주사액20밀리그램(부로수맙,유전자재조합)_(20mg/1병)",burosumab
648603961,트라톨주(트라마돌염산염)_(0.1g/2mL),tramadol
669502040,라프라졸정20mg(라베프라졸나트륨)_(20mg/1정),rabeprazole
669804720,유니로바정20mg(로수바스타틴칼슘)_(20.8mg/1정),rosuvastatin
670305190,알파코연질캡슐0.5마이크로그램(알파칼시돌)_(0.5㎍/1캡슐),alfacalcidol
670500750,아스톨패취1밀리그램(툴로부테롤)_(5㎠/1매),tulobuterol
640901270,후록세틴캡슐(플루옥세틴염산염)_(22.4mg/1캡슐),fluoxetine
671703680,부스타정(부스피론염산염)_(5mg/1정),buspirone
671806610,트리인원정80/5/10mg_(1정),telmisartan
671807710,타바로젯정2/10밀리그램_(1정),ezetimibe
645302943,한림모르핀황산염수화물주사_(5mg/5mL),morphine
698003080,피엠에스쿠에티아핀정25mg(쿠에티아핀푸마르산염)_(28.78mg/1정),quetiapine
54800800,라벤프정20밀리그램(라베프라졸나트륨)_(20mg/1정),rabeprazole
55100620,에스오메투정40밀리그램(에스오메프라졸마그네슘이수화물)_(43.38mg/1정),esomeprazole
57600110,에스오텍정40mg(에스오메프라졸마그네슘삼수화물)_(44.5mg/1정),esomeprazole
73001300,로수토바정20밀리그램(로수바스타틴칼슘)_(20.8mg/1정),rosuvastatin
641606750,올로맥스정20/5/5밀리그램_(1정),amlodipine
641904780,크레산트정10mg(로수바스타틴칼슘)_(10.4mg/1정),rosuvastatin
642105400,로수암핀정10/10밀리그램_(1정),rosuvastatin
689000520,시플로뉴정250밀리그램(시프로플록사신염산염수화물)_(0.291g/1정),ciprofloxacin
642705720,올자핀정5밀리그램(올란자핀)_(5mg/1정),olanzapine
642707330,동화쿠에티아핀정300밀리그램(쿠에티아핀푸마르산염)_(0.34539g/1정),quetiapine
642901440,오메큐캡슐(오메프라졸)_(20mg/1캡슐),omeprazole
653805260,테노브이정(테노포비르디소프록실푸마르산염)_(0.3g/1정),tenofovir disoproxil
643309320,에소듀오에스정20/700밀리그램_(1정),sodium bicarbonate
643508470,로수젯정10/2.5밀리그램_(1정),rosuvastatin
645404920,트리도파정150/37.5/200밀리그램_(1정),levodopa
645210390,로젯탐정10/20밀리그램_(1정),ezetimibe
645604710,탑스타틴에프정10/20밀리그램_(1정),rosuvastatin
640006810,콕스케어캡슐200밀리그램(세레콕시브)_(0.2g/1캡슐),celecoxib
658204270,셀레록스캡슐100mg(세레콕시브)_(0.1g/1캡슐),celecoxib
644308900,에소놀캡슐40mg(에스오메프라졸마그네슘이수화물)_(43.36mg/1캡슐),esomeprazole
651503490,프로페논정300mg(프로파페논염산염)_(0.3g/1정),propafenone
655400780,센시발정25밀리그램(염산노르트립틸린)_(28.5mg/1정),nortriptyline
648604110,로티젯정10/10밀리그램_(1정),ezetimibe
677200330,엑스탄디정40밀리그램(엔잘루타마이드)_(40mg/1정),enzalutamide
628900300,클로드정75mg(클로피도그렐황산수소염)_(97.875mg/1정),clopidogrel bisulfate
670608440,탐루신디서방정0.4밀리그램(탐스로신염산염)_(0.4mg/1정),tamsulosin
643104110,바이넥스탐스로신염산염서방정_(0.2mg/1정),tamsulosin
642903412,싸이신주사200밀리그램(시프로플록사신)_(0.2g/100mL/팩),ciprofloxacin
649106120,"듀오텔미플러스정80/5/5밀리그램(텔미사르탄,암로디핀,로수바스타틴)_(1정)",amlodipine
649106160,디알파연질캡슐0.5마이크로그램(알파칼시돌)_(0.5㎍/1캡슐),alfacalcidol
625200530,록사이신정(록시트로마이신)_(0.15g/1정),roxithromycin
670501720,록시드론정(록시트로마이신)_(0.15g/1정),roxithromycin
649002200,세렉시브캡슐100밀리그램(세레콕시브)_(0.1g/1캡슐),celecoxib
649807570,텔미로브정40/5밀리그램_(1정),rosuvastatin
649808310,"란스타정15/600밀리그램(란소프라졸,침강탄산칼슘)_(1정)",lansoprazole
650204700,"슈바젯정10/10밀리그램(에제티미브, 로수바스타틴)_(1정)",rosuvastatin
650303420,트루스타정80/5밀리그램_(1정),telmisartan
651206080,로스텔플러스정40/5/10밀리그램_(1정),rosuvastatin
651602900,"한화로칸정 10/16밀리그램(로수바스타틴칼슘, 칸데사르탄실렉세틸)_(1정)",candesartan cilexetil
651602920,"한화로칸정 5/8밀리그램(로수바스타틴칼슘, 칸데사르탄실렉세틸)_(1정)",rosuvastatin
651900400,리스펜정3밀리그람(리스페리돈)_(3mg/1정),risperidone
651902370,푸록틴확산정20밀리그램(플루옥세틴염산염)_(22.37mg/1정),fluoxetine
651902050,클로퀸정400밀리그램(히드록시클로로퀸황산염)_(0.4g/1정),hydroxychloroquine
643903530,프라펙솔정1밀리그램(프라미펙솔염산염일수화물)_(1mg/1정),pramipexole dihydrochloride
651905250,트라린정25밀리그램(설트랄린염산염)_(27.975mg/1정),sertraline
651905080,피디펙솔정1밀리그램(프라미펙솔염산염일수화물)_(1mg/1정),pramipexole dihydrochloride
652902740,오라섹캡슐(오메프라졸)_(20mg/1캡슐),omeprazole
653005090,라베프린정10밀리그램(라베프라졸나트륨)_(10mg/1정),rabeprazole
653500890,모빅캡슐7.5밀리그램(멜록시캄)_(7.5mg/1캡슐),meloxicam
654004900,제로시드정20/1100밀리그램_(1정),sodium bicarbonate
653404310,디뉴펜정(덱시부프로펜)_(0.3g/1정),dexibuprofen
668902670,로바티탄정20/80밀리그램_(1정),valsartan
669806410,"란소듀오정15/600밀리그램(란소프라졸,침강탄산칼슘)_(1정)",calcium
669906390,에스오엠정20mg(에스오메프라졸마그네슘삼수화물)_(22.25mg/1정),esomeprazole
670105640,"타바페노서방정(피타바스타틴칼슘, 페노피브레이트콜린)_(1정)",pitavastatin
671806090,카덱스정(비칼루타미드)_(50mg/1정),bicalutamide
671700650,시플록신정250밀리그램(시프로플록사신염산염수화물)_(0.291g/1정),ciprofloxacin
670502550,"리바펜캡슐(피타바스타틴칼슘, 페노피브레이트)_(1캡슐)",pitavastatin
670607310,에스엠프라정40밀리그램(에스오메프라졸마그네슘이수화물)_(43.38mg/1정),esomeprazole
671807330,에스오텍디알서방캡슐20밀리그램(에스오메프라졸마그네슘이수화물)_(21.7mg/1캡슐),esomeprazole
657803031,황몰핀주사1밀리그람/밀리리터(모르핀황산염수화물)_(5mg/5mL),morphine
689000510,뉴라베정20mg(라베프라졸나트륨)_(20mg/1정),rabeprazole
694003860,위캡정10밀리그램(펙수프라잔염산염)_(10mg/1정),fexuprazan
52402110,에소에이블정20/800밀리그램_(1정),esomeprazole
625900160,엡클루사정_(1정),velpatasvir
628800480,라베휴정10mg(라베프라졸나트륨)_(10mg/1정),rabeprazole
640007280,아킨지오캡슐_(1캡슐),palonosetron
640903401,일화디페낙베타주(디클로페낙β-디메틸아미노에탄올)_(90mg/2mL),diclofenac-β-dimethyl-aminoethanol
641908270,엘제로젯정2/10밀리그램_(1정),ezetimibe
642003340,현대란소프라졸캡슐30밀리그램(란소프라졸과립)_(30mg/1캡슐),lansoprazole
643100230,로페신정(록시트로마이신)_(0.15g/1정),roxithromycin
642906000,텔로스톱플러스정40/5/10밀리그램_(1정),amlodipine
643100690,바이넥스오메프라졸캡슐(오메프라졸장용성과립)_(20mg/1캡슐),omeprazole
643305700,로수로드정20밀리그램(로수바스타틴칼슘)_(20.8mg/1정),rosuvastatin
653403860,테노포린정(테노포비르디소프록실)_(0.245g/1정),tenofovir disoproxil
644915180,"라베칸듀오정10/700밀리그램(라베프라졸나트륨,탄산수소나트륨)_(1정)",rabeprazole
653102940,쎄레티스캡슐200밀리그램(세레콕시브)_(0.2g/1캡슐),celecoxib
645906070,에소마크정20mg(에스오메프라졸마그네슘이수화물)_(21.69mg/1정),esomeprazole
671704860,넥스페졸정40밀리그램(에스오메프라졸마그네슘이수화물)_(43.38mg/1정),esomeprazole
648103440,베프졸정20밀리그램(라베프라졸나트륨)_(20mg/1정),rabeprazole
54800560,넥시엔정20밀리그램(에스오메프라졸마그네슘삼수화물)_(22.25mg/1정),esomeprazole
55800280,오메프란캡슐20밀리그램(오메프라졸)_(20mg/1캡슐),omeprazole
647304220,엘페리돈정2밀리그램(리스페리돈)_(2mg/1정),risperidone
654700420,아세클라정(아세클로페낙)_(0.1g/1정),aceclofenac
647200400,아낙정(아세클로페낙)_(0.1g/1정),aceclofenac
648203780,쎄레시브캡슐200mg(세레콕시브)_(0.2g/1캡슐),celecoxib
648104280,펙소트정40밀리그램(페북소스타트)_(40mg/1정),febuxostat
648104610,에소카보정20/600밀리그램_(1정),esomeprazole
657308260,유로파서방정0.4밀리그램(탐스로신염산염)_(0.4mg/1정),tamsulosin
673400280,큐미날서방캡슐0.4밀리그램(탐스로신염산염)_(0.4mg/1캡슐),tamsulosin
645302760,피도빅스정(클로피도그렐황산수소염)_(97.875mg/1정),clopidogrel bisulfate
658203200,비보존클로피도그렐정75mg(클로피도그렐황산수소염)_(97.875mg/1정),clopidogrel bisulfate
661904350,탐스서방정0.2밀리그램(탐스로신염산염)_(0.2mg/1정),tamsulosin
644003250,에라빅스정(클로피도그렐황산수소염)_(97.875mg/1정),clopidogrel bisulfate
622701120,에베로즈정5밀리그램(에베로리무스)_(5mg/1정),everolimus
646002240,큐로빅스정(클로피도그렐황산염)_(97.875mg/1정),clopidogrel bisulfate
645207050,탐스로신서방정0.2밀리그램(탐스로신염산염)_(0.2mg/1정),tamsulosin
663605510,플빅스정(클로피도그렐황산염)_(97.875mg/1정),clopidogrel bisulfate
648201300,유로트랄엑스엘정(알푸조신염산염)_(10mg/1정),alfuzosin
649104860,젤로스타정20/5밀리그램_(1정),olmesartan medoxomil
665506650,유니브렉스캡슐(세레콕시브)_(0.2g/1캡슐),celecoxib
649807200,명문미르타오디정15밀리그램(미르타자핀)_(15mg/1정),mirtazapine
629700041,시프록스주(시프로플록사신)_(0.2g/100mL),ciprofloxacin
651902040,클로퀸정200밀리그램(히드록시클로로퀸황산염)_(0.2g/1정),hydroxychloroquine
652604140,파비라졸정20밀리그램(라베프라졸나트륨)_(20mg/1정),rabeprazole
652604150,로레스토정5밀리그램(로수바스타틴칼슘)_(5.2mg/1정),rosuvastatin
649803170,토파민정(토피라메이트)_(0.1g/1정),topiramate
684500990,에클로펜정(아세클로페낙)_(0.1g/1정),aceclofenac
670100100,덱시부정400mg(덱시부프로펜디.씨)_(0.4g/1정),dexibuprofen
651205050,에스헤파정(테노포비르디소프록실헤미에디실산염)_(0.28986g/1정),tenofovir disoproxil hemiedisylate
655404810,"텔미트리원정40/5/5밀리그램(텔미사르탄,암로디핀,로수바스타틴)_(1정)",telmisartan
657200240,리페리돈정2밀리그램(리스페리돈)_(2mg/1정),risperidone
654005560,아나콕스캡슐100밀리그램(세레콕시브)_(0.1g/1캡슐),celecoxib
657202900,쎌콕정100밀리그램(세레콕시브)_(0.1g/1정),celecoxib
642306600,삼성세레콕시브캡슐200밀리그램_(0.2g/1캡슐),celecoxib
665502000,에이텍정(아세클로페낙)_(0.1g/1정),aceclofenac
643202830,록소앤정(록소프로펜나트륨수화물)_(68.1mg/1정),loxoprofen
661605270,로스타정20밀리그램(로수바스타틴칼슘)_(20.8mg/1정),rosuvastatin
650203910,아세페낙CR정(아세클로페낙)_(0.2g/1정),aceclofenac
665508520,뉴란소엑스정30/600밀리그램_(1정),calcium
668902650,로바티탄정10/80밀리그램_(1정),rosuvastatin
668101160,산도스설트랄린정100밀리그램(설트랄린염산염)_(0.1119g/1정),sertraline
52401140,로슈바정5mg(로수바스타틴칼슘)_(5.2mg/1정),rosuvastatin
53601670,안국뉴팜에스오플러스정20/800밀리그램_(1정),sodium bicarbonate
54800570,넥시엔정40밀리그램(에스오메프라졸마그네슘삼수화물)_(44.5mg/1정),esomeprazole
651903640,메디키넷리타드캡슐40mg(메틸페니데이트염산염)_(40mg/1캡슐),methylphenidate
646902360,콘서타OROS서방정18밀리그램(메틸페니데이트염산염)_(18mg/1정),methylphenidate
651904150,옥사제핀정150mg(옥스카르바제핀)_(0.15g/1정),oxcarbazepine
640904240,에소메가정20/800밀리그램_(1정),esomeprazole
641502360,넥시온정40밀리그램(에스오메프라졸마그네슘이수화물)_(43.38mg/1정),esomeprazole
694004510,나라두구강붕해정2.5밀리그램(나라트립탄염산염)_(2.78mg/1정),naratriptan
642105330,듀오웰에이정80/5/5밀리그램_(1정),amlodipine
642105800,듀오웰플러스정80/20/10밀리그램_(1정),telmisartan
642105850,듀오웰플러스정40/5/10밀리그램_(1정),rosuvastatin
644904072,트리젤주(메트로니다졸)_(0.5g/100mL/병(PP)),metronidazole
643102100,캄록스캡슐(멜록시캄)_(7.5mg/1캡슐),meloxicam
643308880,피타로우정4밀리그램(피타바스타틴칼슘)_(4mg/1정),pitavastatin
643507870,"아모잘탄큐정5/100/5밀리그램(암로디핀,로사르탄,로수바스타틴)_(1정)",losartan
643508350,아모잘탄엑스큐정 5/50/20/10밀리그램_(1정),rosuvastatin
643508380,아모잘탄엑스큐정 5/100/20/10밀리그램_(1정),amlodipine
643606230,로제텔정80/5/10밀리그램_(1정),ezetimibe
644003710,오메스정20밀리그램(에스오메프라졸마그네슘이수화물)_(21.69mg/1정),esomeprazole
644502220,유리가트정80밀리그램(페북소스타트)_(80mg/1정),febuxostat
652604070,토팜정25밀리그람(토피라메이트)_(25mg/1정),topiramate
657806110,테노헤파정(테노포비르디소프록실헤미에디실산염)_(0.28986g/1정),tenofovir disoproxil hemiedisylate
645405320,텔미듀오플러스정40/5/10밀리그램_(1정),amlodipine
643100050,뉴마탈정(아세클로페낙)_(0.1g/1정),aceclofenac
645907040,알제트정10/20밀리그램_(1정),rosuvastatin
58200030,루코에스캡슐(플루코나졸)_(50mg/1캡슐),fluconazole
645300710,베오페낙정(아세클로페낙)_(0.1g/1정),aceclofenac
641803340,프리나졸캡슐(플루코나졸)_(50mg/1캡슐),fluconazole
663600160,다프라캡슐(란소프라졸과립)수출명:SLANZOLECapsule_(30mg/1캡슐),lansoprazole
645400190,란스톤캡슐(란소프라졸과립)_(30mg/1캡슐),lansoprazole
644502300,에소원정20밀리그램(에스오메프라졸마그네슘삼수화물)_(22.25mg/1정),esomeprazole
655404470,란소멜캡슐30밀리그램(란소프라졸과립)_(30mg/1캡슐),lansoprazole
646203570,라베젠정20밀리그램(라베프라졸나트륨)_(20mg/1정),rabeprazole
642303070,오프라졸캡슐(오메프라졸)_(20mg/1캡슐),omeprazole
646902480,리스페달정1밀리그램(리스페리돈)_(1mg/1정),risperidone
648103710,에소프라졸정20밀리그램(에스오메프라졸마그네슘삼수화물)_(22.25mg/1정),esomeprazole
648604360,아모르탄알정5/160/10밀리그램_(1정),rosuvastatin
670301430,코빅스정75밀리그램(클로피도그렐황산염)_(97.875mg/1정),clopidogrel bisulfate
641606970,하루로신서방캡슐0.2밀리그램(탐스로신염산염)_(0.2mg/1캡슐),tamsulosin
694204800,탐파신서방정0.2밀리그램(탐스로신염산염)_(0.2mg/1정),tamsulosin
648203620,크로피렐정(클로피도그렐황산수소염)_(97.875mg/1정),clopidogrel bisulfate
649508020,텔로타틴정80/5/10밀리그램_(1정),amlodipine
649508030,텔로타틴정40/5/10밀리그램_(1정),rosuvastatin
648502750,에스리드정(록시트로마이신)_(0.15g/1정),roxithromycin
649801490,명문쿠에티아핀정(쿠에티아핀푸마르산염)_(0.11513g/1정),quetiapine
651903880,옥사제핀정300mg(옥스카르바제핀)_(0.3g/1정),oxcarbazepine
650304200,로수브젯정10/5밀리그램_(1정),ezetimibe
652101630,한독세로자트정10밀리그램(파록세틴염산염수화물)_(11.4mg/1정),paroxetine
651903290,뉴로자핀정2.5밀리그램(올란자핀)_(2.5mg/1정),olanzapine
651905090,피디펙솔정0.5밀리그램(프라미펙솔염산염일수화물)_(0.5mg/1정),pramipexole dihydrochloride
651904510,리스펜오디정2밀리그램(리스페리돈)_(2mg/1정),risperidone
649801381,명문염산페치딘주사_(50mg/1mL),pethidine
652300100,라베트정10mg(라베프라졸나트륨)_(10mg/1정),rabeprazole
653004370,쿠에티정25밀리그램(쿠에티아핀푸마르산염)_(28.78mg/1정),quetiapine
59000470,세레윈캡슐200밀리그램(세레콕시브)_(0.2g/1캡슐),celecoxib
674400860,세코브캡슐200밀리그램(세레콕시브)_(0.2g/1캡슐),celecoxib
644602990,록소아펜정(록소프로펜나트륨수화물)_(68.1mg/1정),loxoprofen
665506361,디프로펜시럽(덱시부프로펜)_(6g/500mL),dexibuprofen
644003530,쎄르파캡슐(세레콕시브)_(0.2g/1캡슐),celecoxib
660703610,듀로텔정40/20밀리그램_(1정),rosuvastatin
665508350,유콕시아정30밀리그램(에토리콕시브)_(30mg/1정),etoricoxib
669502710,에소리움플러스정20/800밀리그램_(1정),sodium bicarbonate
671706550,올르메틴정20/10밀리그램_(1정),rosuvastatin
649803881,스토몰주사1밀리그람/밀리리터(모르핀황산염수화물)_(10mg/10mL),morphine
685800141,니트로링구알스프레이(희석한니트로글리세린용액)_(109.44mg/14.4mL),diluted nitroglycerin solution
57600240,파리원정20mg(라베프라졸나트륨)_(20mg/1정),rabeprazole
641805720,엑시피움정40mg(에스오메프라졸마그네슘삼수화물)_(44.5mg/1정),esomeprazole
641805730,로수리딘정5밀리그램(로수바스타틴칼슘)_(5.2mg/1정),rosuvastatin
642003920,쎄로티핀정100밀리그램(쿠에티아핀푸마르산염)_(0.11513g/1정),quetiapine
642106040,"로수바미브정10/2.5밀리그램(에제티미브, 로수바스타틴칼슘)_(1정)",rosuvastatin
659901440,모비졸로정1밀리그램(프루칼로프라이드숙신산염)_(1.321mg/1정),prucalopride
642507410,투게논정10/8밀리그램_(1정),rosuvastatin
642705690,올자핀정10밀리그램(올란자핀)_(10mg/1정),olanzapine
642902900,큐티핀정200밀리그램(쿠에티아핀푸마르산염)_(0.23024g/1정),quetiapine
642507460,비리얼정(테노포비르디소프록실오로트산염)_(0.31889g/1정),tenofovir disoproxil orotate
643308450,에소듀오정40/800밀리그램_(1정),sodium bicarbonate
643509010,아모잘탄엑스큐정 5/100/2.5/10밀리그램_(1정),rosuvastatin
643903960,미르탁스오디티정15밀리그램(미르타자핀)_(15mg/1정),mirtazapine
644309680,라베듀오정20/800밀리그램_(1정),sodium bicarbonate
644901321,시그마트주48밀리그램(니코란딜)_(48mg/1병),nicorandil
645303040,할록신정(히드록시클로로퀸황산염)_(0.1g/1정),hydroxychloroquine
645307190,"크레더블정10/2.5밀리그램(에제티미브, 로수바스타틴칼슘)_(1정)",ezetimibe
649702090,록소페닌정(록소프로펜나트륨수화물)_(68.1mg/1정),loxoprofen
663601500,오프졸캡슐(오메프라졸)_(20mg/1캡슐),omeprazole
648600930,씨엠지라베프라졸정20밀리그램(라베프라졸나트륨)_(20mg/1정),rabeprazole
698004230,란시라캡슐15밀리그램(란소프라졸과립)_(15mg/1캡슐),lansoprazole
656003620,피아이졸정20mg(라베프라졸나트륨)_(20mg/1정),rabeprazole
655403430,에소멜캡슐40밀리그램(에스오메프라졸마그네슘이수화물)_(43.36mg/1캡슐),esomeprazole
671705120,판토케이정20밀리그램(판토프라졸나트륨세스키히드레이트)_(22.55mg/1정),pantoprazole
647201250,코러스오메프라졸캡슐_(20mg/1캡슐),omeprazole
657801040,세니탈정(아세클로페낙)(수출명:하나세니탈정)_(0.1g/1정),aceclofenac
657307410,에어페낙CR정(아세클로페낙)_(0.2g/1정),aceclofenac
648104620,에소카보정40/600밀리그램_(1정),esomeprazole
645302781,한림펜타닐주사(구연산펜타닐)_(0.157mg/2mL),fentanyl
693202290,탐로스서방캡슐0.4밀리그램(탐스로신염산염)_(0.4mg/1캡슐),tamsulosin
643203090,동성클로피도그렐정(클로피도그렐황산염)_(97.875mg/1정),clopidogrel bisulfate
653006340,파마탐스로신캡슐(탐스로신염산염)_(0.2mg/1캡슐),tamsulosin
640007140,이노엔클로피도그렐정(클로피도그렐황산염)_(97.875mg/1정),clopidogrel bisulfate
643704930,유타날서방캡슐0.4밀리그램(탐스로신염산염)_(0.4mg/1캡슐),tamsulosin
625800250,아펙정(아세클로페낙)_(0.1g/1정),aceclofenac
669907820,덱시파인정(덱시부프로펜)_(0.3g/1정),dexibuprofen
652606880,스타레보필름코팅정150/37.5/200밀리그램_(1정),entacapone
651904730,큐로켈정12.5밀리그램(쿠에티아핀푸마르산염)_(14.39mg/1정),quetiapine
652606360,로칸듀오정10/16밀리그램_(1정),candesartan cilexetil
653004390,쿠에티정300밀리그램(쿠에티아핀푸마르산염)_(0.34539g/1정),quetiapine
652603780,토팜정(토피라메이트)_(0.1g/1정),topiramate
670601240,세티정25밀리그람(토피라메이트)_(25mg/1정),topiramate
653600491,산도스타틴라르주사10밀리그램(옥트레오티드아세트산염)_(11.2mg/1병),octreotide
622700180,앤지덤패취0.2밀리그람/시간(희석된니트로글리세린)_(7㎠/1매),diluted nitroglycerin
657204130,환인설트랄린정25밀리그램(설트랄린염산염)_(27.975mg/1정),sertraline
643703580,아로펜CR정(아세클로페낙)_(0.2g/1정),aceclofenac
643505650,콕시브캡슐200밀리그램(세레콕시브)_(0.2g/1캡슐),celecoxib
657807320,세로큐정100밀리그램(쿠에티아핀푸마르산염)_(0.11513g/1정),quetiapine
678601080,세레코브캡슐200밀리그램(세레콕시브)_(0.2g/1캡슐),celecoxib
660701380,위더스페낙정(아세클로페낙)_(0.1g/1정),aceclofenac
698505130,테라칼시돌연질캡슐1마이크로그램(알파칼시돌)_(1㎍/1캡슐),alfacalcidol
669802050,앤티프레스캡슐(플루옥세틴염산염)_(22.4mg/1캡슐),fluoxetine
671800330,파리벤정20mg(라베프라졸나트륨)_(20mg/1정),rabeprazole
674100850,넥스졸정40mg(에스오메프라졸마그네슘삼수화물)_(44.5mg/1정),esomeprazole
674401230,크레진정10밀리그램(로수바스타틴칼슘)_(10.4mg/1정),rosuvastatin
653101681,하이몰주사20밀리그람(황산모르핀)_(20mg/2mL),morphine
681100510,에스오졸캡슐20mg(에스오메프라졸마그네슘이수화물)_(21.68mg/1캡슐),esomeprazole
694002590,넥시퀸정40밀리그램(에스오메프라졸마그네슘삼수화물)_(44.5mg/1정),esomeprazole
694004340,"라베비카정10/700밀리그램(라베프라졸나트륨,탄산수소나트륨)_(1정)",rabeprazole
698003100,피엠에스쿠에티아핀정100mg(쿠에티아핀푸마르산염)_(0.11513g/1정),quetiapine
59600120,라페졸정20밀리그램(라베프라졸나트륨)_(20mg/1정),rabeprazole
73000150,건피타정1밀리그램(피타바스타틴칼슘)_(1mg/1정),pitavastatin
75800010,벨록스캡정40밀리그램(펙수프라잔염산염)_(40mg/1정),fexuprazan
669501970,렉사멜정10mg(에스시탈로프람옥살산염)_(12.77mg/1정),escitalopram
625900170,보세비정_(1정),voxilaprevir
646902520,얼리다정(아팔루타마이드)_(60mg/1정),apalutamide
643903580,리노페드정(테노포비르디소프록실)_(0.245g/1정),tenofovir disoproxil
641607730,대웅로수바스타틴정2.5밀리그램(로수바스타틴칼슘(미분화))_(2.6mg/1정),rosuvastatin
642307130,삼성에스오메프라졸정20밀리그램(에스오메프라졸마그네슘이수화물)_(21.69mg/1정),esomeprazole
642404200,영진파록세틴씨알정(파록세틴염산염수화물)_(14.25mg/1정),paroxetine
647805540,타프리드정(테노포비르알라페나미드헤미말산염)_(28.51mg/1정),tenofovir alafenamide hemimalate
643508490,에소메졸플러스정40/350밀리그램_(1정),esomeprazole
643605410,로타칸정 10/16밀리그램_(1정),rosuvastatin
649700390,알삭센정(나프록센나트륨)_(0.275g/1정),naproxen
644914180,제이브렉스캡슐100밀리그램(세레콕시브)_(0.1g/1캡슐),celecoxib
643704670,셀렉시브캡슐100mg(세레콕시브)_(0.1g/1캡슐),celecoxib
645406520,쎄레브린즈캡슐100밀리그램(세레콕시브)_(0.1g/1캡슐),celecoxib
646802860,로수메가연질캡슐_(1캡슐),rosuvastatin
641906200,라베맥스정10밀리그램(라베프라졸나트륨)_(10mg/1정),rabeprazole
643302040,오엠피정20밀리그램(오메프라졸)_(20mg/1정),omeprazole
642706690,라베플러스정10밀리그램(라베프라졸나트륨)_(10mg/1정),rabeprazole
644004050,드라베정20밀리그램(라베프라졸나트륨)_(20mg/1정),rabeprazole
646902450,트라클리어정62.5밀리그램(보센탄수화물)_(64.541mg/1정),bosentan
647804710,뉴스타틴티에스정40/5/10mg_(1정),amlodipine
648602780,에소넬정20mg(에스오메프라졸마그네슘삼수화물)_(22.3mg/1정),esomeprazole
642000770,액틱구강정200마이크로그램(구연산펜타닐)_(0.3142mg/1정),fentanyl
649501080,세레나데정(황산수소클로피도그렐)_(97.875mg/1정),clopidogrel bisulfate
665002890,타임알서방캡슐0.4밀리그램(탐스로신염산염)_(0.4mg/1캡슐),tamsulosin
644206320,리트모놈SR서방캡슐225밀리그램(프로파페논염산염)_(0.225g/1캡슐),propafenone
649102610,탐소신서방정0.2mg(탐스로신염산염)_(0.2mg/1정),tamsulosin
649002320,리페돈정1밀리그램(리스페리돈)_(1mg/1정),risperidone
649500141,네틴주150밀리그람(네틸마이신황산염)_(0.15g/1.5mL),netilmicin
649508030,텔로타틴정40/5/10밀리그램_(1정),telmisartan
649702760,에소메딘플러스정20/800밀리그램_(1정),esomeprazole
644704530,큐덱시서방캡슐200밀리그램(토피라메이트)_(0.2g/1캡슐),topiramate
641501600,쎄르펜캡슐(세레콕시브)_(0.2g/1캡슐),celecoxib
696601120,일양바이오세레콕시브캡슐200밀리그램_(0.2g/1캡슐),celecoxib
628900120,아펜정(아세클로페낙)_(0.1g/1정),aceclofenac
653804400,하이엘정20밀리그램(로수바스타틴칼슘)_(20.8mg/1정),rosuvastatin
655401560,일성이틴서방정240밀리그람(베라파밀염산염)_(0.24g/1정),verapamil
646003630,셀콕스캡슐200밀리그램(세레콕시브)_(0.2g/1캡슐),celecoxib
657202760,환인라베프라졸정20밀리그램_(20mg/1정),rabeprazole
657306870,오메톤에스정40mg(에스오메프라졸마그네슘이수화물)_(43.38mg/1정),esomeprazole
644304160,클란자정(아세클로페낙)(수출명:SpeenacTabs.)_(0.1g/1정),aceclofenac
647803970,삼진아스피린장용정_(0.1g/1정),aspirin
674100980,오노펜정(록소프로펜나트륨수화물)_(68.1mg/1정),loxoprofen
655404560,일성록소프로펜나트륨수화물정60밀리그램_(68.1mg/1정),loxoprofen
649507920,콕스2캡슐100밀리그램(세레콕시브)_(0.1g/1캡슐),celecoxib
643502071,온단트주(온단세트론염산염수화물)_(10mg/4mL),ondansetron
669501550,에소리움정20mg(에스오메프라졸마그네슘이수화물)(수출명 : FRIGERD tablet 20mg)_(21.69mg/1정),esomeprazole
669906260,라피졸정20mg(라베프라졸나트륨)_(20mg/1정),rabeprazole
670103700,에소맥스정20mg(에스오메프라졸마그네슘이수화물)_(21.69mg/1정),esomeprazole
643702370,트리티코정50밀리그람(트라조돈염산염)_(50mg/1정),trazodone
670600490,라베스토정20밀리그램(라베프라졸나트륨)_(20mg/1정),rabeprazole
694003780,란프라캡슐15밀리그램(란소프라졸과립)_(0.1765g/1캡슐),lansoprazole
698003800,피엠에스올란자핀정5밀리그램(올란자핀)_(5mg/1정),olanzapine
698502520,라베졸정10mg(라베프라졸나트륨)_(10mg/1정),rabeprazole
627600050,피엠에스리스페리돈정0.5밀리그램(리스페리돈)_(0.5mg/1정),risperidone
641906550,투베로정30/10밀리그램_(1정),fimasartan
642005350,데스프리서방정50밀리그램(데스벤라팍신숙신산염일수화물)_(75.885mg/1정),desvenlafaxine
645700540,삼아록시트로마이신정_(0.15g/1정),roxithromycin
648601820,프로딘정250mg(시프로플록사신염산염수화물)_(0.291g/1정),ciprofloxacin
642906000,텔로스톱플러스정40/5/10밀리그램_(1정),rosuvastatin
643306760,낙센에스정500/20밀리그램_(1정),esomeprazole
645700510,파리아졸정10밀리그램(라베프라졸나트륨)_(10mg/1정),rabeprazole
648601840,프리나정(나프록센나트륨)_(0.275g/1정),naproxen
645907440,피제트정2/10밀리그램_(1정),ezetimibe
645600740,라베라톤정20밀리그램(라베프라졸나트륨)_(20mg/1정),rabeprazole
696300170,덱실란트디알캡슐30밀리그램(덱스란소프라졸)_(30mg/1캡슐),dexlansoprazole
650204900,애니펜정400밀리그램(덱시부프로펜)_(0.4g/1정),dexibuprofen
643100080,닥스펜정(덱시부프로펜)_(0.3g/1정),dexibuprofen
648507540,에제로수정10/5밀리그램_(1정),ezetimibe
648604260,에소프로정20/800밀리그램_(1정),sodium bicarbonate
648605170,"피펜정(피타바스타틴,페노피브레이트)_(1정)",fenofibrate
645304093,한림펜타닐주사(펜타닐시트르산염)_(1.57mg/20mL/앰플(PP)),fentanyl
645103351,"대한펜타닐주사액_(펜타닐시트르산염, 0.1mg/2mL)",fentanyl
674900510,앱스트랄설하정400마이크로그램(펜타닐시트르산염)_(0.6284mg/1정),fentanyl
674401140,클로큐어정75밀리그램(클로피도그렐황산수소염)_(97.875mg/1정),clopidogrel bisulfate
661604390,탐슬로서방정0.2밀리그램(탐스로신염산염)_(0.2mg/1정),tamsulosin
653405550,타루날서방정0.2밀리그램(탐스로신염산염)_(0.2mg/1정),tamsulosin
658600530,스카로신캡슐(탐스로신염산염)_(0.2mg/1캡슐),tamsulosin
73001040,팜스로신서방캡슐0.4밀리그램(탐스로신염산염)_(0.4mg/1캡슐),tamsulosin
649500560,록사이드정(록시트로마이신)_(0.15g/1정),roxithromycin
671801450,록프렌정(록소프로펜나트륨수화물)_(68.1mg/1정),loxoprofen
54800520,아클페낙CR서방정(아세클로페낙)_(0.2g/1정),aceclofenac
649807700,발사로브정20/160밀리그램_(1정),rosuvastatin
649808240,텔미원스플러스정80/5/5밀리그램_(1정),amlodipine
643703970,레보카신정750밀리그램(레보플록사신수화물)_(0.7687g/1정),levofloxacin
651900700,명인부스피론염산염정10밀리그램_(10mg/1정),buspirone
651904300,큐로켈서방정300밀리그램(쿠에티아핀푸마르산염)_(0.34536g/1정),quetiapine
693202220,코에틴서방캡슐_(1캡슐),pseudoephedrine
654004960,하이브릭정80밀리그램(페북소스타트)_(80mg/1정),febuxostat
654005450,파리아톤정20mg(라베프라졸나트륨)_(20mg/1정),rabeprazole
654006270,"피타렛정2/160밀리그램(피타바스타틴칼슘수화물, 페노피브레이트)_(1정)",fenofibrate
670501930,씨엘콕스캡슐100밀리그램(세레콕시브)_(0.1g/1캡슐),celecoxib
678601320,뉴록시캄캡슐7.5밀리그램(멜록시캄)_(7.5mg/1캡슐),meloxicam
657203360,미르젠탁정15밀리그램(미르타자핀)_(15mg/1정),mirtazapine
657808380,"란사톤듀오정15/600밀리그램(란소프라졸,침강탄산칼슘)_(1정)",calcium
625200230,아세로낙정(아세클로페낙)_(0.1g/1정),aceclofenac
657806180,슈도스틴서방캡슐_(1캡슐),pseudoephedrine
670607460,에슈바정10/10밀리그램_(1정),rosuvastatin
657801450,"엠에스알서방정10밀리그람(황산모르핀)_(모르핀황산염수화물, 10mg/1정)",morphine
698003090,피엠에스쿠에티아핀정200mg(쿠에티아핀푸마르산염)_(0.23026g/1정),quetiapine
698004220,란시라캡슐30밀리그램(란소프라졸과립)_(30mg/1캡슐),lansoprazole
53300210,라베프롤정10밀리그램(라베프라졸나트륨)_(10mg/1정),rabeprazole
53600410,뉴에스오프라정20밀리그램(에스오메프라졸마그네슘삼수화물)_(22.25mg/1정),esomeprazole
57700160,에스프라졸정20밀리그램(에스오메프라졸마그네슘이수화물)_(21.69mg/1정),esomeprazole
641607740,펙수클루정10밀리그램(펙수프라잔염산염)_(10mg/1정),fexuprazan
642003910,쎄로티핀정300밀리그램(쿠에티아핀푸마르산염)_(0.34539g/1정),quetiapine
640003750,프로칼린정50밀리그램(비칼루타미드)_(50mg/1정),bicalutamide
642905910,드롭탑정10/5밀리그램_(1정),ezetimibe
643507270,로수젯정10/20밀리그램_(1정),ezetimibe
643606260,로제텔정40/10/10밀리그램_(1정),ezetimibe
648100560,록소날정(록소프로펜나트륨)_(60mg/1정),loxoprofen
651601640,레스프라졸정20밀리그램(라베프라졸나트륨)_(20mg/1정),rabeprazole
649604290,라베파졸정20밀리그램(라베프라졸나트륨)_(20mg/1정),rabeprazole
671702950,판토케이정40mg(판토프라졸나트륨세스키히드레이트)_(45.1mg/1정),pantoprazole
647804300,페소린정40밀리그램(페북소스타트)_(40mg/1정),febuxostat
54800790,세비콕캡슐200밀리그램(세레콕시브)_(0.2g/1캡슐),celecoxib
644603240,실론탐서방정0.2밀리그램(탐스로신염산염)_(0.2mg/1정),tamsulosin
671806170,알푸랄엑스엘정(알푸조신염산염)_(10mg/1정),alfuzosin
622701100,에베로즈정2.5밀리그램(에베로리무스)_(2.5mg/1정),everolimus
649102220,파리나졸정10mg(라베프라졸나트륨)_(10mg/1정),rabeprazole
642701260,록시마이신정(록시트로마이신)_(0.15g/1정),roxithromycin
644101511,소니펜시럽(덱시부프로펜)_(6g/500mL),dexibuprofen
627600070,피엠에스플루옥세틴캡슐10밀리그램(플루옥세틴염산염)_(11.18mg/1캡슐),fluoxetine
645404520,트리도파정75/18.75/200밀리그램_(1정),entacapone
661604140,알피록소펜정(록소프로펜나트륨수화물)_(68.1mg/1정),loxoprofen
660702930,세로아핀정25mg(쿠에티아핀푸마르산염)_(28.78mg/1정),quetiapine
663600580,모르빅캡슐(멜록시캄)_(7.5mg/1캡슐),meloxicam
697100570,신플랙스세이프정500/20밀리그램_(1정),naproxen
671701980,코트랄엑스엘정(알푸조신염산염)_(10mg/1정),alfuzosin
628800980,휴비메졸정20밀리그램(에스오메프라졸마그네슘이수화물)_(21.69mg/1정),esomeprazole
628902490,"피바펜캡슐(피타바스타틴칼슘, 페노피브레이트)_(1캡슐)",fenofibrate
643307740,테노포벨정(테노포비르디소프록실아스파르트산염)_(0.30804g/1정),tenofovir disoproxil asparate
642707210,라베듀엣정20/500밀리그램_(1정),rabeprazole
642707340,동화쿠에티아핀정100밀리그램(쿠에티아핀푸마르산염)_(0.11513g/1정),quetiapine
642905490,텔로스톱정80/20밀리그램_(1정),rosuvastatin
653405340,알포테린정(테노포비르알라페나미드헤미말산염)_(28.51mg/1정),tenofovir alafenamide hemimalate
645303480,카세핀정300밀리그램(쿠에티아핀푸마르산염)_(0.34539g/1정),quetiapine
645305780,카세핀서방정400밀리그램(쿠에티아핀푸마르산염)_(0.46048g/1정),quetiapine
645901150,라베스타정10mg(라베프라졸나트륨)_(10mg/1정),rabeprazole
657302780,에어페낙정(아세클로페낙)_(0.1g/1정),aceclofenac
58800080,쎄레코브캡슐200밀리그램(세레콕시브)_(0.2g/1캡슐),celecoxib
660702730,레이프라정20밀리그램(라베프라졸나트륨)_(20mg/1정),rabeprazole
696300050,판토록정20밀리그램(판토프라졸나트륨세스키히드레이트)_(22.57mg/1정),pantoprazole
621802760,예스오메정20mg(에스오메프라졸마그네슘이수화물)_(21.69mg/1정),esomeprazole
658107000,오메나정20밀리그램(에스오메프라졸마그네슘삼수화물)_(22.25mg/1정),esomeprazole
59000380,엑스푸정20밀리그램(에스오메프라졸마그네슘이수화물)_(21.69mg/1정),esomeprazole
651204080,크린빅스정(클로피도그렐황산염)_(97.875mg/1정),clopidogrel bisulfate
644309460,탐스트로서방정0.4밀리그램(탐스로신염산염)_(0.4mg/1정),tamsulosin
649100480,스부롤정(부스피론염산염)_(5mg/1정),buspirone
643903540,프라펙솔정0.25밀리그램(프라미펙솔염산염일수화물)_(0.25mg/1정),pramipexole dihydrochloride
642003310,미라프서방정0.75밀리그램(프라미펙솔염산염일수화물)_(0.75mg/1정),pramipexole dihydrochloride
649807080,로젯정10/10밀리그램_(1정),ezetimibe
650205020,페바로정2밀리그램(피타바스타틴칼슘)_(2mg/1정),pitavastatin
643904210,"원도파정50/200밀리그램(벤세라지드, 레보도파)_(1정)",benserazide
651905190,밀타정45밀리그램(미르타자핀)_(45mg/1정),mirtazapine
656005260,넥시리움듀오정20/800밀리그램_(1정),esomeprazole
657306890,오메톤에스정20mg(에스오메프라졸마그네슘이수화물)_(21.69mg/1정),esomeprazole
657805790,로스토린정10/10밀리그램_(1정),ezetimibe
658106720,록시타정(록시트로마이신)_(0.15g/1정),roxithromycin
658600661,아코신주150mg(네틸마이신황산염)_(0.15g/1.5mL),netilmicin
653702340,아리펜정(아세클로페낙)_(0.1g/1정),aceclofenac
663608270,로수에젯정10/10밀리그램_(1정),ezetimibe
670300920,앤지비드서방정40mg(이소소르비드질산염)_(40mg/1정),isosorbide dinitrate
679601080,라라베정20밀리그램(라베프라졸나트륨)_(20mg/1정),rabeprazole
693901920,란시졸캡슐30밀리그램(란소프라졸)_(30mg/1캡슐),lansoprazole
698004790,"제피노정2/160밀리그램(피타바스타틴칼슘, 페노피브레이트)_(1정)",pitavastatin
625800220,메로바정10밀리그램(로수바스타틴칼슘)_(10.4mg/1정),rosuvastatin
657805470,로스토정10밀리그램(로수바스타틴칼슘)_(10.4mg/1정),rosuvastatin
640003951,헤르벤주50밀리그램(딜티아젬염산염)_(50mg/1병),diltiazem
640007940,엑스원알정5/80/2.5밀리그램_(1정),valsartan
640903020,판터롤정40밀리그램(판토프라졸나트륨세스키히드레이트)_(45.1mg/1정),pantoprazole
641805710,엑시피움정20mg(에스오메프라졸마그네슘삼수화물)_(22.3mg/1정),esomeprazole
650901891,카비그라니세트론주(그라니세트론염산염)_(3.36mg/3mL),granisetron
642905510,텔로스톱정40/20밀리그램_(1정),telmisartan
643307731,오엠피에스주40밀리그램(에스오메프라졸나트륨)_(42.5mg/1병),esomeprazole
643507030,란소졸캡슐15밀리그램(란소프라졸)_(15mg/1캡슐),lansoprazole
643704400,에제로바정10/20밀리그램_(1정),ezetimibe
643904000,산도스올란자핀정10밀리그램_(10mg/1정),olanzapine
644206410,가나플럭스정40/1100밀리그램_(1정),sodium bicarbonate
644206420,가나플럭스정20/1100밀리그램_(1정),sodium bicarbonate
649506000,콕스2캡슐(세레콕시브)_(0.2g/1캡슐),celecoxib
647204350,케이로틴정5mg(로수바스타틴칼슘)_(5.2mg/1정),rosuvastatin
59000440,아세티정(아세클로페낙)_(0.1g/1정),aceclofenac
657808350,덱사펜정(덱시부프로펜)_(0.3g/1정),dexibuprofen
648600920,씨엠지라베프라졸정10밀리그램(라베프라졸나트륨)_(10mg/1정),rabeprazole
694002970,베아로신서방정0.2밀리그램(탐스로신염산염)_(0.2mg/1정),tamsulosin
625201990,유로신서방정0.4밀리그램(탐스로신염산염)_(0.4mg/1정),tamsulosin
649104900,로수발탄정10/160밀리그램_(1정),valsartan
649400560,록소드린정150밀리그람(록시트로마이신)_(0.15g/1정),roxithromycin
650303250,에스프라정20mg(라베프라졸나트륨)_(20mg/1정),rabeprazole
657203240,환인파록세틴정20밀리그램(파록세틴염산염수화물)_(22.8mg/1정),paroxetine
652606800,쎄로켈서방정50밀리그램(쿠에티아핀푸마르산염)_(57.56mg/1정),quetiapine
653000640,리스돈정1밀리그램(리스페리돈)_(1mg/1정),risperidone
646802461,덱시탑시럽(덱시부프로펜)_(0.6g/50mL),dexibuprofen
658501940,픽콕스캡슐200mg(세레콕시브)_(0.2g/1캡슐),celecoxib
657805310,파라메트정10밀리그램(라베프라졸나트륨)_(10mg/1정),rabeprazole
657807010,판토원정20밀리그램(판토프라졸나트륨세스키히드레이트)_(22.55mg/1정),pantoprazole
657807310,세로큐정200밀리그램(쿠에티아핀푸마르산염)_(0.23026g/1정),quetiapine
658204840,오메나듀오정20/800밀리그램_(1정),esomeprazole
647203830,쎄레브린캡슐200밀리그램(세레콕시브)_(0.2g/1캡슐),celecoxib
671700290,록시스로정(록시트로마이신)_(0.15g/1정),roxithromycin
684501810,에소엠피정40밀리그램(에스오메프라졸마그네슘삼수화물)_(44.5mg/1정),esomeprazole
694003010,페북소릭정40밀리그램(페북소스타트)_(40mg/1정),febuxostat
73001460,엑소움정40밀리그램(에스오메프라졸마그네슘이수화물)_(43.38mg/1정),esomeprazole
629700580,오시움캡슐40mg(에스오메프라졸마그네슘이수화물)_(43.36mg/1캡슐),esomeprazole
644309260,포비어드정(테노포비르디소프록실푸마르산염)_(0.3g/1정),tenofovir disoproxil
643506170,리스피돈오디정2밀리그램(리스페리돈)_(2mg/1정),risperidone
643508490,에소메졸플러스정40/350밀리그램_(1정),magnesium hydroxide
643605420,로타칸정 20/32밀리그램_(1정),rosuvastatin
654304940,토피렉스정25밀리그램(토피라메이트)_(25mg/1정),topiramate
645305650,리스달정2밀리그램(리스페리돈)_(2mg/1정),risperidone
645405320,텔미듀오플러스정40/5/10밀리그램_(1정),telmisartan
52700050,라베나정20밀리그램(라베프라졸나트륨)_(20mg/1정),rabeprazole
644913780,에소메칸정20밀리그램(에스오메프라졸마그네슘삼수화물)_(22.3mg/1정),esomeprazole
698000690,벤프라정(라베프라졸나트륨)_(10mg/1정),rabeprazole
694003110,란프라캡슐30밀리그램(란소프라졸과립)_(30mg/1캡슐),lansoprazole
647304340,로수듀오정10/20밀리그램_(1정),rosuvastatin
663606520,세레벡스캡슐(세레콕시브)_(0.2g/1캡슐),celecoxib
646900110,듀로제식디트랜스패취50㎍/h(펜타닐)_(21㎠/1매),fentanyl
648903780,보술리프정400밀리그램(보수티닙일수화물)_(0.41360g/1정),bosutinib
646201930,클로피젠정(클로피도그렐황산염)_(97.875mg/1정),clopidogrel bisulfate
649104840,탐소신서방캡슐0.4밀리그램(탐스로신염산염)_(0.4mg/1캡슐),tamsulosin
647805230,플래리스정300밀리그램(클로피도그렐황산염)_(0.3915g/1정),clopidogrel bisulfate
653600640,써티칸정0.5밀리그램(에베로리무스)_(0.5mg/1정),everolimus
650202070,클로펙트정(클로피도그렐황산염)_(97.875mg/1정),clopidogrel bisulfate
643803250,클로피엘티정(클로피도그렐황산염)_(97.875mg/1정),clopidogrel bisulfate
629700730,탐스론서방정0.2밀리그램(탐스로신염산염)_(0.2mg/1정),tamsulosin
649001450,라비파정10밀리그램(라베프라졸나트륨)_(10mg/1정),rabeprazole
649104860,젤로스타정20/5밀리그램_(1정),rosuvastatin
694205640,록시텐신정150밀리그램(록시트로마이신)_(0.15g/1정),roxithromycin
52700370,케페낙정100밀리그램(아세클로페낙)_(0.1g/1정),aceclofenac
648104320,덱시디펜정400밀리그램(덱시부프로펜)_(0.4g/1정),dexibuprofen
651204210,로수틴정5밀리그램(로수바스타틴칼슘)_(5.2mg/1정),rosuvastatin
645306590,파로자트씨알정25밀리그램(파록세틴염산염수화물)_(28.5mg/1정),paroxetine
653600521,산도스타틴주사0.1밀리그램/밀리리터(옥트레오티드아세트산염)_(0.112mg/1mL),octreotide
654005770,로스틴정5밀리그램(로수바스타틴칼슘)_(5.2mg/1정),rosuvastatin
655502040,프레비미스정480밀리그램(레테르모비르)_(480mg/1정),letermovir
657202520,환인아토목세틴캡슐40밀리그램(아토목세틴염산염)_(45.71mg/1캡슐),atomoxetine
649507240,아스라스정(록소프로펜나트륨수화물)_(68.1mg/1정),loxoprofen
657807590,넥스파듀오정20/800밀리그램_(1정),esomeprazole
655404420,일성잘토프로펜정80밀리그램_(80mg/1정),zaltoprofen
653403880,셀브렉캡슐100밀리그램(세레콕시브)_(0.1g/1캡슐),celecoxib
669700360,에스피씨라베정20mg(라베프라졸나트륨)_(20mg/1정),rabeprazole
657801481,염몰핀주사(모르핀염산염수화물)_(10mg/1mL),morphine
678601210,파라베졸정20밀리그램(라베프라졸나트륨)_(20mg/1정),rabeprazole
690300610,라프라이트정10mg(라베프라졸나트륨)_(10mg/1정),rabeprazole
697100200,란스탑캡슐15밀리그램(란소프라졸)_(15mg/1캡슐),lansoprazole
73400320,졸로푸트정100밀리그램(설트랄린염산염)_(0.1119g/1정),sertraline
76800010,"로우로제정10/2.5밀리그램(에제티미브, 로수바스타틴칼슘)_(1정)",rosuvastatin
653006020,파마블로난세린정4밀리그램_(4mg/1정),blonanserin
626900630,테바올란자핀정2.5밀리그램_(2.5mg/1정),olanzapine
626900640,테바올란자핀정10밀리그램_(10mg/1정),olanzapine
641806930,로제케이정10/5밀리그램_(1정),rosuvastatin
642405000,라베뉴정20/500밀리그램_(1정),rabeprazole
644309810,"로수맥콤비젤연질캡슐10/1000밀리그램(로수바스타틴,오메가3산에틸에스테르90)_(1캡슐)",rosuvastatin
657502440,아덴만정(아세클로페낙)_(0.1g/1정),aceclofenac
669502030,라프라졸정10mg(라베프라졸나트륨)_(10mg/1정),rabeprazole
650203850,레토프라정20밀리그램(에스-판토프라졸나트륨 삼수화물)_(23.96mg/1정),s-pantoprazole
629700590,오시움캡슐20mg(에스오메프라졸마그네슘이수화물)_(21.68mg/1캡슐),esomeprazole
621801930,오메존캡슐(오메프라졸)_(20mg/1캡슐),omeprazole
628900390,라베라정10mg(라베프라졸나트륨)_(10mg/1정),rabeprazole
642700370,동화록소닌정(록소프로펜나트륨수화물)_(68.1mg/1정),loxoprofen
645905970,아세롱CR정(아세클로페낙)_(0.2g/1정),aceclofenac
694000090,클로본스정(클로피도그렐황산염)_(97.875mg/1정),clopidogrel bisulfate
657805090,하루탐캡슐(탐스로신염산염)_(0.2mg/1캡슐),tamsulosin
622701110,에베로즈정10밀리그램(에베로리무스)_(10mg/1정),everolimus
664900930,플라넥신정(클로피도그렐황산염)_(97.875mg/1정),clopidogrel bisulfate
657803150,클로베인정(클로피도그렐황산수소염)_(97.875mg/1정),clopidogrel bisulfate
684500770,클로제정(클로피도그렐황산수소염)_(97.875mg/1정),clopidogrel bisulfate
649500131,네틴주100밀리그람(네틸마이신황산염)_(0.1g/2mL),netilmicin
647303700,록시트론정(록시트로마이신)_(0.15g/1정),roxithromycin
645702251,코코페디시럽(덱시부프로펜)_(6g/500mL),dexibuprofen
649807680,발사로브정10/160밀리그램_(1정),valsartan
650205130,페바로에프캡슐_(1캡슐),pitavastatin
642702510,에트라빌10밀리그램정(아미트리프틸린염산염)_(10mg/1정),amitriptyline
649503090,유니토파정25밀리그람(토피라메이트)_(25mg/1정),topiramate
657805450,넥스파정20밀리그램(에스오메프라졸마그네슘삼수화물)_(22.3mg/1정),esomeprazole
658202940,오메플정40mg(에스오메프라졸마그네슘삼수화물)_(44.50mg/1정),esomeprazole
659901150,이마졸정40mg(에스오메프라졸마그네슘삼수화물)_(44.5mg/1정),esomeprazole
655600450,록스페닌정(록소프로펜나트륨)_(60mg/1정),loxoprofen
653005130,파마벤라팍신서방캡슐37.5밀리그램(벤라팍신염산염)_(42.42mg/1캡슐),venlafaxine
669806410,"란소듀오정15/600밀리그램(란소프라졸,침강탄산칼슘)_(1정)",lansoprazole
670105230,에소맥스듀오정20/800밀리그램_(1정),esomeprazole
649803891,스토몰주사1밀리그람/밀리리터(모르핀황산염수화물)_(5mg/5mL),morphine
625900160,엡클루사정_(1정),sofosbuvir
640005880,에이프렉사정5밀리그램(올란자핀)_(5mg/1정),olanzapine
641605770,올로스타정20/5밀리그램_(1정),rosuvastatin
642003410,투발타캡슐60밀리그램(둘록세틴염산염)_(67.3mg/1캡슐),duloxetine
642404840,쿠티아핀정50밀리그램(쿠에티아핀푸마르산염)_(57.56mg/1정),quetiapine
642507570,라비듀오정20/500밀리그램_(1정),rabeprazole
642802390,자이피스오디정 10밀리그램(올란자핀)_(10mg/1정),olanzapine
645405050,테카비어정(테노포비르디소프록실)_(0.245g/1정),tenofovir disoproxil
646003710,라베움정20밀리그램(라베프라졸나트륨)_(20mg/1정),rabeprazole
646203730,라베젠정10밀리그램(라베프라졸나트륨)_(10mg/1정),rabeprazole
650205550,에소펠정20밀리그램(에스오메프라졸마그네슘삼수화물)_(22.25mg/1정),esomeprazole
654701060,피피라졸정20밀리그램(라베프라졸나트륨)_(20mg/1정),rabeprazole
648203730,유록틴캡슐30밀리그램(둘록세틴염산염)_(33.7mg/1캡슐),duloxetine
645304800,펜타덤패취12μg/h(펜타닐)_(2.5㎠/1매),fentanyl
669907910,타로신서방정0.4밀리그램(탐스로신염산염)_(0.4mg/1정),tamsulosin
653601520,아피니토정5밀리그램(에베로리무스)_(5mg/1정),everolimus
693902400,셀라빅스정75밀리그램(클로피도그렐황산염)_(97.875mg/1정),clopidogrel bisulfate
661604090,알피클로피아정(클로피도그렐황산염)_(97.875mg/1정),clopidogrel bisulfate
645902490,자트조신엑스엘정(알푸조신염산염)_(10mg/1정),alfuzosin
649002360,케타핀정100밀리그램(쿠에티아핀푸마르산염)_(0.11513g/1정),quetiapine
650700091,넥시움주(에스오메프라졸나트륨)_(42.5mg/1병),esomeprazole
628901510,리옥틴캡슐20밀리그램(플루옥세틴염산염)_(22.4mg/1캡슐),fluoxetine
651903650,메디키넷리타드캡슐10mg(메틸페니데이트염산염)_(10mg/1캡슐),methylphenidate
652606740,쎄로켈정200밀리그램(쿠에티아핀푸마르산염)_(0.23026g/1정),quetiapine
647200670,"코러스니메술리드정(수출명:Pacisulide Tab, Nimed Tab.)_(0.1g/1정)",nimesulide
655605400,앱시토정40밀리그램(펙수프라잔염산염)_(40mg/1정),fexuprazan
657202840,쿠에타핀서방정50밀리그램(쿠에티아핀푸마르산염)_(57.56mg/1정),quetiapine
59600280,아세요정(아세클로페낙)_(0.1g/1정),aceclofenac
665507100,유니라베프정10밀리그램(라베프라졸나트륨)_(10mg/1정),rabeprazole
669806310,란소듀오정30/600밀리그램_(1정),calcium
649801294,명문모르핀염산염수화물주사_(10mg/1mL),morphine
678601550,쿠아핀정200밀리그램(쿠에티아핀푸마르산염)_(0.23026g/1정),quetiapine
698000680,벤프라정20밀리그램(라베프라졸나트륨)_(20mg/1정),rabeprazole
698004430,리페넥스정2밀리그램(리스페리돈)_(2mg/1정),risperidone
657200850,페니드정5밀리그램(메틸페니데이트염산염)_(5mg/1정),methylphenidate
652101180,자트랄엑스엘정10밀리그램(알푸조신염산염)_(10mg/1정),alfuzosin
629700390,오스타틴정20밀리그램(로수바스타틴칼슘)_(20.8mg/1정),rosuvastatin
640007270,케이캡정50밀리그램(테고프라잔)_(50mg/1정),tegoprazan
649105750,가네리드정(테노포비르알라페나미드헤미말산염)_(28.51mg/1정),tenofovir alafenamide hemimalate
643309310,에소듀오에스정40/700밀리그램_(1정),sodium bicarbonate
643310300,"에소듀오미니정10/350밀리그램(에스오메프라졸, 탄산수소나트륨)_(1정)",esomeprazole
645001480,로즐리트렉캡슐100밀리그램(엔트렉티닙)_(0.1g/1캡슐),entrectinib
645304221,브리딘티점안액0.15%(브리모니딘타르타르산염)_(7.5mg/5mL),brimonidine
644806000,로소펜정(록소프로펜나트륨수화물)_(68.1mg/1정),loxoprofen
689001330,오메그린캡슐(오메프라졸)_(20mg/1캡슐),omeprazole
643507020,란소졸캡슐30밀리그램(란소프라졸)_(30mg/1캡슐),lansoprazole
640903100,에소파졸캡슐20mg(에스오메프라졸마그네슘이수화물)_(21.68mg/1캡슐),esomeprazole
55800220,신텍클로페낙정100밀리그램(아세클로페낙)_(0.1g/1정),aceclofenac
657802271,하나구연산펜타닐주사_(0.157mg/2mL/앰플),fentanyl
698503410,탐스민서방정(탐스로신염산염)_(0.2mg/1정),tamsulosin
670400700,휴니즈클로피도그렐황산염정_(97.875mg/1정),clopidogrel bisulfate
649102700,판피록정20mg(판토프라졸나트륨세스키히드레이트)_(22.6mg/1정),pantoprazole
650700070,넥시움정20밀리그람(에스오메프라졸마그네슘)_(22.3mg/1정),esomeprazole
642702520,에트라빌25밀리그램정(아미트리프틸린염산염)_(25mg/1정),amitriptyline
693901840,토파스정100밀리그램(토피라메이트)_(0.1g/1정),topiramate
653405940,"엑소락센정500/20밀리그램(나프록센, 에스오메프라졸마그네슘삼수화물)_(1정)",naproxen
656000830,아페낙정(아세클로페낙)_(0.1g/1정),aceclofenac
652604120,쎌빅캡슐(세레콕시브)_(0.2g/1캡슐),celecoxib
643103610,아스피바장용정(아스피린)_(0.1g/1정),aspirin
665600131,타프콤점안액_(2.5mL),timolol
628800180,프로세틴캡슐20mg(플루옥세틴염산염)_(22.4mg/1캡슐),fluoxetine
671806610,트리인원정80/5/10mg_(1정),amlodipine
693200780,글로라베정20밀리그램(라베프라졸나트륨)_(20mg/1정),rabeprazole
693900680,얼사라정10밀리그램(라베프라졸나트륨)_(10mg/1정),rabeprazole
53500210,오스템에스오메프라졸정20밀리그램(에스오메프라졸마그네슘이수화물)_(21.69mg/1정),esomeprazole
621803300,파비스라베프라졸정20밀리그램(라베프라졸나트륨)_(20mg/1정),rabeprazole
625900170,보세비정_(1정),sofosbuvir
642003670,에이치프라졸정40밀리그램(에스오메프라졸마그네슘이수화물)_(43.38mg/1정),esomeprazole
642403920,엑스메졸정20mg(에스오메프라졸마그네슘이수화물)_(21.69mg/1정),esomeprazole
642507400,투게논정5/8밀리그램_(1정),candesartan cilexetil
643302620,뉴라벨정20밀리그램(라베프라졸나트륨)_(20mg/1정),rabeprazole
644102760,라베로즈정10밀리그램(라베프라졸나트륨)_(10mg/1정),rabeprazole
648506510,록스펜씨알정(록소프로펜나트륨)_(90mg/1정),loxoprofen
663607640,세레벡스캡슐100밀리그램(세레콕시브)_(0.1g/1캡슐),celecoxib
650200320,라베톤정10밀리그람(라베프라졸나트륨)_(10mg/1정),rabeprazole
647800161,네소미신150밀리그램주(네틸마이신황산염)_(0.15g/1.5mL),netilmicin
689000470,아세테크정(아세클로페낙)_(0.1g/1정),aceclofenac
648603860,텔로듀오정80/5밀리그램_(1정),rosuvastatin
653102471,비씨펜타닐시트르산염주사_(0.157mg/2mL/병),fentanyl
649102740,넥시메졸캡슐20mg(에스오메프라졸마그네슘이수화물)_(21.68mg/1캡슐),esomeprazole
664900080,로마이신정(록시트로마이신)_(0.15g/1정),roxithromycin
649702360,에소메딘정40밀리그램(에스오메프라졸마그네슘이수화물)_(43.38mg/1정),esomeprazole
651300750,오메프로에스정40밀리그램(에스오메프라졸마그네슘삼수화물)_(44.5mg/1정),esomeprazole
651900750,명인이미프라민염산염정_(25mg/1정),imipramine
651902230,파록스정20mg(파록세틴염산염수화물)_(22.88mg/1정),paroxetine
652606360,로칸듀오정10/16밀리그램_(1정),rosuvastatin
653005730,쿠에티서방정50밀리그램(쿠에티아핀푸마르산염)_(57.56mg/1정),quetiapine
669604450,아세쿨정(아세클로페낙)_(0.1g/1정),aceclofenac
653601171,트리렙탈현탁액6%(옥스카르바제핀)_(6g/100mL),oxcarbazepine
644308400,록스핀정(록소프로펜나트륨수화물)_(68.1mg/1정),loxoprofen
657202660,환인아토목세틴캡슐80밀리그램(아토목세틴염산염)_(91.42mg/1캡슐),atomoxetine
657806780,텔미로원정80/20밀리그램_(1정),telmisartan
693901400,세레브캡슐200밀리그램(세레콕시브)_(0.2g/1캡슐),celecoxib
669806310,란소듀오정30/600밀리그램_(1정),lansoprazole
698003270,제로피온서방정150mg(부프로피온염산염)_(0.15g/1정),bupropion
649502700,유니작정20밀리그램(플루옥세틴염산염)_(22.4mg/1정),fluoxetine
649802161,스토몰주사20밀리그람(모르핀황산염수화물)_(20mg/2mL),morphine
679801840,티디라베정20밀리그램(라베프라졸나트륨)_(20mg/1정),rabeprazole
650003040,트리멕정_(1정),abacavir
626900690,테바올란자핀정15밀리그램_(15mg/1정),olanzapine
644904076,트리젤주(메트로니다졸)_(0.5g/100mL/백),metronidazole
641705370,텐포버정(테노포비르디소프록실헤미에디실산염)_(0.28986g/1정),tenofovir disoproxil hemiedisylate
642401380,쿠티아핀정100밀리그램(쿠에티아핀푸마르산염)_(0.11513g/1정),quetiapine
650205010,헤파로드정(테노포비르디소프록실)_(0.245g/1정),tenofovir disoproxil
644004060,드라베정10밀리그램(라베프라졸나트륨)_(10mg/1정),rabeprazole
644103410,베스듀오정20/800밀리그램_(1정),sodium bicarbonate
645306580,파로자트씨알정12.5밀리그램(파록세틴염산염수화물)_(14.25mg/1정),paroxetine
645306940,리스달정0.5밀리그램(리스페리돈)_(0.5mg/1정),risperidone
57001800,스토라베정10밀리그램(라베프라졸나트륨)_(10mg/1정),rabeprazole
696601520,에소시움정20mg(에스오메프라졸마그네슘이수화물)_(21.69mg/1정),esomeprazole
642307430,삼성라베프라졸정10mg(라베프라졸나트륨)_(10mg/1정),rabeprazole
647303200,넥시오메정20밀리그램(에스오메프라졸마그네슘삼수화물)_(22.25mg/1정),esomeprazole
642905310,쎄레원정200밀리그램(세레콕시브)_(0.2g/1정),celecoxib
693200630,글로덱시정300mg(덱시부프로펜)_(0.3g/1정),dexibuprofen
644703310,미가드정2.5mg(프로바트립탄숙신산염일수화물)_(3.91mg/1정),frovatriptan
626900410,펜토라박칼정400마이크로그램(펜타닐시트르산염)_(0.628mg/1정),fentanyl
670608430,탐루신디서방캡슐0.4밀리그램(탐스로신염산염)_(0.4mg/1캡슐),tamsulosin
645906920,동광탐스로신서방정0.4밀리그램(탐스로신염산염)_(0.4mg/1정),tamsulosin
696601030,일양바이오클로피도그렐황산염정75밀리그램_(97.875mg/1정),clopidogrel bisulfate
649806200,명문클로피도그렐정(클로피도그렐황산수소염)_(97.875mg/1정),clopidogrel bisulfate
58200420,에이빅스정75밀리그램(클로피도그렐황산염)_(97.875mg/1정),clopidogrel bisulfate
643100960,바이트랄엑스엘정10밀리그램(알푸조신염산염)_(10mg/1정),alfuzosin
655402080,큐오렐정(클로피도그렐황산수소염)_(97.875mg/1정),clopidogrel bisulfate
649002040,탐수날서방정0.2밀리그램(탐스로신염산염)_(0.2mg/1정),tamsulosin
645202010,아세낙정(아세클로페낙)_(0.1g/1정),aceclofenac
651903660,메디키넷리타드캡슐30mg(메틸페니데이트염산염)_(30mg/1캡슐),methylphenidate
640000090,디고신정(디곡신)_(0.25mg/1정),digoxin
657202850,쿠에타핀서방정150밀리그램(쿠에티아핀푸마르산염)_(0.17268g/1정),quetiapine
657202880,쿠에타핀서방정400밀리그램(쿠에티아핀푸마르산염)_(0.46048g/1정),quetiapine
657807590,넥스파듀오정20/800밀리그램_(1정),sodium bicarbonate
665002070,로수에지정10/20밀리그램_(1정),rosuvastatin
647200660,"코러스나부메톤정(수출명:TamenbunTablet, KORUME TAB.)_(0.5g/1정)",nabumetone
671706710,로바하이정5/80밀리그램_(1정),valsartan
693201680,에스시움정20밀리그램(에스오메프라졸마그네슘이수화물)_(21.69mg/1정),esomeprazole
54800760,라벤프정10밀리그램(라베프라졸나트륨)_(10mg/1정),rabeprazole
55100420,라베투정10밀리그램(라베프라졸나트륨)_(10mg/1정),rabeprazole
73001070,티아펜정200밀리그램(쿠에티아핀푸마르산염)_(0.23026g/1정),quetiapine
620500160,옥시크로린정300밀리그램(히드록시클로로퀸황산염)_(0.3g/1정),hydroxychloroquine
625501130,로수메디정5밀리그램(로수바스타틴칼슘)_(5.2mg/1정),rosuvastatin
653006010,파마블로난세린정2밀리그램_(2mg/1정),blonanserin
628901990,이바틴정1밀리그램(피타바스타틴칼슘수화물)_(1mg/1정),pitavastatin
640001201,이노엔20%만니톨주사액_(20g/100mL),d-mannitol
640904240,에소메가정20/800밀리그램_(1정),sodium bicarbonate
641502330,넥시온정20밀리그램(에스오메프라졸마그네슘이수화물)_(21.69mg/1정),esomeprazole
670600600,"로시스정(록시트로마이신)(수출명:ROXIOTAXEtab.,INTRALID)_(0.15g/1정)",roxithromycin
642404230,파이브로정200밀리그램(피르페니돈)_(0.2g/1정),pirfenidone
642503571,판토라인주(판토프라졸나트륨세스키히드레이트)_(45.1mg/1병),pantoprazole
642707210,라베듀엣정20/500밀리그램_(1정),sodium bicarbonate
625900020,트루바다정_(1정),emtricitabine
622801900,토파원정25밀리그램(토피라메이트)_(25mg/1정),topiramate
648500950,바로메졸캡슐(오메프라졸)_(20mg/1캡슐),omeprazole
670501500,에넥시움정40밀리그램(에스오메프라졸마그네슘이수화물)_(43.38mg/1정),esomeprazole
650300370,에스프라정10mg(라베프라졸나트륨)_(10mg/1정),rabeprazole
663300870,에스노펜정(아세클로페낙)_(0.1g/1정),aceclofenac
663608160,타미로신서방캡슐0.2밀리그램(탐스로신염산염)_(0.2mg/1캡슐),tamsulosin
690301160,에스디클로정75mg(클로피도그렐황산염)_(97.875mg/1정),clopidogrel bisulfate
640902390,클리델정(클로피도그렐황산수소염)_(97.875mg/1정),clopidogrel bisulfate
644307080,클라빅신정(클로피도그렐황산수소염)_(97.875mg/1정),clopidogrel bisulfate
642306790,삼성탐스로신서방정(탐스로신염산염)_(0.2mg/1정),tamsulosin
669604470,탐실서방정0.2밀리그램(탐스로신염산염)_(0.2mg/1정),tamsulosin
59600160,플라킴정75mg(클로피도그렐황산수소염)_(97.875mg/1정),clopidogrel bisulfate
653405470,타루날서방정0.4밀리그램(탐스로신염산염)_(0.4mg/1정),tamsulosin
669700090,뉴빅스정(클로피도그렐황산염)_(97.875mg/1정),clopidogrel bisulfate
649604430,로바테롤정10밀리그램(로수바스타틴칼슘)_(10.4mg/1정),rosuvastatin
649806860,명문록시트로마이신정_(0.15g/1정),roxithromycin
650303230,에스졸정40밀리그램(에스오메프라졸마그네슘삼수화물)_(44.5mg/1정),esomeprazole
651904580,밀타정7.5밀리그램(미르타자핀)_(7.5mg/1정),mirtazapine
652606720,쎄로켈정25밀리그램(쿠에티아핀푸마르산염)_(28.78mg/1정),quetiapine
655501601,에멘드IV주 150밀리그램 (포스아프레피탄트 디메글루민염)_(0.2453g/1병),fosaprepitant dimeglumine
657203730,미르젠탁오디정15밀리그램(미르타자핀)_(15mg/1정),mirtazapine
665001290,토프라졸정40밀리그램(판토프라졸나트륨세스키히드레이트)_(45.1mg/1정),pantoprazole
658203010,아이제낙정100밀리그램(아세클로페낙)_(0.1g/1정),aceclofenac
670100340,록스탑정(록시트로마이신)_(0.15g/1정),roxithromycin
670607320,에스엠프라정20밀리그램(에스오메프라졸마그네슘이수화물)_(21.69mg/1정),esomeprazole
649502020,웰정(부프로피온염산염)_(0.1g/1정),bupropion
694002890,쎄로타핀정200밀리그램(쿠에티아핀푸마르산염)_(0.23026g/1정),quetiapine
697100670,듀록정300밀리그램(히드록시클로로퀸황산염)_(0.3g/1정),hydroxychloroquine
640007060,듀록타캡슐30밀리그램(둘록세틴염산염)_(33.7mg/1캡슐),duloxetine
641905340,보령부스파정15mg(부스피론염산염)_(15mg/1정),buspirone
642905520,텔로스톱정40/5밀리그램_(1정),rosuvastatin
654005440,파리아톤정10mg(라베프라졸나트륨)_(10mg/1정),rabeprazole
660402620,보리라베정10mg(라베프라졸나트륨)_(10mg/1정),rabeprazole
642004390,현대록소프로펜나트륨수화물정_(68.1mg/1정),loxoprofen
649701630,플라비토르정(클로피도그렐황산수소염)_(97.875mg/1정),clopidogrel bisulfate
656005110,알루날서방정0.2밀리그램(탐스로신염산염)_(0.2mg/1정),tamsulosin
649102090,위란톤캡슐(란소프라졸과립)_(30mg/1캡슐),lansoprazole
653007160,올자펙스정2.5밀리그램(올란자핀)_(2.5mg/1정),olanzapine
650203432,애니펜시럽(덱시부프로펜)_(0.6g/50mL),dexibuprofen
654801831,옥트스타틴주(옥트레오티드아세테이트)_(0.112mg/1mL),octreotide
655502061,프레비미스주(레테르모비르)_(480mg/24mL),letermovir
55102270,코스페낙정100밀리그램(아세클로페낙)_(0.1g/1정),aceclofenac
657204120,환인쿠에타핀서방정150밀리그램(쿠에티아핀푸마르산염)_(0.17269g/1정),quetiapine
658601140,네오베트정10밀리그램(라베프라졸나트륨)_(10mg/1정),rabeprazole
660702760,에스라졸정40밀리그램(에스오메프라졸마그네슘삼수화물)_(44.5mg/1정),esomeprazole
690300530,라이트록소정(록소프로펜나트륨수화물)_(68.1mg/1정),loxoprofen
668903330,비모보정 500/20밀리그램_(1정),naproxen
670800310,푸로작캡슐20밀리그램(플루옥세틴염산염)_(22.36mg/1캡슐),fluoxetine
694004220,"크라티지연질캡슐(로수바스타틴칼슘, 오메가-3-산에틸에스테르90)_(1캡슐)",rosuvastatin
697100380,듀록정200밀리그램(히드록시클로로퀸황산염)_(0.2g/1정),hydroxychloroquine
53300430,넥사브이정40밀리그램(에스오메프라졸마그네슘삼수화물)_(44.50mg/1정),esomeprazole
53600770,뉴슈바틴정5밀리그램(로수바스타틴칼슘)_(5.2mg/1정),rosuvastatin
652604040,푸로핀캡슐(플루옥세틴염산염)_(22.4mg/1캡슐),fluoxetine
647205200,로틴캡슐20밀리그램(플루옥세틴염산염)_(22.4mg/1캡슐),fluoxetine
651904340,페로스핀정5mg(메틸페니데이트염산염)_(5mg/1정),methylphenidate
657203470,로나큐정2밀리그램(블로난세린)_(2mg/1정),blonanserin
641907350,듀카로정60/5/5밀리그램_(1정),amlodipine
642404170,영진멀타자핀정7.5밀리그램(미르타자핀)_(7.5mg/1정),mirtazapine
642904230,피타큐정2밀리그램(피타바스타틴칼슘)_(2mg/1정),pitavastatin
643309310,에소듀오에스정40/700밀리그램_(1정),esomeprazole
643802950,신신쿠에티아핀정25밀리그램(쿠에티아핀푸마르산염)_(28.78mg/1정),quetiapine
644101040,탬보코정(초산플레카이니드)_(50mg/1정),flecainide
644704200,에스로틴정5밀리그램(로수바스타틴칼슘)_(5.2mg/1정),rosuvastatin
645202260,오큐졸캡슐(오메프라졸)_(20mg/1캡슐),omeprazole
645306630,에소원탑정20/800밀리그램_(1정),sodium bicarbonate
646004080,에피움정40밀리그램(에스오메프라졸마그네슘이수화물)_(43.38mg/1정),esomeprazole
642203980,부소메졸정40mg(에스오메프라졸마그네슘삼수화물)_(44.50mg/1정),esomeprazole
645901160,라베스타정20mg(라베프라졸나트륨)_(20mg/1정),rabeprazole
640902780,판터롤정20밀리그램(판토프라졸나트륨세스키히드레이트)_(22.55mg/1정),pantoprazole
60500810,에소메정20밀리그램(에스오메프라졸마그네슘삼수화물)_(22.25mg/1정),esomeprazole
657302960,유로파서방정0.2밀리그램(탐스로신염산염)_(0.2mg/1정),tamsulosin
657807330,하루탐서방정0.2밀리그램(탐스로신염산염)_(0.2mg/1정),tamsulosin
652101570,플라빅스정75밀리그람(클로피도그렐황산염)_(97.875mg/1정),clopidogrel bisulfate
658204410,더블탐스서방정0.4밀리그램(탐스로신염산염)_(0.4mg/1정),tamsulosin
678601050,클피그렐정(클로피도그렐황산수소염)_(97.875mg/1정),clopidogrel bisulfate
649404760,크레바틴정5밀리그램(로수바스타틴칼슘)_(5.2mg/1정),rosuvastatin
650200470,록시키드정(록시트로마이신)_(0.15g/1정),roxithromycin
649702020,리로우펜캡슐_(1캡슐),pitavastatin
649808110,란스타정30/600밀리그램_(1정),calcium
651602440,한화쿼테아핀정100밀리그램(쿠에티아핀푸마르산염)_(0.11513g/1정),quetiapine
657807040,토맥스정25밀리그램(토피라메이트)_(25mg/1정),topiramate
663606930,에스메졸정20밀리그램(에스오메프라졸마그네슘삼수화물)_(22.25mg/1정),esomeprazole
664901040,크레스반정20mg(로수바스타틴칼슘)_(20.8mg/1정),rosuvastatin
662500610,덱타론정400mg(덱시부프로펜)_(0.4g/1정),dexibuprofen
653103651,비씨모르핀황산염수화물주사1mg/mL(바이알)_(5mg/5mL),morphine
678601030,쿠아핀정100밀리그램(쿠에티아핀푸마르산염)_(0.11513g/1정),quetiapine
678601530,엑시다졸정20밀리그램(에스오메프라졸마그네슘삼수화물)_(22.3mg/1정),esomeprazole
678601640,록시케어정(록시트로마이신)_(0.15g/1정),roxithromycin
696300180,덱실란트디알캡슐60밀리그램(덱스란소프라졸)_(60mg/1캡슐),dexlansoprazole
653006220,노르작캡슐10밀리그램(플루옥세틴염산염)_(11.2mg/1캡슐),fluoxetine
628902440,"라베라듀오정20/700밀리그램(라베프라졸나트륨,탄산수소나트륨)_(1정)",sodium bicarbonate
642703571,판토프라주(판토프라졸나트륨세스키히드레이트)_(45.1mg/1병),pantoprazole
643508310,에소메졸디알서방캡슐40밀리그램(에스오메프라졸마그네슘삼수화물)_(44.5mg/1캡슐),esomeprazole
645900251,"동광네틸마이신주100mg_(네틸마이신황산염, 0.1g/2mL)",netilmicin
658203310,비보존라베프라졸정20mg(라베프라졸나트륨)_(20mg/1정),rabeprazole
645302080,펩타졸정20밀리그람(판토프라졸나트륨세스키히드레이트)_(22.55mg/1정),pantoprazole
647204000,넥소메정20밀리그램(에스오메프라졸마그네슘이수화물)_(21.69mg/1정),esomeprazole
648200230,라베트라정10mg(라베프라졸나트륨)_(10mg/1정),rabeprazole
648604120,로티젯정10/20밀리그램_(1정),rosuvastatin
621802880,탐스프로서방정0.2밀리그램(탐스로신염산염)_(0.2mg/1정),tamsulosin
652100310,루리드정(록시트로마이신)_(0.15g/1정),roxithromycin
657200980,폭세틴캡슐10밀리그램(플루옥세틴염산염)_(11.2mg/1캡슐),fluoxetine
652903380,라베정20밀리그램(라베프라졸나트륨)_(20mg/1정),rabeprazole
652903830,네오메졸정40밀리그램(에스오메프라졸마그네슘이수화물)_(43.38mg/1정),esomeprazole
643200040,나부톤정500mg(나부메톤)(수출명: 큐레페인정)_(0.5g/1정),nabumetone
654004900,제로시드정20/1100밀리그램_(1정),omeprazole
656004070,넥시리움정40밀리그램(에스오메프라졸마그네슘이수화물)_(43.38mg/1정),esomeprazole
657203740,미르젠탁오디정30밀리그램(미르타자핀)_(30mg/1정),mirtazapine
662503310,에소라정20밀리그램(에스오메프라졸마그네슘이수화물)_(21.69mg/1정),esomeprazole
645600370,대화염산플루옥세틴캡슐_(22.4mg/1캡슐),fluoxetine
698500240,푸로틴캡슐(플루옥세틴염산염)_(22.4mg/1캡슐),fluoxetine
52400200,벨프란정10mg(라베프라졸나트륨)_(10mg/1정),rabeprazole
665506790,유니시움정40mg(에스오메프라졸마그네슘이수화물)_(43.38mg/1정),esomeprazole
625200820,라베프졸정10밀리그램(라베프라졸나트륨)_(10mg/1정),rabeprazole
657802294,하나구연산펜타닐주사_(1.57mg/20mL/앰플(P)),fentanyl
659901120,펜타칸설하정 133마이크로그램(펜타닐시트르산염)_(0.21mg/1정),fentanyl
643506100,한미탐스오디정0.2밀리그램(탐스로신염산염)_(0.2mg/1정),tamsulosin
649101260,휴로픽스정(황산수소클로피도그렐)_(97.875mg/1정),clopidogrel bisulfate
53600700,뉴클로파인정(클로피도그렐황산염)_(97.875mg/1정),clopidogrel bisulfate
649508280,란탄듀오정30/600밀리그램_(1정),lansoprazole
621802050,록소진정(록소프로펜나트륨수화물)_(68.1mg/1정),loxoprofen
651601800,콕스낙캡슐200mg(세레콕시브)_(0.2g/1캡슐),celecoxib
648500640,록스펜정(록소프로펜나트륨)_(60mg/1정),loxoprofen
648203690,류스펜정(록소프로펜나트륨수화물)_(68.1mg/1정),loxoprofen
641105870,아뎀파스정1.5밀리그램(리오시구앗)_(1.5mg/1정),micronized riociguat
693900370,록소디펜정(록소프로펜나트륨수화물)_(68.1mg/1정),loxoprofen
625202390,다나텍캡슐(플루옥세틴염산염)_(22.4mg/1캡슐),fluoxetine
698003820,피엠에스둘록세틴캡슐30mg(둘록세틴염산염)_(33.7mg/1캡슐),duloxetine
647300020,노브세틴캡슐(플루옥세틴염산염)_(22.4mg/1캡슐),fluoxetine
626900220,테바아나스트로졸정1밀리그램 _(1mg/1정),anastrozole
628902440,"라베라듀오정20/700밀리그램(라베프라졸나트륨,탄산수소나트륨)_(1정)",rabeprazole
643606050,에소카정40/600밀리그램_(1정),calcium
645302230,하이그로톤정25밀리그람(클로르탈리돈)_(25mg/1정),chlorthalidone
647303190,넥시오메정40밀리그램(에스오메프라졸마그네슘삼수화물)_(44.5mg/1정),esomeprazole
649604900,에소라졸정40mg(에스오메프라졸마그네슘삼수화물)_(44.5mg/1정),esomeprazole
648200240,라베트라정20mg(라베프라졸나트륨)_(20mg/1정),rabeprazole
645302791,한림펜타닐주사(구연산펜타닐)_(0.785mg/10mL/앰플),fentanyl
644206340,리트모놈SR서방캡슐425밀리그램(프로파페논염산염)_(0.425g/1캡슐),propafenone
647802630,플래리스정(클로피도그렐황산염)_(97.875mg/1정),clopidogrel bisulfate
649507890,피스에이서방캡슐(탐스로신염산염)_(0.2mg/1캡슐),tamsulosin
677200160,하루날디정0.2밀리그람(탐스로신염산염)_(0.2mg/1정),tamsulosin
670104770,프라탐서방정0.4밀리그램(탐스로신염산염)_(0.4mg/1정),tamsulosin
664901130,록소폰정(록소프로펜나트륨수화물)_(68.1mg/1정),loxoprofen
653005740,쿠에티서방정200밀리그램(쿠에티아핀푸마르산염)_(0.23024g/1정),quetiapine
655502051,프레비미스주(레테르모비르)_(240mg/12mL),letermovir
657203710,제비닉스정200밀리그램(에슬리카르바제핀아세테이트(미분화))_(0.2g/1정),eslicarbazepine
660703680,에스라졸듀오정20/800밀리그램_(1정),esomeprazole
662503270,라베민정10mg(라베프라졸나트륨)_(10mg/1정),rabeprazole
662600850,오메원정40밀리그램(에스오메프라졸마그네슘이수화물)_(43.38mg/1정),esomeprazole
73400310,졸로푸트정50밀리그람(설트랄린염산염)_(55.95mg/1정),sertraline
694004330,"라베비카정20/700밀리그램(라베프라졸나트륨,탄산수소나트륨)_(1정)",sodium bicarbonate
669901000,디프렌캡슐(플루옥세틴염산염)_(22.4mg/1캡슐),fluoxetine
641605710,올로스타정40/20밀리그램_(1정),rosuvastatin
643508300,에소메졸디알서방캡슐20밀리그램(에스오메프라졸마그네슘삼수화물)_(22.25mg/1캡슐),esomeprazole
643508540,에소메졸디알서방캡슐10밀리그램(에스오메프라졸마그네슘삼수화물)_(11.125mg/1캡슐),esomeprazole
643903940,미르탁스오디티정30밀리그램(미르타자핀)_(30mg/1정),mirtazapine
652601440,판테온정40밀리그램(판토프라졸나트륨세스키히드레이트)_(45.1mg/1정),pantoprazole
646902490,리스페달정0.5밀리그램(리스페리돈)_(0.5mg/1정),risperidone
647803470,크리콕스캡슐200밀리그램(세레콕시브)_(0.2g/1캡슐),celecoxib
57700530,클로드린정(클로피도그렐황산염)_(97.875mg/1정),clopidogrel bisulfate
679801940,케이탐스서방캡슐0.4밀리그램(탐스로신염산염)_(0.4mg/1캡슐),tamsulosin
57000260,록시템정(록시트로마이신)_(0.15g/1정),roxithromycin
621802020,록사민정(록시트로마이신)_(0.15g/1정),roxithromycin
651900370,리스펜정0.5밀리그람(리스페리돈)_(0.5mg/1정),risperidone
653400400,라베드정(라베프라졸나트륨)_(10mg/1정),rabeprazole
657201170,쿠에타핀정200밀리그램(쿠에티아핀푸마르산염)_(0.23026g/1정),quetiapine
644704260,나프메드정500/20밀리그램_(1정),naproxen
645600730,라베라톤정10밀리그램(라베프라졸나트륨)_(10mg/1정),rabeprazole
59000500,라베에트정10밀리그램(라베프라졸나트륨)_(10mg/1정),rabeprazole
648203880,유스메졸캡슐20mg(에스오메프라졸마그네슘이수화물)_(21.69mg/1캡슐),esomeprazole
671805720,에스원엠프정40mg(에스오메프라졸마그네슘삼수화물)_(44.5mg/1정),esomeprazole
641502880,라베라엠정10밀리그램(라베프라졸나트륨)_(10mg/1정),rabeprazole
644001370,오메라졸캡슐(오메프라졸)(수출명 : OMERAZOLE Caps.)_(20mg/1캡슐),omeprazole
648502361,신풍트라넥삼산주사500밀리그램_(0.5g/5mL),tranexamic acid
649803861,명문구연산펜타닐주사_(1.57mg/20mL/앰플),fentanyl
648602710,탐신서방정0.2밀리그램(탐스로신염산염)_(0.2mg/1정),tamsulosin
649002350,케타핀정200밀리그램(쿠에티아핀푸마르산염)_(0.23026g/1정),quetiapine
648201730,크라미드정150밀리그람(록시트로마이신)_(0.15g/1정),roxithromycin
59600490,세콕시아캡슐100mg(세레콕시브)_(0.1g/1캡슐),celecoxib
649802600,오스메톤정(나부메톤)(수출명:오스부톤정OSBUTONEtablet)_(0.5g/1정),nabumetone
698400610,"라베하프정(라베프라졸,탄산수소나트륨)_(1정)",rabeprazole
693201200,펄세틴캡슐(플루옥세틴염산염)_(22.4mg/1캡슐),fluoxetine
628900520,에소프라정20밀리그램(에스오메프라졸마그네슘이수화물)_(21.69mg/1정),esomeprazole
640006770,사일레노정6밀리그램(독세핀염산염)_(6.78mg/1정),doxepin
642105380,듀오웰에이정80/5/10밀리그램_(1정),rosuvastatin
642402110,쿠티아핀정300밀리그램(쿠에티아핀푸마르산염)_(0.34539g/1정),quetiapine
643504310,에소메졸캡슐20밀리그램(에스오메프라졸스트론튬사수화물)_(24.6mg/1캡슐),esomeprazole strontium tetrahydrate
645306320,프리넥사서방정50밀리그램(데스벤라팍신벤조산염)_(73.185mg/1정),desvenlafaxine
55101150,오메프투캡슐(오메프라졸)_(20mg/1캡슐),omeprazole
645103001,"대한펜타닐주사액_(펜타닐시트르산염, 1mg/20mL)",fentanyl
645303281,한림펜타닐주사(구연산펜타닐)_(78.5μg/1mL),fentanyl
656005020,알루날서방캡슐0.2밀리그램(탐스로신염산염)_(0.2mg/1캡슐),tamsulosin
658203150,비보존탐스로신서방정0.2mg(탐스로신염산염)_(0.2mg/1정),tamsulosin
643703630,플라그렐정(클로피도그렐황산염)_(97.875mg/1정),clopidogrel bisulfate
645905700,동광탐스로신서방정0.2밀리그램(탐스로신염산염)_(0.2mg/1정),tamsulosin
653600630,써티칸정0.25밀리그램(에베로리무스)_(0.25mg/1정),everolimus
689000850,록시마정(록시트로마이신)_(0.15g/1정),roxithromycin
655401580,일성이틴정80밀리그램(베라파밀염산염)_(80mg/1정),verapamil
657200230,리페리돈정1밀리그램(리스페리돈)_(1mg/1정),risperidone
657202860,쿠에타핀서방정200밀리그램(쿠에티아핀푸마르산염)_(0.23024g/1정),quetiapine
658106380,오메다캡슐(오메프라졸)_(20mg/1캡슐),omeprazole
668000130,브린텔릭스정5밀리그램(보티옥세틴브롬화수소산염)_(6.355mg/1정),vortioxetine
694004340,"라베비카정10/700밀리그램(라베프라졸나트륨,탄산수소나트륨)_(1정)",sodium bicarbonate
628902040,에소프라듀오정20/800밀리그램_(1정),sodium bicarbonate
693902480,록셀정150밀리그램(록시트로마이신)_(0.15g/1정),roxithromycin
642906640,라비에트듀오정20/500밀리그램_(1정),rabeprazole
645103831,대한염화칼륨-20_(1.491g/20mL/앰플(PP)),potassium
645306620,카세핀정12.5밀리그램(쿠에티아핀푸마르산염)_(14.39mg/1정),quetiapine
653005100,라베프린정20밀리그램(라베프라졸나트륨)_(20mg/1정),rabeprazole
671805710,에스원엠프정20mg(에스오메프라졸마그네슘삼수화물)_(22.3mg/1정),esomeprazole
623004050,클로스타정(클로피도그렐황산염)_(97.875mg/1정),clopidogrel bisulfate
678600940,세로세틴캡슐20밀리그램(플루옥세틴염산염)_(22.4mg/1캡슐),fluoxetine
652604910,로제티브정10/5밀리그램_(1정),rosuvastatin
644800460,로노펜정(덱시부프로펜디.씨)_(0.3g/1정),dexibuprofen
674400830,에스프리졸정40밀리그램(에스오메프라졸마그네슘이수화물)_(43.38mg/1정),esomeprazole
679601070,라라베정10밀리그램(라베프라졸나트륨)_(10mg/1정),rabeprazole
684501210,라베탑정20mg(라베프라졸나트륨)_(20mg/1정),rabeprazole
664601070,프레미나정0.625밀리그램(결합형에스트로겐)_(0.625mg/1정),estrogen
628800490,라베휴정20mg(라베프라졸나트륨)_(20mg/1정),rabeprazole
640003930,헤르벤정(딜티아젬염산염)_(30mg/1정),diltiazem
643501850,에소메졸캡슐40밀리그램(에스오메프라졸스트론튬사수화물)_(49.3mg/1캡슐),esomeprazole strontium tetrahydrate
645300751,보트로파제주사(헤모코아귤라제)_(1KU/1mL),hemocoagulase
670103160,메프라졸캡슐(오메프라졸)_(20mg/1캡슐),omeprazole
644308490,로베돌정20밀리그램(라베프라졸나트륨)_(20mg/1정),rabeprazole
644900670,라베칸정20밀리그램(라베프라졸나트륨)_(20mg/1정),rabeprazole
59000270,프로탐스서방정0.2밀리그램(탐스로신염산염)_(0.2mg/1정),tamsulosin
649807210,테고캡슐20_(1캡슐),gimeracil
651500200,라베스틴정10밀리그램(라베프라졸나트륨)_(10mg/1정),rabeprazole
652104360,팍세론틴서방정12.5밀리그램(파록세틴염산염수화물)_(14.25mg/1정),paroxetine
654004690,아나프라졸정40밀리그램(에스오메프라졸마그네슘삼수화물)_(44.5mg/1정),esomeprazole
657203280,환인설트랄린정100밀리그램(설트랄린염산염)_(0.1119g/1정),sertraline
657203900,라베모어정20/500밀리그램_(1정),rabeprazole
684501190,뉴브렉스캡슐200mg(세레콕시브)_(0.2g/1캡슐),celecoxib
658700730,인레빅캡슐(페드라티닙염산염수화물)_(0.1173g/1캡슐),fedratinib dihydrochloride
664602830,클로베네정25밀리그램(클로르탈리돈)_(25mg/1정),chlorthalidone
652604750,푸로핀캡슐10밀리그램(플루옥세틴염산염)_(11.2mg/1캡슐),fluoxetine
671707490,"제모보정500/20밀리그램(나프록센, 에스오메프라졸)_(1정)",esomeprazole
697100550,듀록정400밀리그램(히드록시클로로퀸황산염)_(0.4g/1정),hydroxychloroquine
641606990,넥시어드정20밀리그램(에스오메프라졸마그네슘삼수화물)_(22.3mg/1정),esomeprazole
641908390,자이프렉사정5밀리그램(올란자핀)_(5mg/1정),olanzapine
645202850,해록신정(록시트로마이신)_(0.15g/1정),roxithromycin
642201110,부스론정10밀리그램(부스피론염산염)_(10mg/1정),buspirone
642405070,영진올란자핀정5밀리그램_(5mg/1정),olanzapine
649104010,토피맥스정25mg(토피라메이트)_(25mg/1정),topiramate
645305810,카세핀서방정150밀리그램(쿠에티아핀푸마르산염)_(0.17268g/1정),quetiapine
640903710,에소파졸정40밀리그램(에스오메프라졸마그네슘이수화물)_(43.38mg/1정),esomeprazole
657804730,파라메트정20밀리그램(라베프라졸나트륨)_(20mg/1정),rabeprazole
647304230,엘페리돈정1밀리그램(리스페리돈)_(1mg/1정),risperidone
659900990,펜타듀르패취100μg/h(펜타닐)_(40㎠/1매),fentanyl
626900400,펜토라박칼정200마이크로그램(펜타닐시트르산염)_(0.314mg/1정),fentanyl
657805291,하나구연산펜타닐주사_(2.355mg/30mL),fentanyl
629701480,오코도렐정(클로피도그렐황산염)_(97.875mg/1정),clopidogrel bisulfate
649807330,탐소날캡슐(탐스로신염산염)_(0.2mg/1캡슐),tamsulosin
651904120,밀타오디정30mg(미르타자핀)_(30mg/1정),mirtazapine
653005390,마이셀타캡슐30밀리그램(둘록세틴염산염)_(33.7mg/1캡슐),duloxetine
654701050,피피라졸정10밀리그람(라베프라졸나트륨)_(10mg/1정),rabeprazole
665508520,뉴란소엑스정30/600밀리그램_(1정),lansoprazole
669502230,바브론정5mg(부스피론염산염)_(5mg/1정),buspirone
670801370,자이프렉사자이디스확산정5밀리그램(미세올란자핀)_(5mg/1정),olanzapine
671706990,넥소듀오정20/800밀리그램_(1정),sodium bicarbonate
53600050,뉴베라정10밀리그램(라베프라졸나트륨)_(10mg/1정),rabeprazole
640003920,헤르벤서방캡슐180밀리그램(딜티아젬염산염)_(0.18g/1캡슐),diltiazem
642105670,에소피드정20/600밀리그램_(1정),calcium
642404990,"라베뉴정10/500밀리그램(라베프라졸나트륨,탄산수소나트륨)_(1정)",rabeprazole
642707360,동화쿠에티아핀정25밀리그램(쿠에티아핀푸마르산염)_(28.78mg/1정),quetiapine
644206410,가나플럭스정40/1100밀리그램_(1정),omeprazole
661901650,크라빅스정(클로피도그렐황산수소염)_(97.875mg/1정),clopidogrel bisulfate
653400280,타루날캡슐(탐스로신염산염)_(0.2mg/1캡슐),tamsulosin
650204640,하루큐어서방정0.2밀리그램(탐스로신염산염)_(0.2mg/1정),tamsulosin
665001700,경보클로피도그렐정(클로피도그렐황산염)_(97.875mg/1정),clopidogrel bisulfate
53300190,안티플라정(클로피도그렐황산수소염)_(97.875mg/1정),clopidogrel bisulfate
693200720,글록신정(록시트로마이신)_(0.15g/1정),roxithromycin
650001330,팍실CR정12.5밀리그램(파록세틴염산염수화물)_(14.25mg/1정),paroxetine
651905040,피디펙솔서방정0.375밀리그램(프라미펙솔염산염일수화물)_(0.375mg/1정),pramipexole dihydrochloride
652600600,딜테란서방캡슐180밀리그램(딜티아젬아시딕폴리머콤플렉스)_(0.18g/1캡슐),diltiazem
652606770,쎄로켈서방정200밀리그램(쿠에티아핀푸마르산염)_(0.23026g/1정),quetiapine
657200800,토피라트정100밀리그램(토피라메이트)_(0.1g/1정),topiramate
657200250,리페리돈정3밀리그램(리스페리돈)_(3mg/1정),risperidone
657202720,듀로셉톨캡슐30밀리그램(둘록세틴염산염)_(33.645mg/1캡슐),duloxetine
657203150,환인부스피론정10밀리그램(부스피론염산염)_(10mg/1정),buspirone
661905080,쿠아틴정25밀리그램(쿠에티아핀푸마르산염)_(28.78mg/1정),quetiapine
662503280,라베민정20mg(라베프라졸나트륨)_(20mg/1정),rabeprazole
657202910,애드피온서방정150밀리그램(부프로피온염산염)_(0.15g/1정),bupropion
640007280,아킨지오캡슐_(1캡슐),netupitant
642505330,판토라인정20mg(판토프라졸나트륨세스키히드레이트)_(22.55mg/1정),pantoprazole
645305951,브리딘티점안액0.15%(브리모니딘타르타르산염)(1회용)_(0.45mg/0.3mL),brimonidine
642800900,쎄락틸정300밀리그람(덱시부프로펜디.씨.)_(0.3g/1정),dexibuprofen
642803300,엑소시움정40밀리그램(에스오메프라졸마그네슘삼수화물)_(44.5mg/1정),esomeprazole
670501580,에넥시움정20밀리그램(에스오메프라졸마그네슘이수화물)_(21.69mg/1정),esomeprazole
646902060,콘서타OROS서방정36밀리그램(메틸페니데이트염산염)_(36mg/1정),methylphenidate
643504050,피도글정75밀리그램(클로피도그렐나파디실레이트일수화물)_(0.11069g/1정),clopidogrel napadisilate
656701900,글로그렐정75밀리그램(클로피도그렐황산염)_(97.875mg/1정),clopidogrel bisulfate
642401470,탐로신서방정(염산탐스로신)_(0.2mg/1정),tamsulosin
650201370,잘트린엑스엘정(알푸조신염산염)_(10mg/1정),alfuzosin
649702760,에소메딘플러스정20/800밀리그램_(1정),sodium bicarbonate
651903270,큐로켈정25밀리그램(쿠에티아핀푸마르산염)_(28.78mg/1정),quetiapine
652904330,에스록펜정(록소프로펜나트륨수화물)_(68.1mg/1정),loxoprofen
657202490,환인아토목세틴캡슐10밀리그램(아토목세틴염산염)_(11.43mg/1캡슐),atomoxetine
644300460,덱스핀정(덱시부프로펜)_(0.3g/1정),dexibuprofen
620500130,옥시크로린정150밀리그램(히드록시클로로퀸황산염)_(0.15g/1정),hydroxychloroquine
641608460,"바로에젯정1/10밀리그램(피타바스타틴칼슘수화물,에제티미브)_(1정)",pitavastatin
625900120,베믈리디정(테노포비르알라페나미드헤미푸마르산염)_(28.04mg/1정),tenofovir alafenamide hemifumarate
694000640,대웅라베프라졸정20밀리그램(라베프라졸나트륨)_(20mg/1정),rabeprazole
625801610,라베핀정20밀리그램(라베프라졸나트륨)_(20mg/1정),rabeprazole
641605801,인스타닐나잘스프레이50마이크로그램(펜타닐시트르산염)_(0.5mg/10회),fentanyl
57000310,탐스케어캡슐0.2밀리그램(탐스로신염산염)_(0.2mg/1캡슐),tamsulosin
640007960,탐로스타서방정0.4밀리그램(탐스로신염산염)_(0.4mg/1정),tamsulosin
663300880,유빅스정(클로피도그렐황산수소염)_(97.875mg/1정),clopidogrel bisulfate
671806130,시워날서방정0.2mg(탐스로신염산염)_(0.2mg/1정),tamsulosin
645405750,하루론서방캡슐0.4밀리그램(탐스로신염산염)_(0.4mg/1캡슐),tamsulosin
642404690,영진플루옥세틴캡슐20밀리그램(플루옥세틴염산염)_(22.4mg/1캡슐),fluoxetine
651903300,큐로켈정200밀리그램(쿠에티아핀푸마르산염)_(0.23026g/1정),quetiapine
653006180,리스돈정0.5밀리그램(리스페리돈)_(0.5mg/1정),risperidone
669604560,록소필정(록소프로펜나트륨수화물)_(68.1mg/1정),loxoprofen
657200690,카디아젬정30밀리그램(딜티아젬염산염)_(30mg/1정),diltiazem
663606910,에스메졸정40밀리그램(에스오메프라졸마그네슘삼수화물)_(44.5mg/1정),esomeprazole
52400970,메디브렉스캡슐200mg(세레콕시브)_(0.2g/1캡슐),celecoxib
642002510,올라핀정5밀리그램(올란자핀)_(5mg/1정),olanzapine
57600120,에스오텍정20mg(에스오메프라졸마그네슘삼수화물)_(22.3mg/1정),esomeprazole
645406040,에소톤정40밀리그램(에스오메프라졸마그네슘이수화물)_(43.38mg/1정),esomeprazole
647805370,라베올듀오정20/500밀리그램_(1정),rabeprazole
646900090,듀로제식디트랜스패취12㎍/h(펜타닐)_(5.25㎠/1매),fentanyl
670606340,클로린정75밀리그램(클로피도그렐황산염)_(97.875mg/1정),clopidogrel bisulfate
53300330,탐스루신캡슐(탐스로신염산염)_(0.2mg/1캡슐),tamsulosin
642503760,플라비톨정(클로피도그렐황산수소염)_(97.875mg/1정),clopidogrel bisulfate
659901560,뉴프렐정(클로피도그렐황산수소염)_(97.875mg/1정),clopidogrel bisulfate
648104510,유로날서방정0.4밀리그램(탐스로신염산염)_(0.4mg/1정),tamsulosin
659900560,탐스타캡슐(탐스로신염산염)_(0.2mg/1캡슐),tamsulosin
73001260,타무스서방정0.2밀리그램(탐스로신염산염)_(0.2mg/1정),tamsulosin
670501300,클로빅스정(클로피도그렐황산수소염)_(97.875mg/1정),clopidogrel bisulfate
652606760,쎄로켈정300밀리그램(쿠에티아핀푸마르산염)_(0.34539g/1정),quetiapine
653004380,쿠에티정200밀리그램(쿠에티아핀푸마르산염)_(0.23026g/1정),quetiapine
651602620,한화토피라메이트정100밀리그램_(0.1g/1정),topiramate
670305080,이소트릴지속정30밀리그람(이소소르비드-5-모노니트레이트)_(33.35mg/1정),isosorbide mononitrate
684501220,라베탑정10mg(라베프라졸나트륨)_(10mg/1정),rabeprazole
698504610,에소미트정20/800밀리그램_(1정),esomeprazole
58801270,"란소앤정15/600밀리그램(란소프라졸,침강탄산칼슘)_(1정)",calcium
73001470,엑소움정20밀리그램(에스오메프라졸마그네슘이수화물)_(21.69mg/1정),esomeprazole
641606980,넥시어드정40밀리그램(에스오메프라졸마그네슘삼수화물)_(44.5mg/1정),esomeprazole
671704880,넥스페졸정20밀리그램(에스오메프라졸마그네슘이수화물)_(21.69mg/1정),esomeprazole
659901140,이마졸정20mg(에스오메프라졸마그네슘삼수화물)_(22.25mg/1정),esomeprazole
657306160,라베프리정20mg(라베프라졸나트륨)_(20mg/1정),rabeprazole
641601920,에어탈정(아세클로페낙)_(0.1g/1정),aceclofenac
649806240,명문펜타닐패취12㎍/h(펜타닐)_(5.25㎠/1매),fentanyl
53301210,탐스루신서방정0.2밀리그램(탐스로신염산염)_(0.2mg/1정),tamsulosin
650205810,에스오에스정20/800밀리그램_(1정),esomeprazole
653500671,액티라제주사50밀리그램(알-티피에이)_(50mg/1병),recombinant human tissue-type plasminogen activator
652105531,데피텔리오주200밀리그램(데피브로타이드)_(0.2g/2.5mL),defibrotide
644704520,큐덱시서방캡슐100밀리그램(토피라메이트)_(0.1g/1캡슐),topiramate
655604650,한시움정40mg(에스오메프라졸마그네슘이수화물)_(43.38mg/1정),esomeprazole
657808270,"파라메트듀오정10/700밀리그램(라베프라졸나트륨, 탄산수소나트륨)_(1정)",sodium bicarbonate
698003830,피엠에스둘록세틴캡슐60mg(둘록세틴염산염)_(67.3mg/1캡슐),duloxetine
75800020,벨록스캡정10밀리그램(펙수프라잔염산염)_(10mg/1정),fexuprazan
642001170,팍세틸씨알정(파록세틴염산염수화물)_(14.25mg/1정),paroxetine
642105680,에소피드정40/600밀리그램_(1정),calcium
643506630,낙소졸정500/20밀리그램_(1정),esomeprazole strontium tetrahydrate
644502290,에소원정40밀리그램(에스오메프라졸마그네슘삼수화물)_(44.5mg/1정),esomeprazole
645303320,카세핀정200밀리그램(쿠에티아핀푸마르산염)_(0.23026g/1정),quetiapine
660402640,보리라베정20mg(라베프라졸나트륨)_(20mg/1정),rabeprazole
653006240,파마에스오메프라졸정40밀리그램(에스오메프라졸마그네슘이수화물)_(43.38mg/1정),esomeprazole
649102250,판피록정40mg(판토프라졸나트륨세스키히드레이트)_(45.1mg/1정),pantoprazole
650102740,모노리툼플라스정15밀리그램(란소프라졸)_(15mg/1정),lansoprazole
690302680,탐스케어서방정0.4밀리그램(탐스로신염산염)_(0.4mg/1정),tamsulosin
652600610,러츠날캡슐(탐스로신염산염)_(0.2mg/1캡슐),tamsulosin
641806880,에리니토정5밀리그램(에베로리무스)_(5mg/1정),everolimus
643502810,한미탐스캡슐0.2밀리그램(탐스로신염산염)_(0.2mg/1캡슐),tamsulosin
653404530,타루날서방캡슐0.4밀리그램(탐스로신염산염)_(0.4mg/1캡슐),tamsulosin
651904840,클로픽정(클로피도그렐황산수소염)_(97.875mg/1정),clopidogrel bisulfate
60500720,메가록시신정150밀리그램(록시트로마이신)_(0.15g/1정),roxithromycin
652000170,로도질정_(1정),metronidazole
657203350,콤비로칸정5/16밀리그램_(1정),rosuvastatin
657805190,부스원정5mg(부스피론염산염)_(5mg/1정),buspirone
663608460,에스메졸듀오정20/800밀리그램_(1정),esomeprazole
670303830,코프라졸정20밀리그램(에스오메프라졸마그네슘이수화물)_(21.69mg/1정),esomeprazole
664601060,프레미나정0.3밀리그램(결합형에스트로겐)_(0.3mg/1정),estrogen
641804140,에이덱스정(아나스트로졸)_(1mg/1정),anastrozole
649103831,아이소펜시럽(덱시부프로펜)_(6g/500mL),dexibuprofen
696300120,란스톤엘에프디티정15밀리그램(란소프라졸)_(15mg/1정),lansoprazole
652903370,라베정10밀리그램(라베프라졸나트륨)_(10mg/1정),rabeprazole
656004080,넥시리움정20밀리그램(에스오메프라졸마그네슘이수화물)_(21.69mg/1정),esomeprazole
645906080,에소마크정40mg(에스오메프라졸마그네슘이수화물)_(43.38mg/1정),esomeprazole
644603490,클로도렐정75mg(클로피도그렐황산수소염)_(97.875mg/1정),clopidogrel bisulfate
650500243,염카루 주 3% (염화칼슘수화물)_(0.6g/20mL/앰플(P)),calcium
653005900,파마파록세틴정10밀리그램(파록세틴염산염수화물)_(11.4mg/1정),paroxetine
645301890,토피론정50밀리그램(토피라메이트)_(50mg/1정),topiramate
657807260,듀로스캡슐60밀리그램(둘록세틴염산염)_(67.3mg/1캡슐),duloxetine
660700980,레이프라정10밀리그램(라베프라졸나트륨)_(10mg/1정),rabeprazole
670303840,코프라졸정40밀리그램(에스오메프라졸마그네슘이수화물)_(43.38mg/1정),esomeprazole
642404700,영진플루옥세틴캡슐10밀리그램(플루옥세틴염산염)_(11.2mg/1캡슐),fluoxetine
657802960,황몰핀정(모르핀황산염수화물)_(15mg/1정),morphine
643303830,파로세닌정20밀리그램(파록세틴염산염수화물)_(22.88mg/1정),paroxetine
643606050,에소카정40/600밀리그램_(1정),esomeprazole
644915180,"라베칸듀오정10/700밀리그램(라베프라졸나트륨,탄산수소나트륨)_(1정)",sodium bicarbonate
642902290,토파메드정100밀리그램(토피라메이트)_(0.1g/1정),topiramate
648204410,유스메졸디알서방캡슐40밀리그램(에스오메프라졸마그네슘이수화물)_(43.38mg/1캡슐),esomeprazole
648902780,프리스틱서방정50밀리그램(데스벤라팍신숙신산염일수화물)_(75.87mg/1정),desvenlafaxine
645403420,필그렐정(클로피도그렐황산수소염)_(97.875mg/1정),clopidogrel bisulfate
670502130,데이탐스서방정0.2밀리그램(탐스로신염산염)_(0.2mg/1정),tamsulosin
652606950,러츠날서방정0.4밀리그램(탐스로신염산염)_(0.4mg/1정),tamsulosin
649404240,파비졸정10밀리그램(라베프라졸나트륨)_(10mg/1정),rabeprazole
651900710,명인염산부스피론정5밀리그람_(5mg/1정),buspirone
651903930,아토목신캡슐60mg(아토목세틴염산염)_(68.56mg/1캡슐),atomoxetine
651904080,밀타정15mg(미르타자핀)_(15mg/1정),mirtazapine
652101640,한독세로자트정20밀리그램(파록세틴염산염수화물)_(22.88mg/1정),paroxetine
665002480,넥소칸정40밀리그램(에스오메프라졸마그네슘이수화물)_(43.38mg/1정),esomeprazole
665600301,에이베리스점안액0.002%(오미데네팍이소프로필)_(0.05mg/2.5mL),omidenepag isopropyl
697100840,라베프란정20밀리그램(라베프라졸나트륨)_(20mg/1정),rabeprazole
53300580,넥사브이정20밀리그램(에스오메프라졸마그네슘삼수화물)_(22.25mg/1정),esomeprazole
657200990,폭세틴캡슐20밀리그램(플루옥세틴염산염)_(22.4mg/1캡슐),fluoxetine
643701060,란스터캡슐15밀리그람(란소프라졸)_(15mg/1캡슐),lansoprazole
645905630,동광둘록세틴캡슐60밀리그램(둘록세틴염산염)_(67.3mg/1캡슐),duloxetine
656701990,넬프라정20밀리그램(에스오메프라졸마그네슘이수화물)_(21.69mg/1정),esomeprazole
645208920,에소메라정20밀리그램(에스오메프라졸마그네슘이수화물)_(21.69mg/1정),esomeprazole
648103430,베프졸정10밀리그램(라베프라졸나트륨)_(10mg/1정),rabeprazole
654001940,하루신서방정0.2밀리그람(탐스로신염산염)_(0.2mg/1정),tamsulosin
652105490,메가로젯정10/20밀리그램_(1정),rosuvastatin
669700350,에스피씨라베정10mg(라베프라졸나트륨)_(10mg/1정),rabeprazole
697100880,라베프란정10밀리그램(라베프라졸나트륨)_(10mg/1정),rabeprazole
698400610,"라베하프정(라베프라졸,탄산수소나트륨)_(1정)",sodium bicarbonate
642707620,동화쿠에티아핀정12.5밀리그램(쿠에티아핀푸마르산염)_(14.39mg/1정),quetiapine
643100490,라베넥스정20밀리그램(라베프라졸나트륨)_(20mg/1정),rabeprazole
641803110,토피리드정25밀리그램(토피라메이트)_(25mg/1정),topiramate
645905840,에소마크캡슐20mg(에스오메프라졸마그네슘이수화물)_(21.68mg/1캡슐),esomeprazole
628900510,에소프라정40밀리그램(에스오메프라졸마그네슘이수화물)_(43.38mg/1정),esomeprazole
642901590,라비에트정20밀리그램(라베프라졸나트륨)_(20mg/1정),rabeprazole
648204420,유스메졸디알서방캡슐20밀리그램(에스오메프라졸마그네슘이수화물)_(21.7mg/1캡슐),esomeprazole
626900390,펜토라박칼정100마이크로그램(펜타닐시트르산염)_(0.157mg/1정),fentanyl
648604060,탐신서방캡슐0.4밀리그램(탐스로신염산염)_(0.4mg/1캡슐),tamsulosin
671704790,클로피딜정(클로피도그렐황산수소염)_(97.875mg/1정),clopidogrel bisulfate
664901250,탐스롤서방정(탐스로신염산염)_(0.2mg/1정),tamsulosin
656005120,알루날서방정0.4밀리그램(탐스로신염산염)_(0.4mg/1정),tamsulosin
693902540,셀트리온오메프라졸캡슐20밀리그램(오메프라졸)_(20mg/1캡슐),omeprazole
694003750,위캡정40밀리그램(펙수프라잔염산염)_(40mg/1정),fexuprazan
651902300,페로스핀정10밀리그램(메틸페니데이트염산염)_(10mg/1정),methylphenidate
640007890,케이캡구강붕해정25밀리그램(테고프라잔)_(25mg/1정),tegoprazan
642005360,데스프리서방정100밀리그램(데스벤라팍신숙신산염일수화물)_(0.15177g/1정),desvenlafaxine
642404990,"라베뉴정10/500밀리그램(라베프라졸나트륨,탄산수소나트륨)_(1정)",sodium bicarbonate
642802640,듀로프렉스캡슐60밀리그램(둘록세틴염산염)_(67.3mg/1캡슐),duloxetine
644102810,넥시알디정20밀리그램(에스오메프라졸마그네슘이수화물)_(21.69mg/1정),esomeprazole
646902300,토파맥스스프링클캡슐50밀리그램(토피라메이트)_(50mg/1캡슐),topiramate
646004070,에피움정20밀리그램(에스오메프라졸마그네슘이수화물)_(21.69mg/1정),esomeprazole
645302090,펩타졸정40밀리그람(판토프라졸나트륨세스키히드레이트)_(45.1mg/1정),pantoprazole
645304091,한림펜타닐주사(구연산펜타닐)_(1.57mg/20mL/병),fentanyl
646900100,듀로제식디트랜스패취25μg/h(펜타닐)_(10.5㎠/1매),fentanyl
649804431,명문구연산펜타닐주사_(78.5μg/1mL),fentanyl
645305180,펜타덤패취100㎍/h(펜타닐)_(20㎠/1매),fentanyl
670502110,데이탐스서방정0.4밀리그램(탐스로신염산염)_(0.4mg/1정),tamsulosin
679801900,크로피도정(클로피도그렐황산염)_(97.875mg/1정),clopidogrel bisulfate
658501700,오메타졸캡슐(오메프라졸)_(20mg/1캡슐),omeprazole
665600091,타플로탄점안액0.0015%(타플루프로스트)_(37.5μg/2.5mL),tafluprost
698504240,란소드캡슐30밀리그램(란소프라졸과립)_(30mg/1캡슐),lansoprazole
647801400,"스키드마이신정150mg(록시트로마이신)[수출명:세록스정(ceroxtab.150mg),로센트정(rocenttab.150mg)]_(0.15g/1정)",roxithromycin
655602450,한올록시트로마이신정(수출명:비드라프신정)_(0.15g/1정),roxithromycin
671801141,대원황산아트로핀주사액_(0.5mg/1mL),atropine
649404660,에스오정20밀리그램(에스오메프라졸마그네슘이수화물)_(21.69mg/1정),esomeprazole
644308520,탐스트로캡슐(탐스로신염산염)_(0.2mg/1캡슐),tamsulosin
647802310,탐스피드캡슐(탐스로신염산염)_(0.2mg/1캡슐),tamsulosin
650002970,티비케이정50밀리그램(돌루테그라비르나트륨)_(52.6mg/1정),dolutegravir
658106970,오메나정40밀리그램(에스오메프라졸마그네슘삼수화물)_(44.5mg/1정),esomeprazole
76100061,아이오피딘0.5%점안액(아프라클로니딘염산염)_(28.75mg/5mL),apraclonidine
652601690,알푸릭스엑스엘정10mg(알푸조신염산염)_(10mg/1정),alfuzosin
640007800,케이캡정25밀리그램(테고프라잔)_(25mg/1정),tegoprazan
640900300,로지드정(록시트로마이신)_(0.15g/1정),roxithromycin
645305640,리스달정1밀리그램(리스페리돈)_(1mg/1정),risperidone
643308210,써티로벨정0.5밀리그램(에베로리무스)_(0.5mg/1정),everolimus
641503110,플라엠정(클로피도그렐황산수소염)_(97.875mg/1정),clopidogrel bisulfate
651204130,란프톤캡슐15밀리그램(란소프라졸)_(15mg/1캡슐),lansoprazole
651900380,리스펜정1밀리그람(리스페리돈)_(1mg/1정),risperidone
651903900,아토목신캡슐18mg(아토목세틴염산염)_(20.57mg/1캡슐),atomoxetine
674400630,아세큐어정(아세클로페낙)_(0.1g/1정),aceclofenac
653103641,비씨모르핀황산염수화물주사1mg/mL(바이알)_(1mg/1mL),morphine
653102591,비씨모르핀황산염수화물주사15mg/ml_(30mg/2mL),morphine
58801220,란소앤정30/600밀리그램_(1정),calcium
644902890,시그마트정5밀리그램(니코란딜)_(5mg/1정),nicorandil
665002490,넥소칸정20밀리그램(에스오메프라졸마그네슘이수화물)_(21.69mg/1정),esomeprazole
653102391,비씨펜타닐시트르산염주사_(1.57mg/20mL/병),fentanyl
59000250,클로부스트정(클로피도그렐황산염)_(97.875mg/1정),clopidogrel bisulfate
649602450,판테졸정(판토프라졸나트륨세스키히드레이트)_(45.1mg/1정),pantoprazole
649807290,명문미르타오디정30밀리그램(미르타자핀)_(30mg/1정),mirtazapine
669805150,쎄레메드캡슐100mg(세레콕시브)_(0.1g/1캡슐),celecoxib
655404440,란소멜캡슐15밀리그램(란소프라졸과립)_(15mg/1캡슐),lansoprazole
657807890,"란사톤듀오정30/600밀리그램(란소프라졸, 침강탄산칼슘)_(1정)",calcium
684501800,에소엠피정20밀리그램(에스오메프라졸마그네슘삼수화물)_(22.3mg/1정),esomeprazole
685800150,푸로골서방캡슐120밀리그램(딜티아젬염산염)_(0.12g/1캡슐),diltiazem
696600950,라베린정10mg(라베프라졸나트륨)_(10mg/1정),rabeprazole
55800300,엔티오메정20밀리그램(에스오메프라졸마그네슘이수화물)_(21.69mg/1정),esomeprazole
622804630,에스엠듀오정20/800밀리그램_(1정),sodium bicarbonate
640903080,에소파졸캡슐40mg(에스오메프라졸마그네슘이수화물)_(43.36mg/1캡슐),esomeprazole
643703571,알파몬피점안액0.15%(브리모니딘타르타르산염)_(7.5mg/5mL),brimonidine
645100383,대한글루콘산칼슘주_(2g/20mL/앰플(PP)),calcium
689000600,뉴라베정10mg(라베프라졸나트륨)_(10mg/1정),rabeprazole
648104620,에소카보정40/600밀리그램_(1정),calcium
648902770,프리스틱서방정100밀리그램(데스벤라팍신숙신산염일수화물)_(0.15177g/1정),desvenlafaxine
648903790,보술리프정500밀리그램(보수티닙일수화물)_(0.51698g/1정),bosutinib
642902310,트롬빅스정(클로피도그렐황산염)_(97.875mg/1정),clopidogrel bisulfate
669805650,탐스로날서방정0.4밀리그램(탐스로신염산염)_(0.4mg/1정),tamsulosin
694000440,베아로신서방캡슐0.2밀리그램(탐스로신염산염)_(0.2mg/1캡슐),tamsulosin
657300530,"동구록시트로마이신정(수출명:OLID,ROXICINTablet,JELEXTHEMOMAX)_(0.15g/1정)",roxithromycin
649104320,토피맥스정100mg(토피라메이트)_(0.1g/1정),topiramate
646902380,토파맥스정25밀리그램(토피라메이트)_(25mg/1정),topiramate
658203320,비보존라베프라졸정10mg(라베프라졸나트륨)_(10mg/1정),rabeprazole
653404710,슬리세틴캡슐10밀리그램(플루옥세틴염산염)_(11.2mg/1캡슐),fluoxetine
649102140,유로작캡슐20mg(플루옥세틴염산염)_(22.4mg/1캡슐),fluoxetine
73001120,듀록틴캡슐60밀리그램(둘록세틴염산염)_(67.3mg/1캡슐),duloxetine
642307030,삼성쿠에티아핀정25밀리그램(쿠에티아핀푸마르산염)_(28.78mg/1정),quetiapine
644603130,라벤티드정20mg(라베프라졸나트륨)_(20mg/1정),rabeprazole
645208340,에이프로젠라베프라졸정20밀리그램(라베프라졸나트륨)_(20mg/1정),rabeprazole
669804761,구주펜타닐시트르산염주사(바이알)_(0.157mg/2mL),fentanyl
659901030,펜타듀르패취12ug/h(펜타닐)_(5㎠/1매),fentanyl
651205720,넥스졸듀오정20/800밀리그램_(1정),esomeprazole
652603470,나프라졸정_(1정),esomeprazole
662504440,데스베라서방정50밀리그램(데스벤라팍신벤조산염)_(73.185mg/1정),desvenlafaxine
665506430,뉴란소캡슐15밀리그램(란소프라졸)_(15mg/1캡슐),lansoprazole
693902610,판토라정20밀리그램(판토프라졸나트륨세스키히드레이트)_(22.55mg/1정),pantoprazole
620500020,옥시크로린정100밀리그램(히드록시클로로퀸황산염)_(0.1g/1정),hydroxychloroquine
642003090,멀타핀정15밀리그램(미르타자핀)_(15mg/1정),mirtazapine
642404190,영진멀타자핀정15밀리그램(미르타자핀)_(15mg/1정),mirtazapine
650203940,레토프라정10밀리그램(에스-판토프라졸나트륨삼수화물)_(11.98mg/1정),s-pantoprazole
648103720,에소프라졸정40밀리그램(에스오메프라졸마그네슘삼수화물)_(44.5mg/1정),esomeprazole
656204620,레프라졸정10밀리그램(라베프라졸나트륨)_(10mg/1정),rabeprazole
653103051,비씨펜타닐시트르산염주사_(2.355mg/30mL),fentanyl
669804771,구주펜타닐시트르산염주사(바이알)_(0.785mg/10mL),fentanyl
652903780,타임에스서방정0.2밀리그램(탐스로신염산염)_(0.2mg/1정),tamsulosin
653403050,둘세린캡슐60밀리그램(둘록세틴염산염)_(67.3mg/1캡슐),duloxetine
655401550,일성이틴서방정180밀리그람(베라파밀염산염)_(0.18g/1정),verapamil
660703680,에스라졸듀오정20/800밀리그램_(1정),sodium bicarbonate
664001562,"비아트리스이솝틴주5밀리그램_(베라파밀염산염, 5mg/2mL)",verapamil
694002900,쎄로타핀정300밀리그램(쿠에티아핀푸마르산염)_(0.34539g/1정),quetiapine
628901650,에큐민정25밀리그램(쿠에티아핀푸마르산염)_(28.78mg/1정),quetiapine
663600960,스로진정(록시트로마이신)_(0.15g/1정),roxithromycin
647804620,테노리드에프정(테노포비르디소프록실푸마르산염)_(0.3g/1정),tenofovir disoproxil
642802700,에소록센정_(1정),esomeprazole
643304530,뉴라벨정10mg(라베프라졸나트륨)_(10mg/1정),rabeprazole
658106470,라베폰정10밀리그램(라베프라졸나트륨)_(10mg/1정),rabeprazole
644604110,에프라민정20밀리그램(에스오메프라졸마그네슘이수화물)_(21.69mg/1정),esomeprazole
640903660,라베르정20밀리그램(라베프라졸나트륨)_(20mg/1정),rabeprazole
670101330,아스로펜정(아세클로페낙)_(0.1g/1정),aceclofenac
654004280,아나빅스정(클로피도그렐황산수소염)_(97.875mg/1정),clopidogrel bisulfate
657805350,란사톤캡슐15mg(란소프라졸과립)_(15mg/1캡슐),lansoprazole
660702920,세로아핀정100mg(쿠에티아핀푸마르산염)_(0.11513g/1정),quetiapine
625200830,라베프졸정20밀리그램(라베프라졸나트륨)_(20mg/1정),rabeprazole
644102770,라베로즈정20밀리그램(라베프라졸나트륨)_(20mg/1정),rabeprazole
645307150,프리넥사서방정25밀리그램(데스벤라팍신벤조산염)_(36.5925mg/1정),desvenlafaxine
626900430,펜토라박칼정800마이크로그램(펜타닐시트르산염)_(1.257mg/1정),fentanyl
628800240,피도겔정(클로피도그렐황산염)_(97.875mg/1정),clopidogrel bisulfate
643308330,써티로벨정0.25밀리그램(에베로리무스)_(0.25mg/1정),everolimus
651905180,파록스정10밀리그램(파록세틴염산염수화물)_(11.44mg/1정),paroxetine
643310040,종근당토피라메이트서방정25밀리그램_(25mg/1정),topiramate
653403060,둘세린캡슐30밀리그램(둘록세틴염산염)_(33.7mg/1캡슐),duloxetine
657808270,"파라메트듀오정10/700밀리그램(라베프라졸나트륨, 탄산수소나트륨)_(1정)",rabeprazole
664901920,파리엔정10밀리그램(라베프라졸나트륨)_(10mg/1정),rabeprazole
670501220,라바졸정20밀리그램(라베프라졸나트륨)_(20mg/1정),rabeprazole
658202930,오메플정20mg(에스오메프라졸마그네슘삼수화물)_(22.25mg/1정),esomeprazole
643508150,한미탐스오디정0.4밀리그램(탐스로신염산염)_(0.4mg/1정),tamsulosin
653600660,써티칸정1.0밀리그램(에베로리무스)_(1mg/1정),everolimus
52400630,클로메디정(클로피도그렐황산수소염)_(97.875mg/1정),clopidogrel bisulfate
649605650,탐수로신서방정0.4밀리그램(탐스로신염산염)_(0.4mg/1정),tamsulosin
651601970,넥스프라졸정20mg(에스오메프라졸마그네슘이수화물)_(21.69mg/1정),esomeprazole
642005230,현대플루옥세틴캡슐20밀리그램(플루옥세틴염산염)_(22.4mg/1캡슐),fluoxetine
694003700,에소비카정20/800밀리그램_(1정),sodium bicarbonate
698400570,라베콤비정_(1정),sodium bicarbonate
643202560,동성라베프라졸정10mg(라베프라졸나트륨)_(10mg/1정),rabeprazole
645306220,파로자트정10밀리그램(파록세틴염산염수화물)_(11.4mg/1정),paroxetine
642000780,액틱구강정400마이크로그램(구연산펜타닐)_(0.6284mg/1정),fentanyl
649800801,명문구연산펜타닐주사_(0.157mg/2mL/앰플),fentanyl
643308550,타무날서방정0.4밀리그램(탐스로신염산염)_(0.4mg/1정),tamsulosin
57600690,다나탐스서방캡슐0.4밀리그램(탐스로신염산염)_(0.4mg/1캡슐),tamsulosin
640904330,타무로신서방정0.4밀리그램(탐스로신염산염)_(0.4mg/1정),tamsulosin
652903820,네오메졸정20밀리그램(에스오메프라졸마그네슘이수화물)_(21.69mg/1정),esomeprazole
654302050,오메딘캡슐(오메프라졸)_(20mg/1캡슐),omeprazole
657203880,"라베모어정10/500밀리그램(라베프라졸나트륨,탄산수소나트륨)_(1정)",sodium bicarbonate
662505150,데스베라서방정25밀리그램(데스벤라팍신벤조산염)_(36.5925mg/1정),desvenlafaxine
655404320,록시멘틴정(록시트로마이신)_(0.15g/1정),roxithromycin
644704540,큐덱시서방캡슐25밀리그램(토피라메이트)_(25mg/1캡슐),topiramate
621803310,파비스라베프라졸정10밀리그램(라베프라졸나트륨)_(10mg/1정),rabeprazole
657802511,하나알펜타닐주사_(1mg/2mL),alfentanil
671706380,타미날서방캡슐0.4밀리그램(탐스로신염산염)_(0.4mg/1캡슐),tamsulosin
647302700,클로피렌정(클로피도그렐황산염)_(97.875mg/1정),clopidogrel bisulfate
73001490,라베건정20밀리그램(라베프라졸나트륨)_(20mg/1정),rabeprazole
642800360,란시드캡슐(란소프라졸)[수출명:란프라시드캡슐(LANPRACIDCapsule)]_(30mg/1캡슐),lansoprazole
642003350,현대란소프라졸캡슐15밀리그램(란소프라졸과립)_(15mg/1캡슐),lansoprazole
669800051,구주구연산펜타닐주사_(1.57mg/20mL),fentanyl
693201310,탐로스서방정0.2mg(탐스로신염산염)_(0.2mg/1정),tamsulosin
52402070,에이블탐스로신서방정0.2밀리그램(탐스로신염산염)_(0.2mg/1정),tamsulosin
674401100,탐스진서방정0.2밀리그램(탐스로신염산염)_(0.2mg/1정),tamsulosin
653007170,쿠에티정50밀리그램(쿠에티아핀푸마르산염)_(57.565mg/1정),quetiapine
670301150,이소트릴지속정60밀리그람(이소소르비드-5-모노니트레이트)_(60mg/1정),isosorbide mononitrate
621100201,티사브리주(나탈리주맙)_(0.3g/15mL),natalizumab
696300681,킨텔레스프리필드펜주(베돌리주맙)_(0.108g/0.68mL),vedolizumab
698004530,리페넥스정0.5밀리그램(리스페리돈)_(0.5mg/1정),risperidone
622802670,에스오피엠정20밀리그램(에스오메프라졸마그네슘이수화물)_(21.69mg/1정),esomeprazole
640004900,에이자트씨알정12.5밀리그램(파록세틴염산염수화물)_(14.25mg/1정),paroxetine
642405000,라베뉴정20/500밀리그램_(1정),sodium bicarbonate
642707190,"라베듀엣정10/500밀리그램(라베프라졸나트륨,탄산수소나트륨)_(1정)",rabeprazole
620500140,아다핀오스모서방정30밀리그램(니페디핀)_(33mg/1정),nifedipine
646902280,토파맥스스프링클캡슐25밀리그램(토피라메이트)_(25mg/1캡슐),topiramate
645403330,리소페린정1mg(리스페리돈)_(1mg/1정),risperidone
57001030,탐스케어서방정0.2밀리그램(탐스로신염산염)_(0.2mg/1정),tamsulosin
655602070,클로비드정(클로피도그렐베실산염)_(0.11186g/1정),clopidogrel
642308420,삼성탐스로신서방정0.4밀리그램(탐스로신염산염)_(0.4mg/1정),tamsulosin
643308570,타무날서방정0.2밀리그램(탐스로신염산염)_(0.2mg/1정),tamsulosin
649404250,파비졸정20밀리그램(라베프라졸나트륨)_(20mg/1정),rabeprazole
653006750,파마부스피론정5밀리그램(부스피론염산염)_(5mg/1정),buspirone
58200380,아토맥정25밀리그램(토피라메이트)_(25gm/1정),topiramate
654304710,빠리바정10밀리그램(라베프라졸나트륨)_(10mg/1정),rabeprazole
656005010,피아이졸정10밀리그램(라베프라졸나트륨)_(10mg/1정),rabeprazole
657807250,듀로스캡슐30밀리그램(둘록세틴염산염)_(33.7mg/1캡슐),duloxetine
657808260,"파라메트듀오정20/700밀리그램(라베프라졸나트륨, 탄산수소나트륨)_(1정)",sodium bicarbonate
670401360,라베라즈정10mg(라베프라졸나트륨)_(10mg/1정),rabeprazole
620500450,엘탄서방정60밀리그램(묽은이소소르비드일질산염)_(66.67mg/1정),isosorbide mononitrate
658501790,크레빅스정(클로피도그렐황산염)_(97.875mg/1정),clopidogrel bisulfate
670501210,라바졸정10밀리그램(라베프라졸나트륨)_(10mg/1정),rabeprazole
678601540,엑시다졸정40밀리그램(에스오메프라졸마그네슘삼수화물)_(44.5mg/1정),esomeprazole
657805630,록씨클정(록시트로마이신)_(0.15g/1정),roxithromycin
647805370,라베올듀오정20/500밀리그램_(1정),sodium bicarbonate
673400270,큐미날서방캡슐0.2밀리그램(탐스로신염산염)_(0.2mg/1캡슐),tamsulosin
671800940,대원클로피도그렐정(클로피도그렐황산염)_(97.875mg/1정),clopidogrel bisulfate
657203910,데팍신서방정25밀리그램(데스벤라팍신)_(25mg/1정),desvenlafaxine
670401150,라베라즈정20mg(라베프라졸나트륨)_(20mg/1정),rabeprazole
651904440,헬스피온서방정150mg(부프로피온염산염)_(0.15g/1정),bupropion
642404180,영진멀타자핀정30밀리그램(미르타자핀)_(30mg/1정),mirtazapine
657805360,토맥스정100밀리그램(토피라메이트)_(0.1g/1정),topiramate
652600700,맥스그렐정(클로피도그렐황산염)_(97.875mg/1정),clopidogrel bisulfate
679601300,클로리정(클로피도그렐황산수소염)_(97.875mg/1정),clopidogrel bisulfate
698502340,프라빅센정 (클로피도그렐황산염)_(97.875mg/1정),clopidogrel bisulfate
649105290,넥시듀오정20/800밀리그램_(1정),sodium bicarbonate
641803290,푸로렌캡슐(플루옥세틴염산염)_(22.4mg/1캡슐),fluoxetine
646204200,에소멜정20밀리그램(에스오메프라졸마그네슘이수화물)_(21.69mg/1정),esomeprazole
622801740,클피도엠정(클로피도그렐황산염)_(97.875mg/1정),clopidogrel bisulfate
657807340,하루탐서방정0.4밀리그램(탐스로신염산염)_(0.4mg/1정),tamsulosin
642901540,유로탐스서방정(탐스로신염산염)_(0.2mg/1정),tamsulosin
651900390,리스펜정2밀리그람(리스페리돈)_(2mg/1정),risperidone
645306230,파로자트정20밀리그램(파록세틴염산염수화물)_(22.8mg/1정),paroxetine
643303820,파로세닌정10밀리그램(파록세틴염산염수화물)_(11.44mg/1정),paroxetine
693201460,둘세틴캡슐30밀리그램(둘록세틴염산염)_(33.7mg/1캡슐),duloxetine
651903670,메디키넷리타드캡슐20mg(메틸페니데이트염산염)_(20mg/1캡슐),methylphenidate
640007070,듀록타캡슐60밀리그램(둘록세틴염산염)_(67.3mg/1캡슐),duloxetine
642003540,에이치프라졸정20밀리그램(에스오메프라졸마그네슘이수화물)_(21.69mg/1정),esomeprazole
643903400,엑소졸정20mg(에스오메프라졸마그네슘이수화물)_(21.69mg/1정),esomeprazole
641906720,에소가드정20밀리그램(에스오메프라졸마그네슘이수화물)_(21.69mg/1정),esomeprazole
645302783,한림펜타닐주사(펜타닐시트르산염)_(0.157mg/2mL/앰플(PP)),fentanyl
649803851,명문구연산펜타닐주사_(0.785mg/10mL/앰플),fentanyl
54800010,네오빅스정(클로피도그렐황산수소염)_(97.875mg/1정),clopidogrel bisulfate
640003590,탐로스타서방정0.2밀리그램(탐스로신염산염)_(0.2mg/1정),tamsulosin
649002330,리페돈정2밀리그램(리스페리돈)_(2mg/1정),risperidone
640007790,케이캡구강붕해정50밀리그램(테고프라잔)_(50mg/1정),tegoprazan
642802700,에소록센정_(1정),naproxen
643504520,스무디핀정200밀리그램(쿠에티아핀푸마르산염)_(0.23026g/1정),quetiapine
644309730,"라베미니정(라베프라졸,탄산수소나트륨)_(1정)",sodium bicarbonate
649502140,유니란소캡슐30밀리그램(란소프라졸)_(30mg/1캡슐),lansoprazole
640902620,타무로신캡슐(탐스로신염산염)_(0.2mg/1캡슐),tamsulosin
642102390,클로그렐정75밀리그램(클로피도그렐황산염)_(97.875mg/1정),clopidogrel bisulfate
670400720,휴니즈록시트로마이신정_(0.15g/1정),roxithromycin
654304720,빠리바정20밀리그램(라베프라졸나트륨)_(20mg/1정),rabeprazole
657200220,리페리돈정0.5밀리그램(리스페리돈)_(0.5mg/1정),risperidone
661605050,알피에소정40mg(에스오메프라졸마그네슘이수화물)_(43.38mg/1정),esomeprazole
693201670,에스시움정40밀리그램(에스오메프라졸마그네슘이수화물)_(43.38mg/1정),esomeprazole
645905850,에소마크캡슐40mg(에스오메프라졸마그네슘이수화물)_(43.36mg/1캡슐),esomeprazole
698004250,티피로신서방캡슐0.4밀리그램(탐스로신염산염)_(0.4mg/1캡슐),tamsulosin
649404670,에스오정40밀리그램(에스오메프라졸마그네슘이수화물)_(43.38mg/1정),esomeprazole
627600130,피엠에스토피라메이트정100밀리그램_(0.1g/1정),topiramate
648604260,에소프로정20/800밀리그램_(1정),esomeprazole
651905390,에스벤서방정25밀리그램(데스벤라팍신벤조산염)_(36.5925mg/1정),desvenlafaxine
657807890,"란사톤듀오정30/600밀리그램(란소프라졸, 침강탄산칼슘)_(1정)",lansoprazole
643700790,국제플루옥세틴캡슐(플루옥세틴염산염)_(22.4mg/1캡슐),fluoxetine
653802750,프라빅정(클로피도그렐황산염)_(97.875mg/1정),clopidogrel bisulfate
644914580,제이그렐정(클로피도그렐황산염)_(97.875mg/1정),clopidogrel bisulfate
651903970,드록틴캡슐30mg(둘록세틴염산염)_(0.1765g/1캡슐),duloxetine
654305120,이소졸정(에스오메프라졸마그네슘이수화물)_(21.69mg/1정),esomeprazole
657202530,환인아토목세틴캡슐60밀리그램(아토목세틴염산염)_(68.56mg/1캡슐),atomoxetine
641906210,라베맥스정20밀리그램(라베프라졸나트륨)_(20mg/1정),rabeprazole
649805091,명문구연산펜타닐주사_(0.785mg/10mL/병),fentanyl
652100130,다오닐정(글리벤클라미드)_(5mg/1정),glibenclamide
665507090,유니라베프정20밀리그램(라베프라졸나트륨)_(20mg/1정),rabeprazole
668903330,비모보정 500/20밀리그램_(1정),esomeprazole
698502810,넥스온정40mg (에스오메프라졸마그네슘이수화물)_(43.38mg/1정),esomeprazole
643703840,넥시프라정20밀리그램(에스오메프라졸마그네슘삼수화물)_(22.3mg/1정),esomeprazole
646902460,리스페달정3밀리그램(리스페리돈)_(3mg/1정),risperidone
645304790,펜타덤패취25μg/h(펜타닐)_(5㎠/1매),fentanyl
659901100,펜타칸설하정 400마이크로그램 (펜타닐시트르산염)_(0.63mg/1정),fentanyl
660702620,피도그린정75mg(클로피도그렐황산염)_(97.875mg/1정),clopidogrel bisulfate
643203040,동성탐스로신캡슐(탐스로신염산염)_(0.2mg/1캡슐),tamsulosin
649806680,에스프롤정40밀리그램(에스오메프라졸마그네슘이수화물)_(43.38mg/1정),esomeprazole
55100430,라베투정20밀리그램(라베프라졸나트륨)_(20mg/1정),rabeprazole
628901500,리옥틴캡슐10밀리그램(플루옥세틴염산염)_(11.2mg/1캡슐),fluoxetine
644913770,에소메칸정40밀리그램(에스오메프라졸마그네슘삼수화물)_(44.5mg/1정),esomeprazole
645306710,라베프탑정20/800밀리그램_(1정),sodium bicarbonate
645400120,도란사민캅셀(트라넥삼산)(수출명:트라민캅셀)_(0.25g/1캡슐),tranexamic acid
649502710,유니작정10밀리그람(염산플루옥세틴)_(11.2mg/1정),fluoxetine
642004610,토파린정100밀리그램(토피라메이트)_(0.1g/1정),topiramate
650304390,록시트로정(록시트로마이신)_(0.15g/1정),roxithromycin
641502590,라베라엠정20밀리그램(라베프라졸나트륨)_(20mg/1정),rabeprazole
657202790,클로피오정(클로피도그렐황산염)_(97.875mg/1정),clopidogrel bisulfate
625200240,아트크렐정(클로피도그렐황산염)_(97.875mg/1정),clopidogrel bisulfate
653500661,액티라제주사20밀리그램(알-티피에이)_(20mg/1병),recombinant human tissue-type plasminogen activator
622804630,에스엠듀오정20/800밀리그램_(1정),esomeprazole
641900961,보령나프실린나트륨주1g(나프실린나트륨)_(1.04g/1병),nafcillin
642000870,엘로톤정20밀리그램(이소소르비드일질산염)_(20mg/1정),isosorbide mononitrate
645304860,두셀라캡슐60밀리그램(둘록세틴염산염)_(67.3mg/1캡슐),duloxetine
669800043,구주구연산펜타닐주사_(0.785mg/10mL),fentanyl
628901720,탐로딘서방캡슐0.4밀리그램(탐스로신염산염)_(0.4mg/1캡슐),tamsulosin
650500951,트렌자민주500밀리그람(트라넥삼산)_(0.5g/5mL),tranexamic acid
645207400,파록센정(파록세틴염산염반수화물)_(22.88mg/1정),paroxetine
670800130,심발타캡슐60밀리그램(둘록세틴염산염)_(67.3mg/1캡슐),duloxetine
694003700,에소비카정20/800밀리그램_(1정),esomeprazole
642100250,레바넥스정200밀리그램(레바프라잔염산염)_(0.2g/1정),revaprazan
645304081,한림펜타닐주사(구연산펜타닐)_(0.785mg/10mL/병),fentanyl
643308220,써티로벨정1.0밀리그램(에베로리무스)_(1mg/1정),everolimus
622804230,탐술엠서방캡슐0.4밀리그램(탐스로신염산염)_(0.4mg/1캡슐),tamsulosin
650000920,웰부트린엑스엘정150밀리그램(부프로피온염산염)_(0.15g/1정),bupropion
73100150,레메론솔탭정15밀리그램(제피미르타자핀)_(15mg/1정),mirtazapine
620500030,옥시크로린정200밀리그램(히드록시클로로퀸황산염)_(0.2g/1정),hydroxychloroquine
642003110,멀타핀정7.5밀리그램(미르타자핀)_(7.5mg/1정),mirtazapine
642803310,엑소시움정20밀리그램(에스오메프라졸마그네슘삼수화물)_(22.25mg/1정),esomeprazole
644902101,중외3%염화칼슘주사액_(0.6g/20mL),calcium
648105180,"나소프라정500/20밀리그램(나프록센,에스오메프라졸)_(1정)",naproxen
671701510,타미날캡슐(탐스로신염산염)_(0.2mg/1캡슐),tamsulosin
649506440,듀로센캡슐60밀리그램(둘록세틴염산염)_(67.3mg/1캡슐),duloxetine
656000270,록시로신정(록시트로마이신)_(0.15g/1정),roxithromycin
651904110,밀타오디정15mg(미르타자핀)_(15mg/1정),mirtazapine
646902390,토파맥스정100밀리그램(토피라메이트)_(0.1g/1정),topiramate
657203560,데팍신서방정50밀리그램(데스벤라팍신)_(50mg/1정),desvenlafaxine
665600111,타플로탄-에스점안액0.0015%(타플루프로스트)_(4.5μg/0.3mL),tafluprost
670105230,에소맥스듀오정20/800밀리그램_(1정),sodium bicarbonate
53600370,뉴에스오프라정40밀리그램(에스오메프라졸마그네슘삼수화물)_(44.5mg/1정),esomeprazole
642405230,영진부스피론정10밀리그램(부스피론염산염)_(10mg/1정),buspirone
645303330,카세핀정25밀리그램(쿠에티아핀푸마르산염)_(28.78mg/1정),quetiapine
693902080,탐솔캡슐(탐스로신염산염)_(0.2mg/1캡슐),tamsulosin
648500070,네오로신캡슐(탐스로신염산염)_(0.2mg/1캡슐),tamsulosin
653006900,파마독세핀정6밀리그램(독세핀염산염)_(6.78mg/1정),doxepin
651902140,토파메이트정25밀리그람(토피라메이트)_(25mg/1정),topiramate
658106480,라베폰정20밀리그램(라베프라졸나트륨)_(20mg/1정),rabeprazole
668000110,브린텔릭스정10밀리그램(보티옥세틴브롬화수소산염)_(12.71mg/1정),vortioxetine
670401160,에프라졸정20mg(에스오메프라졸마그네슘이수화물)_(21.69mg/1정),esomeprazole
645101113,대한아트로핀황산염주사액_(0.5mg/1mL),atropine
52700100,클빅스정75밀리그램(클로피도그렐황산염)_(97.875mg/1정),clopidogrel bisulfate
641805920,프로빅트정(클로피도그렐황산염)_(97.875mg/1정),clopidogrel bisulfate
653601530,아피니토정10밀리그램(에베로리무스)_(10mg/1정),everolimus
653007040,파마멀타자핀정30밀리그램(미르타자핀)_(30mg/1정),mirtazapine
661901080,영풍부스피론정10밀리그램(부스피론염산염)_(10mg/1정),buspirone
641901280,보령부스파정5밀리그램(부스피론염산염)_(5mg/1정),buspirone
643308621,알파벨라점안액(브리모니딘타르타르산염)(1회용)_(0.45mg/0.3mL),brimonidine
643903410,엑소졸정40mg(에스오메프라졸마그네슘이수화물)_(43.38mg/1정),esomeprazole
648506700,익스트림정20밀리그램(판토프라졸나트륨세스키히드레이트)_(22.55mg/1정),pantoprazole
645102991,"대한펜타닐주사액_(펜타닐시트르산염, 0.5mg/10mL)",fentanyl
674900561,팩펜트나잘스프레이400마이크로그램(펜타닐시트르산염)_(3.2mg/8회),fentanyl
647303960,씨트로신서방정0.4밀리그램(탐스로신염산염)_(0.4mg/1정),tamsulosin
650205810,에스오에스정20/800밀리그램_(1정),sodium bicarbonate
652000170,로도질정_(1정),spiramycin
653006980,파마데스벤라팍신서방정50밀리그램(데스벤라팍신숙신산염일수화물)_(75.885mg/1정),desvenlafaxine
670103570,라벨라정20mg(라베프라졸나트륨)_(20mg/1정),rabeprazole
622802390,두울세틴캡슐30밀리그램(둘록세틴염산염)_(33.7mg/1캡슐),duloxetine
654000250,록미신정(록시트로마이신)[수출명:로신정(록시트로마이신)]_(0.15g/1정),roxithromycin
645301880,토피론정25밀리그램(토피라메이트)_(25mg/1정),topiramate
645304830,펜타덤패취50μg/h(펜타닐)_(10㎠/1매),fentanyl
657202190,판토스탁정20밀리그램(판토프라졸나트륨세스키히드레이트)_(22.55mg/1정),pantoprazole
657203750,미르젠탁오디정7.5밀리그램(미르타자핀)_(7.5mg/1정),mirtazapine
628800450,록스트정(록시트로마이신)_(0.15g/1정),roxithromycin
653103320,나르코설하정100마이크로그램(펜타닐시트르산염)_(0.1571mg/1정),fentanyl
656005100,알루날서방캡슐0.4밀리그램(탐스로신염산염)_(0.4mg/1캡슐),tamsulosin
644206420,가나플럭스정20/1100밀리그램_(1정),omeprazole
59600140,이소메정20밀리그램(에스오메프라졸마그네슘이수화물)_(21.69mg/1정),esomeprazole
665600131,타프콤점안액_(2.5mL),tafluprost
670800120,심발타캡슐30밀리그램(둘록세틴염산염)_(33.7mg/1캡슐),duloxetine
73100320,레메론정15밀리그램(미르타자핀)_(15mg/1정),mirtazapine
641805400,란가톤캡슐15밀리그램(란소프라졸)_(15mg/1캡슐),lansoprazole
643508500,에소메졸플러스정20/350밀리그램_(1정),esomeprazole
643502960,토피라정100밀리그램(토피라메이트)_(0.1g/1정),topiramate
642401450,클로델정75밀리그램(클로피도그렐황산수소염)_(97.875mg/1정),clopidogrel bisulfate
642404820,탐로신서방정0.4밀리그램(탐스로신염산염)_(0.4mg/1정),tamsulosin
658600180,네오베트정20mg(라베프라졸나트륨)_(20mg/1정),rabeprazole
693201470,둘세틴캡슐60밀리그램(둘록세틴염산염)_(67.3mg/1캡슐),duloxetine
643606040,에소카정20/600밀리그램_(1정),calcium
674900551,팩펜트나잘스프레이100마이크로그램(펜타닐시트르산염)_(0.8mg/8회),fentanyl
649805131,명문구연산펜타닐주사_(0.157mg/2mL/병),fentanyl
658502130,탐스로진서방정0.2밀리그램(탐스로신염산염)_(0.2mg/1정),tamsulosin
651904930,에스벤서방정50밀리그램(데스벤라팍신벤조산염)_(73.185mg/1정),desvenlafaxine
643502970,토피라정25밀리그램(토피라메이트)_(25mg/1정),topiramate
620500210,이소켓서방캡슐120밀리그램(묽은이소소르비드이질산염)_(0.3g/1캡슐),isosorbide dinitrate
623005910,플루옥캡슐20밀리그램(플루옥세틴염산염)_(22.4mg/1캡슐),fluoxetine
642802690,듀로프렉스캡슐30밀리그램(둘록세틴염산염)_(33.7mg/1캡슐),duloxetine
644704260,나프메드정500/20밀리그램_(1정),esomeprazole
57600210,다나탐스서방캡슐0.2mg(탐스로신염산염)_(0.2mg/1캡슐),tamsulosin
653003970,프레토정(클로피도그렐황산염)_(97.875mg/1정),clopidogrel bisulfate
648504210,하이빅스정(클로피도그렐황산수소염)_(97.875mg/1정),clopidogrel bisulfate
657200790,토피라트정25밀리그램(토피라메이트)_(25mg/1정),topiramate
697100460,란스탑캡슐30밀리그램(란소프라졸과립)_(30mg/1캡슐),lansoprazole
58200060,엠디에소파크정20밀리그램(에스오메프라졸마그네슘이수화물)_(21.69mg/1정),esomeprazole
621802300,파비클렌정(클로피도그렐황산염)_(97.875mg/1정),clopidogrel bisulfate
658107520,탐시로서방캡슐0.2밀리그램(탐스로신염산염)_(0.2mg/1캡슐),tamsulosin
651904430,명세핀정6밀리그램(독세핀염산염)_(6.78mg/1정),doxepin
661901070,영풍부스피론정5밀리그램(부스피론염산염)_(5mg/1정),buspirone
655604640,한시움정20mg(에스오메프라졸마그네슘이수화물)_(21.69mg/1정),esomeprazole
693200940,글로피도그렐정(클로피도그렐황산염)_(97.875mg/1정),clopidogrel bisulfate
642306540,클로젝스정(클로피도그렐황산수소염)_(97.875mg/1정),clopidogrel bisulfate
670301760,탐스로캡슐0.2밀리그램(탐스로신염산염)(수출명:코오롱탐스로캡슐0.2밀리그램)_(0.2mg/1캡슐),tamsulosin
643304110,프리그렐정(클로피도그렐레지네이트)_(0.15g/1정),clopidogrel resinate
650000930,웰부트린엑스엘정300밀리그램(부프로피온염산염)_(0.3g/1정),bupropion
653404050,피트메이트정(토피라메이트)_(25mg/1정),topiramate
659901090,펜타칸설하정 267마이크로그램(펜타닐시트르산염)_(0.42mg/1정),fentanyl
59000790,프로탐스서방캡슐0.2밀리그램(탐스로신염산염)_(0.2mg/1캡슐),tamsulosin
657203140,환인부스피론정5밀리그램(부스피론염산염)_(5mg/1정),buspirone
668100030,미르탁스정30밀리그램(미르타자핀)_(30mg/1정),mirtazapine
674400560,라프리졸정10mg(라베프라졸나트륨)_(10mg/1정),rabeprazole
646003840,듀세타캡슐30밀리그램(둘록세틴염산염)_(33.7mg/1캡슐),duloxetine
651904940,에스벤서방정100밀리그램(데스벤라팍신벤조산염)_(0.14637g/1정),desvenlafaxine
674400800,에스프리졸정20밀리그램(에스오메프라졸마그네슘이수화물)_(21.69mg/1정),esomeprazole
693903210,탐솔서방정0.4밀리그램(탐스로신염산염)_(0.4mg/1정),tamsulosin
665001280,토프라졸정20밀리그램(판토프라졸나트륨세스키히드레이트)_(22.6mg/1정),pantoprazole
653100391,비씨펜타닐시트르산염주사_(0.157mg/2mL/앰플),fentanyl
669604590,아이클로정(클로피도그렐황산수소염)_(97.875mg/1정),clopidogrel bisulfate
651903960,드록틴캡슐60mg(둘록세틴염산염)_(67.3mg/1캡슐),duloxetine
671704120,니코란정(니코란딜)_(5mg/1정),nicorandil
694004330,"라베비카정20/700밀리그램(라베프라졸나트륨,탄산수소나트륨)_(1정)",rabeprazole
662504480,탐피론서방캡슐0.4밀리그램(탐스로신염산염)_(0.4mg/1캡슐),tamsulosin
628901360,탐로딘서방캡슐0.2mg(탐스로신염산염)_(0.2mg/캡슐),tamsulosin
653006940,파마데스벤라팍신서방정100밀리그램(데스벤라팍신숙신산염일수화물)_(0.15177g/1정),desvenlafaxine
657204360,환인아토목세틴정40밀리그램(아토목세틴염산염)_(45.71mg/1정),atomoxetine
641901270,보령부스파정10밀리그램(부스피론염산염)_(10mg/1정),buspirone
642901600,"일동록시트로마이신정(수출명:록손정,일록손정,일록솜정)_(0.15g/1정)",roxithromycin
640002760,후라시닐정(메트로니다졸)_(0.25g/1정),metronidazole
645301900,토피론정100밀리그램(토피라메이트)_(0.1g/1정),topiramate
649806561,판토시드주사(판토프라졸나트륨세스키히드레이트)_(45.1mg/1병),pantoprazole
55100670,에스오메투정20밀리그램(에스오메프라졸마그네슘이수화물)_(21.69mg/1정),esomeprazole
643903950,미르탁스정15mg(미르타자핀)_(15mg/1정),mirtazapine
665001900,경보라베프라졸정10mg(라베프라졸나트륨)_(10mg/1정),rabeprazole
657803211,하나구연산펜타닐주사_(78.5μg/1mL/앰플),fentanyl
661905510,탐스서방정0.4밀리그램(탐스로신염산염)_(0.4mg/1정),tamsulosin
653600501,산도스타틴라르주사20밀리그램(옥트레오티드아세트산염)_(22.4mg/1병),octreotide
657204110,환인쿠에타핀서방정300밀리그램(쿠에티아핀푸마르산염)_(0.34538g/1정),quetiapine
643506630,낙소졸정500/20밀리그램_(1정),naproxen
648501250,베라졸정20밀리그램(라베프라졸나트륨)_(20mg/1정),rabeprazole
54800940,탐스렌서방캡슐0.4밀리그램(탐스로신염산염)_(0.4mg/1캡슐),tamsulosin
641602350,클로아트정(클로피도그렐황산염)_(97.875mg/1정),clopidogrel bisulfate
650500941,트렌자민주250밀리그람(트라넥삼산)_(0.25g/5mL),tranexamic acid
659900170,유로시트라케이10mEq서방정(구연산칼륨)_(1.08g/1정),potassium
628901490,부포닌정10밀리그램(부스피론염산염)_(10mg/1정),buspirone
643306780,오엠피에스정20밀리그램(에스오메프라졸마그네슘이수화물)_(21.69mg/1정),esomeprazole
645304870,두셀라캡슐30밀리그램(둘록세틴염산염)_(33.7mg/1캡슐),duloxetine
649503080,유니토파정(토피라메이트)_(0.1g/1정),topiramate
645306330,프리넥사서방정100밀리그램(데스벤라팍신벤조산염)_(0.14637g/1정),desvenlafaxine
640006550,켑베이서방정0.1밀리그램(클로니딘염산염)_(0.1mg/1정),clonidine
643302290,이스모정(5-일질산이소소르비드)_(20mg/1정),isosorbide mononitrate
651903910,아토목신캡슐25mg(아토목세틴염산염)_(28.57mg/1캡슐),atomoxetine
642201100,부스론정5밀리그램(부스피론염산염)_(5mg/1정),buspirone
622801850,토파원정100밀리그램(토피라메이트)_(0.1g/1정),topiramate
647804020,네메올정40밀리그램(에스오메프라졸마그네슘이수화물)_(43.38mg/1정),esomeprazole
669906360,타로신서방정0.2밀리그램(탐스로신염산염)_(0.2mg/1정),tamsulosin
674402200,탐스진서방정0.4밀리그램(탐스로신염산염)_(0.4mg/1정),tamsulosin
655401591,일성이틴주사(베라파밀염산염)_(5mg/2mL),verapamil
642203410,클로피드정(클로피도그렐황산염)_(97.875mg/1정),clopidogrel bisulfate
657203510,미르젠탁정7.5밀리그램(미르타자핀)_(7.5mg/1정),mirtazapine
620500050,몰시톤정4밀리그램(몰시도민)_(4mg/1정),molsidomin
620500270,옥시크로린정400밀리그램(히드록시클로로퀸황산염)_(0.4g/1정),hydroxychloroquine
642003400,투발타캡슐30밀리그램(둘록세틴염산염)_(33.7mg/1캡슐),duloxetine
690301860,팜스로신서방캡슐0.2mg(탐스로신염산염)_(0.2mg/1캡슐),tamsulosin
649606531,브리모점안액(브리모니딘타르타르산염)_(9mg/6mL),brimonidine
653006890,파마독세핀정3밀리그램(독세핀염산염)_(3.39mg/1정),doxepin
657202500,환인아토목세틴캡슐18밀리그램(아토목세틴염산염)_(20.57mg/1캡슐),atomoxetine
651904360,밀타오디정7.5mg(미르타자핀)_(7.5mg/1정),mirtazapine
656003780,부스포론정5mg(부스피론염산염)_(5mg/1정),buspirone
628900330,둘로틴캡슐30밀리그램(둘록세틴염산염)_(33.7mg/1캡슐),duloxetine
642800370,란시드캡슐15밀리그램(란소프라졸)_(15mg/1캡슐),lansoprazole
653006760,파마부스피론정10밀리그램(부스피론염산염)_(10mg/1정),buspirone
652900890,플라벨정(클로피도그렐황산염)_(97.875mg/1정),clopidogrel bisulfate
670104040,우리빅스정(클로피도그렐황산염)_(97.875mg/1정),clopidogrel bisulfate
646005320,에피움듀오정20/800밀리그램_(1정),esomeprazole
650303220,에스졸정20밀리그램(에스오메프라졸마그네슘삼수화물)_(22.3mg/1정),esomeprazole
625200300,유로신서방정0.2밀리그램(탐스로신염산염)_(0.2mg/1정),tamsulosin
651903860,아토목신캡슐40밀리그램(아토목세틴염산염)_(45.71mg/1캡슐),atomoxetine
662504450,데스베라서방정100밀리그램(데스벤라팍신벤조산염)_(0.14637g/1정),desvenlafaxine
644301270,바딜정(니코란딜)_(5mg/1정),nicorandil
669501920,유린스타서방정(탐스로신염산염)_(0.2mg/1정),tamsulosin
650304270,에스졸듀오정20/800밀리그램_(1정),sodium bicarbonate
651904420,명세핀정3밀리그램(독세핀염산염)_(3.39mg/1정),doxepin
641806740,에리니토정10mg(에베로리무스)_(10mg/1정),everolimus
649404650,부스핀정5mg(부스피론염산염)_(5mg/1정),buspirone
653007030,파마멀타자핀정7.5밀리그램(미르타자핀)_(7.5mg/1정),mirtazapine
696300351,킨텔레스주(베돌리주맙)_(0.3g/1병),vedolizumab
642003100,멀타핀정30밀리그램(미르타자핀)_(30mg/1정),mirtazapine
641605791,인스타닐나잘스프레이200마이크로그램(펜타닐시트르산염)_(2mg/10회),fentanyl
654702150,탐스에이블서방정0.4밀리그램(탐스로신염산염)_(0.4mg/1정),tamsulosin
643504100,니코피온서방정150밀리그램(부프로피온염산염)_(0.15g/1정),bupropion
624900511,알파간피점안액0.15%(브리모니딘타르타르산염)_(7.5mg/5mL),brimonidine
649506930,듀로센캡슐30밀리그램(둘록세틴염산염)_(33.7mg/1캡슐),duloxetine
650500883,제일아트로핀황산염주사액_(0.5mg/1mL),atropine
622804180,라베엠정20mg(라베프라졸나트륨)_(20mg/1정),rabeprazole
73001110,듀록틴캡슐30밀리그램(둘록세틴염산염)_(33.7mg/1캡슐),duloxetine
646003830,듀세타캡슐60밀리그램(둘록세틴염산염)_(67.3mg/1캡슐),duloxetine
657202510,환인아토목세틴캡슐25밀리그램(아토목세틴염산염)_(28.57mg/1캡슐),atomoxetine
51600281,테라플루콜드앤코프데이타임건조시럽_(1포),acetaminophen
51700101,톡코프산_(1포),dl-methylephedrine
52401970,토르티정10밀리그램(타다라필)_(10mg/1정),tadalafil
52401980,토르티정5밀리그램(타다라필)_(5mg/1정),tadalafil
52402170,아이메트정50/1000밀리그램_(1정),metformin
52701410,아미브정10/40밀리그램_(1정),ezetimibe
53301180,유로빅정20밀리그램(타다라필)_(20mg/1정),tadalafil
53601650,안국뉴팜리바록사반정15밀리그램_(15mg/1정),rivaroxaban
55101870,옵티노즈연질캡슐_(1캡슐),dl-methylephedrine
55101870,옵티노즈연질캡슐_(1캡슐),acetaminophen
55101940,코프패스연질캡슐_(1캡슐),guaifenesin
55101940,코프패스연질캡슐_(1캡슐),dextromethorphan
55101970,킥코프에프연질캡슐_(1캡슐),guaifenesin
55102040,콜민콜드연질캡슐_(1캡슐),dextromethorphan
55102120,펜싹코프연질캡슐_(1캡슐),guaifenesin
55102140,펜싹콜연질캡슐_(1캡슐),dextromethorphan
55102460,테라콜드연질캡슐_(1캡슐),dextromethorphan
55102690,토탈플루연질캡슐_(1캡슐),acetaminophen
55102700,토탈코프플루연질캡슐 _(1캡슐),dl-methylephedrine
55102700,토탈코프플루연질캡슐 _(1캡슐),dextromethorphan
55102750,콜록코프연질캡슐_(1캡슐),guaifenesin
55102760,이참에콜드연질캡슐_(1정),dl-methylephedrine
55102780,이참에코프연질캡슐_(1캡슐),guaifenesin
55102780,이참에코프연질캡슐_(1캡슐),dextromethorphan
55102780,이참에코프연질캡슐_(1캡슐),triprolidine
55102800,킥코프에스연질캡슐_(1캡슐),guaifenesin
55102810,킥콜드에스연질캡슐_(1캡슐),pseudoephedrine
55102900,팜플루코프플러스연질캡슐_(1캡슐),dextromethorphan
55102900,팜플루코프플러스연질캡슐_(1캡슐),noscapine
55102900,팜플루코프플러스연질캡슐_(1캡슐),triprolidine
55102910,팜플루콜드플러스연질캡슐_(1캡슐),guaifenesin
55102910,팜플루콜드플러스연질캡슐_(1캡슐),dextromethorphan
55102910,팜플루콜드플러스연질캡슐_(1캡슐),acetaminophen
57000720,윕스정5밀리그램(타다라필)_(5mg/1정),tadalafil
57001840,본디펜드연질캡슐(알파칼시돌)_(0.5μg/1캡슐),alfacalcidol
72400240,와이투아토로정10밀리그램(아토르바스타틴칼슘삼수화물)_(10.845mg/1정),atorvastatin
72400250,와이투아토로정20밀리그램(아토르바스타틴칼슘삼수화물)_(21.69mg/1정),atorvastatin
73200110,엔디코프캡슐_(1캡슐),guaifenesin
78900021,오소플루콜드산_(1포),dl-methylephedrine
78900021,오소플루콜드산_(1포),chlorpheniramine
621800190,에치탑캡슐_(1캡슐),potassium guaiacolsulfonate
621804390,자누시틴엠정50/1000밀리그램_(1정),sitagliptin
621804400,자누시틴엠정50/850밀리그램_(1정),metformin
621804400,자누시틴엠정50/850밀리그램_(1정),sitagliptin
621804410,자누시틴엠정50/500밀리그램_(1정),metformin
621804410,자누시틴엠정50/500밀리그램_(1정),sitagliptin
622600090,센트립구강용해필름20mg(타다라필)_(20mg/1장),tadalafil
623004980,네오콜코프캡슐_(1캡슐),powdered platycodon root
623006870,이노콜에프정_(1정),ephedrine
625501331,에프쿨시럽_(20mL),dl-methylephedrine
625801370,메디콜캡슐_(1캡슐),acetaminophen
625801380,메디코프캡슐_(1캡슐),guaifenesin
625801380,메디코프캡슐_(1캡슐),pseudoephedrine
625801400,브이콜에이치캡슐_(1캡슐),pseudoephedrine
625801400,브이콜에이치캡슐_(1캡슐),acetaminophen
625801410,브이코프에이치캡슐_(1캡슐),dl-methylephedrine
626500251,멕시롱액(돔페리돈)_(10mg/75mL),domperidone
626500901,챔프이부펜시럽(이부프로펜)_(0.1g/5mL),ibuprofen
626501680,판텍큐플러스연질캡슐_(1캡슐),dextromethorphan
626501680,판텍큐플러스연질캡슐_(1캡슐),acetaminophen
626501690,판텍큐노즈플러스연질캡슐_(1캡슐),pseudoephedrine
626501700,판텍큐코프플러스연질캡슐_(1캡슐),dextromethorphan
626502050,이브400원큐에스연질캡슐(이부프로펜)_(0.4g/1캡슐),ibuprofen
626502211,판텍타임건조시럽_(1포),diphenhydramine
626502211,판텍타임건조시럽_(1포),ascorbic acid
626502221,판피린타임나이트플루건조시럽_(1포),ascorbic acid
626502331,판텍타임데이플루건조시럽_(1포),dextromethorphan
626502331,판텍타임데이플루건조시럽_(1포),pseudoephedrine
640903030,시알라필정20mg(타다라필)_(20mg/1정),tadalafil
641500824,콜맥에스시럽_(100mL),dl-methylephedrine
641501121,코푸앤콜드릴리프어덜트디엠시럽_(120mL),dextromethorphan
641602950,씨콜드플러스정_(1정),chlorpheniramine
641602950,씨콜드플러스정_(1정),riboflavin
641602960,씨콜드플러스코프정_(1정),thiamine
641602960,씨콜드플러스코프정_(1정),ascorbic acid
641606050,타오르구강붕해필름20밀리그램(타다라필)_(20mg/1장),tadalafil
641702281,크리맥액(돔페리돈)_(10mg/75mL),domperidone
641702520,프리넥캡슐_(1캡슐),potassium guaiacolsulfonate
641704921,옥시코잘액(옥시메타졸린염산염)_(15mg/30mL),oxymetazoline
641705811,아스마에프시럽_(100mL),chlorpheniramine
641802581,이리테신주(이리노테칸염산염)_(0.15g/7.5mL),irinotecan
641805831,키즈앤펜시럽(이부프로펜)_(0.1g/5mL),ibuprofen
641807020,리넬로정10밀리그램(리바록사반)_(10mg/1정),rivaroxaban
641807030,리넬로정15밀리그램(리바록사반)_(15mg/1정),rivaroxaban
641807141,이부케이주(이부프로펜)_(0.4g/100mL),ibuprofen
641807240,알렌시캡슐75밀리그램(팔보시클립)_(75mg/1캡슐),palbociclib
641807250,알렌시캡슐100밀리그램(팔보시클립)_(0.1g/1캡슐),palbociclib
641807260,알렌시캡슐125밀리그램(팔보시클립)_(0.125g/1캡슐),palbociclib
642000620,시노코프캡슐_(1캡슐),diphenhydramine
642003751,"시노카자일로나잘스프레이액0.1%(자일로메타졸린염산염)(무향,멘톨향)_(18mg/18mL)",xylometazoline
642102291,코푸시럽에스_(500mL),ammonium
642102310,코푸정에스_(1정),dl-methylephedrine
642102310,코푸정에스_(1정),ammonium
642104260,래피콜데이앤나잇연질캡슐_(1캡슐),dextromethorphan
642104260,래피콜데이앤나잇연질캡슐_(1캡슐),phenylephrine
642105410,래피콜코프플러스연질캡슐_(1캡슐),chlorpheniramine
642105890,래피콜콜드연질캡슐_(1캡슐),dextromethorphan
642105890,래피콜콜드연질캡슐_(1캡슐),pseudoephedrine
642106060,아토르바정5밀리그램(아토르바스타틴칼슘삼수화물)_(5.425mg/1정),atorvastatin
642203521,코리투살에프코프시럽_(100mL),guaifenesin
642203521,코리투살에프코프시럽_(100mL),dextromethorphan
642203552,코리투살에프콜드시럽_(100mL),acetaminophen
642203760,코리투살에스코프연질캡슐_(1캡슐),dl-methylephedrine
642203760,코리투살에스코프연질캡슐_(1캡슐),acetaminophen
642203760,코리투살에스코프연질캡슐_(1캡슐),guaifenesin
642204680,타세놀콜드캡슐_(1캡술),chlorpheniramine
642800940,아스노캅셀_(1캡슐),noscapine
642800940,아스노캅셀_(1캡슐),methylephedrine
642802580,하벤코프큐연질캡슐_(1캡슐),dl-methylephedrine
642802590,하벤큐연질캡슐_(1캡슐),chlorpheniramine
642803490,하벤허브골드캡슐_(1캡슐),acetaminophen
642803490,하벤허브골드캡슐_(1캡슐),platycodon root 50% ethanol dried extract
642803490,하벤허브골드캡슐_(1캡슐),guaifenesin
642905410,토네이드정10밀리그램(타다라필)_(10mg/1정),tadalafil
642905420,토네이드정5밀리그램(타다라필)_(5mg/1정),tadalafil
642906650,자렐리반정2.5밀리그램(리바록사반)_(2.5mg/1정),rivaroxaban
643203541,디펜콜콜드시럽_(20mL/1포),dextromethorphan
643203551,디펜콜코프시럽_(20mL/1포),caffeine
643300791,모드코프시럽_(100mL),guaifenesin
643300821,모드콜시럽_(100mL),dl-methylephedrine
643306300,모드코프에스연질캡슐_(1캡슐),guaifenesin
643306300,모드코프에스연질캡슐_(1캡슐),acetaminophen
643307000,센돔정20밀리그램(타다라필)_(20mg/1정),tadalafil
643308720,종근당토파시티닙정5밀리그램_(5mg/1정),tofacitinib
643502490,코푸스탑플러스연질캡슐_(1캡슐),guaifenesin
643506230,팔팔츄정100밀리그램(실데나필)_(0.1g/1정),sildenafil
643507050,구구정10밀리그램(타다라필)_(10mg/1정),tadalafil
643508990,맥시부펜콜드연질캡슐_(1캡슐),guaifenesin
643509000,맥시부펜코프연질캡슐_(1캡슐),dextromethorphan
643600181,그린콜샷에스시럽_(100mL),dextromethorphan
643600183,그린콜샷에스시럽_(90mL),chlorpheniramine
643600183,그린콜샷에스시럽_(90mL),acetaminophen
643705200,국제리바록사반정10밀리그램_(10mg/1정),rivaroxaban
643705210,국제리바록사반정15밀리그램_(15mg/1정),rivaroxaban
644103080,발그리아정50밀리그램(실데나필시트르산염)_(70.23mg/1정),sildenafil
644103451,이부피펜프리믹스주(이부프로펜)_(0.8g/208mL),ibuprofen
644302210,"알카펜네이잘연질캡슐(수출명:Alkafen-N Soft Caps., Alkafen Cough Soft Caps.)_(1캡슐)",acetaminophen
644309710,아트맥콤비젤연질캡슐2.5/1000밀리그램_(1캡슐),atorvastatin
644502110,콜락연질캡슐_(1캡슐),guaifenesin
644502240,유에츄데이앤나이트연질캡슐_(1캡슐),acetaminophen
644502240,유에츄데이앤나이트연질캡슐_(1캡슐),pseudoephedrine
644502240,유에츄데이앤나이트연질캡슐_(1캡슐),dl-methylephedrine
644502240,유에츄데이앤나이트연질캡슐_(1캡슐),guaifenesin
644601290,콜콜에스캡슐_(1캡슐),ascorbic acid
644601290,콜콜에스캡슐_(1캡슐),chlorpheniramine
644604230,아르토젯정10/10밀리그램_(1정),atorvastatin
644604230,아르토젯정10/10밀리그램_(1정),ezetimibe
644604240,아르토젯정10/20밀리그램_(1정),atorvastatin
644604240,아르토젯정10/20밀리그램_(1정),ezetimibe
644604500,콜콜콜드연질캡슐_(1캡슐),chlorpheniramine
644701820,엠빅스정50밀리그램(미로데나필염산염)_(56.9mg/1정),mirodenafil
644703730,엠빅스에스구강붕해필름50밀리그램(미로데나필)_(50mg/1장),mirodenafil
644804843,메타리빈액0.1%(자일로메타졸린염산염)_(15mg/15mL),xylometazoline
644914170,화콜씨콜드연질캡슐_(1캡슐),acetaminophen
645104840,대한리바록사반정20mg_(20mg/1정),rivaroxaban
645104900,대한리바록사반정15mg_(15mg/1정),rivaroxaban
645204100,오메콜에프캡슐_(1캡슐),acetaminophen
645208890,조이롱정20밀리그램(타다라필)_(20mg/1정),tadalafil
645209380,쏙코프에스연질캡슐_(1캡슐),dextromethorphan
645209390,쏙콜에스연질캡슐_(1캡슐),dl-methylephedrine
645209390,쏙콜에스연질캡슐_(1캡슐),acetaminophen
645210530,쏙코프에프연질캡슐_(1캡슐),guaifenesin
645210530,쏙코프에프연질캡슐_(1캡슐),dl-methylephedrine
645210720,쏙코프에이연질캡슐_(1캡슐),guaifenesin
645804260,싹코프정_(1정),guaifenesin
645804260,싹코프정_(1정),acetaminophen
645804260,싹코프정_(1정),caffeine
645905770,세니트엔구강용해필름20mg(타다라필)_(20mg/1장),tadalafil
645905790,세니트엔정5mg(타다라필)_(5mg/1정),tadalafil
646902580,타이레놀콜드-에스정_(1정),acetaminophen
647205550,티그렐정90밀리그램(티카그렐러)_(90mg/1정),ticagrelor
647205560,티그렐정60밀리그램(티카그렐러)_(60mg/1정),ticagrelor
647603460,세다큐콜드연질캡슐_(1캡슐),acetaminophen
647603470,세다큐코프연질캡슐_(1캡슐),noscapine
647603470,세다큐코프연질캡슐_(1캡슐),dextromethorphan
647604010,세다큐업콜드연질캡슐_(1캡슐),acetaminophen
647604020,세다큐업코프연질캡슐_(1캡슐),triprolidine
647604050,세다큐업노즈연질캡슐_(1캡슐),triprolidine
647805881,락콜드코프시럽_(20mL),dl-methylephedrine
647805891,락콜드종합시럽_(20mL),dl-methylephedrine
648103240,포르테브이정50밀리그램(실데나필시트르산염)_(70.23mg/1정),sildenafil
648103950,그날엔콜드플러스연질캡슐_(1캡슐),guaifenesin
648104980,그날엔콜드에이연질캡슐_(1캡슐),dl-methylephedrine
648204400,와이젯정10/40밀리그램_(1정),atorvastatin
648603770,제대로필정20mg(타다라필)_(20mg/1정),tadalafil
648604980,윈콜드연질캡슐_(1캡슐),chlorpheniramine
648604990,윈콜드코프연질캡슐_(1캡슐),dl-methylephedrine
648604990,윈콜드코프연질캡슐_(1캡슐),dextromethorphan
649001820,케이론정20밀리그램(타다라필)_(20mg/1정),tadalafil
649102790,뉴씨그라정5mg(타다라필)_(5mg/1정),tadalafil
649105160,제니짠정5밀리그램(토파시티닙아스파르트산염)_(7.131mg/1정),tofacitinib aspartate
649507230,시알정20밀리그램(타다라필)_(20mg/1정),tadalafil
649507250,시알정5밀리그램(타다라필)_(5mg/1정),tadalafil
649605990,토시란정5밀리그램(토파시티닙아스파르트산염)_(7.131mg/1정),tofacitinib aspartate
649606010,리피듀엣정10/40밀리그램_(1정),atorvastatin
649701580,킥콜연질캡슐_(1캡슐),dextromethorphan
649701580,킥콜연질캡슐_(1캡슐),chlorpheniramine
649701851,해소코푸에스시럽_(20mL),dextromethorphan
649701851,해소코푸에스시럽_(20mL),dl-methylephedrine
649702410,해소민에스캡슐_(1캡슐),dextromethorphan
649702410,해소민에스캡슐_(1캡슐),methylephedrin
649702410,해소민에스캡슐_(1캡슐),chlorpheniramine
649805080,하드코프캡슐_(1캡슐),noscapine
649805430,클린파워연질캡슐_(1캡슐),pseudoephedrine
649805430,클린파워연질캡슐_(1캡슐),guaifenesin
650100241,레디센스주300(이오파미돌)_(18.36g/30mL),iopamidol
650204431,그래서산10밀리그램(타다라필)_(10mg/1포),tadalafil
651205710,아토로우플러스정10/40밀리그램_(1정),ezetimibe
651205790,암로반플러스정5/160/5밀리그램_(1정),valsartan
651205800,암로반플러스정5/160/10밀리그램_(1정),rosuvastatin
651205800,암로반플러스정5/160/10밀리그램_(1정),valsartan
651206090,로스텔플러스정40/5/5밀리그램_(1정),amlodipine
651206100,로스텔플러스정80/5/5밀리그램_(1정),rosuvastatin
651504160,파시티정5mg(토파시티닙아스파르트산염)_(7.131mg/1정),tofacitinib aspartate
651504190,에토바정10/40밀리그램_(1정),ezetimibe
651901960,콜그린에이캡슐_(1캡슐),ethenzamide
651903360,실타니딘정1밀리그램(염산티자니딘)_(1.144mg/1정),tizanidine
652603120,프리야정100밀리그램(실데나필시트르산염)_(0.14045g/1정),sildenafil
652904530,듀토르정10/40밀리그램_(1정),atorvastatin
652904530,듀토르정10/40밀리그램_(1정),ezetimibe
653401451,디플루주사(플루코나졸)[수출명:디플루주0.2%(플루코나졸)플루코나존주사]_(0.2g/100mL),fluconazole
653403930,콜드펜노즈연질캡슐_(1캡슐),triprolidine
653403930,콜드펜노즈연질캡슐_(1캡슐),acetaminophen
653403930,콜드펜노즈연질캡슐_(1캡슐),dextromethorphan
653403930,콜드펜노즈연질캡슐_(1캡슐),dl-methylephedrine
653403930,콜드펜노즈연질캡슐_(1캡슐),pseudoephedrine
653403950,콜드펜코프연질캡슐_(1캡슐),acetaminophen
653406180,콜드프로펜연질캡슐_(1캡슐),guaifenesin
653406180,콜드프로펜연질캡슐_(1캡슐),dextromethorphan
653406180,콜드프로펜연질캡슐_(1캡슐),ibuprofen
653406180,콜드프로펜연질캡슐_(1캡슐),chlorpheniramine
653406200,콜드프로펜코프연질캡슐_(1캡슐),dl-methylephedrine
653406200,콜드프로펜코프연질캡슐_(1캡슐),guaifenesin
653406200,콜드프로펜코프연질캡슐_(1캡슐),ibuprofen
653802090,에어로민캡슐_(1캡슐),methylephedrine
653802090,에어로민캡슐_(1캡슐),potassium guaiacolsulfonate
653802090,에어로민캡슐_(1캡슐),carbinoxamine
653802460,콤비올에이정_(1정),dl-methylephedrine
653806610,이부캐치콜드연질캡슐_(1캡슐),dl-methylephedrine
654202500,콜드브레이크캡슐_(1캡슐),guaifenesin
654304310,노스핀캡슐_(1캡슐),carbinoxamine
654304310,노스핀캡슐_(1캡슐),potassium guaiacolsulfonate
654305070,알파콜에프캡슐_(1캡슐),dextromethorphan
654305070,알파콜에프캡슐_(1캡슐),acetaminophen
654702250,롱맥스정5밀리그램(타다라필)_(5mg/1정),tadalafil
655605670,한올포미스터정100밀리그램(실데나필시트르산염)_(0.14045g/1정),sildenafil
656005220,아르바젯정10/40밀리그램_(1정),atorvastatin
657202590,알프람정0.25밀리그램(알프라졸람)(Alpram Tablet 0.25mg)_(0.25mg/1정),alprazolam
657401724,퍼슨헥솔주350(이오헥솔)_(377.5g/500mL),iohexol
657401745,퍼슨헥솔주300(이오헥솔)_(323.5g/500mL),iohexol
657503890,미토젯정10/20밀리그램_(1정),ezetimibe
657503890,미토젯정10/20밀리그램_(1정),atorvastatin
657503900,미토젯정10/10밀리그램_(1정),ezetimibe
657807701,원부펜프리믹스주(이부프로펜)_(0.4g/100mL),ibuprofen
658104720,이지목플러스씨캡슐_(1캡슐),platycodon root 50% ethanol dried ext
658104720,이지목플러스씨캡슐_(1캡슐),coptis rhizome ext powder
658104720,이지목플러스씨캡슐_(1캡슐),chlorpheniramine
658104720,이지목플러스씨캡슐_(1캡슐),acetaminophen
658105740,엑스콜콜드에프캡슐_(1캡슐),caffeine
658108370,시탁엠정50/1000밀리그램_(1정),sitagliptin
658108370,시탁엠정50/1000밀리그램_(1정),metformin
658108621,엑스콜큐콜드시럽_(20mL/포),dextromethorphan
658108641,엑스콜큐코프시럽_(20mL/포),acetaminophen
658202870,헤로스정5mg(타다라필)_(5mg/1정),tadalafil
660703710,위더굿구강붕해필름10밀리그램(타다라필)_(10mg/1장),tadalafil
661302520,뿌레콜에프캡슐_(1캡슐),chlorpheniramine
661302520,뿌레콜에프캡슐_(1캡슐),갈근탕엑스
661307141,방콜코프시럽_(20mL/1포),caffeine
661307341,무무키즈콜드시럽_(5mL),dextromethorphan
661600220,레드콜연질캡슐_(1캡슐),chlorpheniramine
661601580,콜스탑연질캡슐_(1캡슐),dextromethorphan
661601580,콜스탑연질캡슐_(1캡슐),pseudoephedrine
661601640,푸푸에프연질캡슐_(1캡슐),chlorpheniramine
661603430,미리콜연질캡슐_(1캡슐),chlorpheniramine
661603430,미리콜연질캡슐_(1캡슐),pseudoephedrine
661603500,제로콜연질캡슐_(1캡슐),acetaminophen
661603530,스피콜드연질캡슐_(1캡슐),dl-methylephedrine
661603530,스피콜드연질캡슐_(1캡슐),pseudoephedrine
661603560,목기천연질캡슐_(1캡슐),dextromethorphan
661603970,화이투벤큐노즈연질캡슐_(1캡슐),acetaminophen
661604050,레드코프에프연질캡슐_(1캡슐),acetaminophen
661604050,레드코프에프연질캡슐_(1캡슐),chlorpheniramine
661604910,엑쎈콜연질캡슐_(1캡슐),pseudoephedrine
661604960,캐롤비콜드연질캡슐_(1캡슐),dl-methylephedrine
661604960,캐롤비콜드연질캡슐_(1캡슐),guaifenesin
661605000,엑쎈코프에스연질캡슐_(1캡슐),dl-methylephedrine
661605010,모아콜연질캡슐_(1캡슐),pseudoephedrine
661605080,레드넥콜연질캡슐_(1캡슐),guaifenesin
661605080,레드넥콜연질캡슐_(1캡슐),chlorpheniramine
661605350,이지콜드플러스연질캡슐_(1캡슐),powdered cinnamon bark
661605350,이지콜드플러스연질캡슐_(1캡슐),dl-methylephedrine
661605370,이지콜드코프연질캡슐_(1캡슐),dextromethorphan
661605400,하디큐콜드연질캡슐_(1캡슐),chlorpheniramine
661605420,페이지연질캡슐_(1캡슐),chlorpheniramine
661605710,화이투벤큐플러스코프연질캡슐_(1캡슐),noscapine
661605710,화이투벤큐플러스코프연질캡슐_(1캡슐),dextromethorphan
661605720,화이투벤큐플러스연질캡슐_(1캡슐),triprolidine
661605950,캐롤비코프플러스연질캡슐_(1캡슐),guaifenesin
661605980,캐롤비콜드플러스연질캡슐_(1캡슐),acetaminophen
661605980,캐롤비콜드플러스연질캡슐_(1캡슐),guaifenesin
661605980,캐롤비콜드플러스연질캡슐_(1캡슐),riboflavin
661605980,캐롤비콜드플러스연질캡슐_(1캡슐),dextromethorphan
661905580,토파잔스정5밀리그램(토파시티닙아스파르트산염)_(7.131mg/1정),tofacitinib aspartate
661905620,아토르큐젯정10/40밀리그램_(1정),ezetimibe
661905620,아토르큐젯정10/40밀리그램_(1정),atorvastatin
663300960,리바록토정15밀리그램(리바록사반)_(15mg/1정),rivaroxaban
663606740,오프콜드연질캡슐_(1캡슐),dextromethorphan
663608330,토파시닙정5밀리그램(토파시티닙아스파르트산염)_(7.131mg/1정),tofacitinib aspartate
664602321,"에피네프린 프리필드시린지주1:10,000_(1.8mg/10mL)",epinephrine
665003050,아토에지정10/40밀리그램_(1정),atorvastatin
665003050,아토에지정10/40밀리그램_(1정),ezetimibe
665506300,유니그라정100밀리그램(실데나필시트르산염)_(0.14045g/1정),sildenafil
669501380,플리즈구강용해필름100밀리그램(실데나필)_(0.1g/1장),sildenafil
669502480,고든정20mg(타다라필)_(20mg/1정),tadalafil
669605190,시아라필구강용해필름20밀리그램(타다라필)_(20mg/1장),tadalafil
669605550,트리젯정10/20밀리그램_(1정),atorvastatin
669605560,트리젯정10/10밀리그램_(1정),ezetimibe
669805080,신콜에프연질캡슐_(1캡슐),guaifenesin
669806060,자렉사반정15밀리그램(리바록사반)_(15mg/1정),rivaroxaban
669806070,자렉사반정10밀리그램(리바록사반)_(10mg/1정),rivaroxaban
669806140,애니메트정50/1000밀리그램_(1정),sitagliptin
669806140,애니메트정50/1000밀리그램_(1정),metformin
669806150,애니메트정50/500밀리그램_(1정),sitagliptin
669806150,애니메트정50/500밀리그램_(1정),metformin
669806160,애니메트정50/850밀리그램_(1정),sitagliptin
669806160,애니메트정50/850밀리그램_(1정),metformin
670104090,스타라필구강용해필름20밀리그램(타다라필)_(20mg/1매),tadalafil
670105140,리바젯정10/40밀리그램_(1정),atorvastatin
670105140,리바젯정10/40밀리그램_(1정),ezetimibe
670303750,캐치콜에스연질캡슐_(1캡슐),pseudoephedrine
670304211,엑스코프디시럽_(100mL),dextromethorphan
670304720,타오롱구강붕해필름20밀리그램(타다라필)_(20mg/1장),tadalafil
670304860,엑스코프연질캡슐 _(1캡슐),trimetoquinol
670304990,타오필구강용해필름50밀리그램(실데나필)_(50mg/1장),sildenafil
670701320,모드나캡슐_(1캡슐),thiamine
670701320,모드나캡슐_(1캡슐),glycyrrhiza ext powder
670702100,모드나정_(1정),guaifenesin
670702100,모드나정_(1정),caffeine
670800110,시알리스정20밀리그램(타다라필)_(20mg/1정),tadalafil
671806730,시알롱기정10mg(타다라필)_(10mg/1정),tadalafil
671806800,시알롱기구강용해필름20mg(타다라필)_(20mg/1정),tadalafil
671807270,리렐토정10밀리그램(리바록사반)_(10mg/1정),rivaroxaban
671807351,콜대원콜드큐시럽_(20mL),guaifenesin
671807351,콜대원콜드큐시럽_(20mL),dextromethorphan
671807351,콜대원콜드큐시럽_(20mL),caffeine
671808150,대원콜콜드연질캡슐_(1캡슐),acetaminophen
673400380,큐토젯정10/10밀리그램_(1정),ezetimibe
673400380,큐토젯정10/10밀리그램_(1정),atorvastatin
673400390,큐토젯정10/20밀리그램_(1정),atorvastatin
673400440,트라이필정5밀리그램(타다라필)_(5mg/1정),tadalafil
674402350,토파신정5밀리그램(토파시티닙아스파르트산염)_(7.131mg/1정),tofacitinib aspartate
674402480,큐어코프연질캡슐_(1캡슐),acetaminophen
674402500,큐어콜연질캡슐_(1캡슐),dl-methylephedrine
674402540,큐어기가연질캡슐_(1캡슐),guaifenesin
674900570,라넥사서방정375밀리그램(라놀라진)_(0.375g/1정),ranolazine
674900580,라넥사서방정500밀리그램(라놀라진)_(0.5g/1정),ranolazine
674900590,라넥사서방정750밀리그램(라놀라진)_(0.75g/1정),ranolazine
678601930,디록사반정20밀리그램(리바록사반)_(20mg/1정),rivaroxaban
678601950,디록사반정15밀리그램(리바록사반)_(15mg/1정),rivaroxaban
678901281,프리브로펜주(이부프로펜)_(0.4g/104mL),ibuprofen
679601410,리드플루연질캡슐_(1캡슐),dl-methylephedrine
679601410,리드플루연질캡슐_(1캡슐),chlorpheniramine
680500860,위드콜드연질캡슐_(1캡슐),dextromethorphan
680500870,위드코프연질캡슐_(1캡슐),acetaminophen
681600151,렉토제식연고(희석니트로글리세린)_(1.2g/30g),diluted nitroglycerin
683101301,이부펜주(이부프로펜)_(0.8g/8mL),ibuprofen
683101370,휴메토브정10/10밀리그램_(1정),atorvastatin
683101380,휴메토브정10/20밀리그램_(1정),atorvastatin
690303490,라이트시다메트정50/500밀리그램_(1정),metformin
690303490,라이트시다메트정50/500밀리그램_(1정),sitagliptin
690303500,라이트시다메트정50/1000밀리그램_(1정),sitagliptin
690303510,라이트시다메트정50/850밀리그램_(1정),metformin
690303510,라이트시다메트정50/850밀리그램_(1정),sitagliptin
693901480,타올라스정5밀리그램(타다라필)_(5mg/1정),tadalafil
693903451,화이투벤나잘스프레이0.05%(자일로메타졸린염산염)_(5mg/10mL),xylometazoline
694003470,텔미로베타정40/5밀리그램_(1정),rosuvastatin
51600281,테라플루콜드앤코프데이타임건조시럽_(1포),dextromethorphan
51700101,톡코프산_(1포),acetaminophen
51700111,톡콜드산_(1포),dextromethorphan
52402170,아이메트정50/1000밀리그램_(1정),sitagliptin
52701410,아미브정10/40밀리그램_(1정),atorvastatin
53301170,유로빅정10밀리그램(타다라필)_(10mg/1정),tadalafil
53601640,안국뉴팜리바록사반정20밀리그램_(20mg/1정),rivaroxaban
55101870,옵티노즈연질캡슐_(1캡슐),pseudoephedrine
55101890,옵티코프연질캡슐_(1캡슐),triprolidine
55102110,펜싹코연질캡슐_(1캡슐),pseudoephedrine
55102120,펜싹코프연질캡슐_(1캡슐),triprolidine
55102140,펜싹콜연질캡슐_(1캡슐),guaifenesin
55102140,펜싹콜연질캡슐_(1캡슐),triprolidine
55102310,티엔코프연질캡슐_(1캡슐),guaifenesin
55102310,티엔코프연질캡슐_(1캡슐),dextromethorphan
55102460,테라콜드연질캡슐_(1캡슐),guaifenesin
55102460,테라콜드연질캡슐_(1캡슐),pseudoephedrine
55102690,토탈플루연질캡슐_(1캡슐),dextromethorphan
55102690,토탈플루연질캡슐_(1캡슐),guaifenesin
55102690,토탈플루연질캡슐_(1캡슐),pseudoephedrine
55102740,콜록종합연질캡슐_(1캡슐),acetaminophen
55102740,콜록종합연질캡슐_(1캡슐),dl-methylephedrine
55102800,킥코프에스연질캡슐_(1캡슐),dextromethorphan
55102930,휴엔솔플러스연질캡슐_(1캡슐),dl-methylephedrine
57001630,윕스정10밀리그램(타다라필)_(10mg/1정),tadalafil
57600061,콜대원제로이부펜시럽(이부프로펜)_(0.4g/20mL),ibuprofen
60500970,탄탄정20밀리그램(타다라필)_(20mg/1정),tadalafil
72400270,와이투로수바정10밀리그램(로수바스타틴칼슘)_(10.4mg/1정),rosuvastatin
72400280,와이투로수바정20밀리그램(로수바스타틴칼슘)_(20.8mg/1정),rosuvastatin
73200110,엔디코프캡슐_(1캡슐),dextromethorphan
78900011,오소플루코프산_(1.2g/1포),acetaminophen
78900021,오소플루콜드산_(1포),dextromethorphan
621800190,에치탑캡슐_(1캡슐),noscapine
621800190,에치탑캡슐_(1캡슐),carbinoxamine
621804390,자누시틴엠정50/1000밀리그램_(1정),metformin
622803400,마더스콜드연질캡슐_(1캡슐),dextromethorphan
625501321,에프코프시럽_(20mL),dextromethorphan
625501321,에프코프시럽_(20mL),dl-methylephedrine
625801370,메디콜캡슐_(1캡슐),dextromethorphan
625801410,브이코프에이치캡슐_(1캡슐),guaifenesin
625801410,브이코프에이치캡슐_(1캡슐),dextromethorphan
626501220,이브원큐연질캡슐(이부프로펜)_(0.2g/1캡슐),ibuprofen
626501690,판텍큐노즈플러스연질캡슐_(1캡슐),dextromethorphan
626502211,판텍타임건조시럽_(1포),riboflavin
626502211,판텍타임건조시럽_(1포),guaifenesin
626502211,판텍타임건조시럽_(1포),dl-methylephedrine
626502221,판피린타임나이트플루건조시럽_(1포),pseudoephedrine
626502221,판피린타임나이트플루건조시럽_(1포),glycine
626502331,판텍타임데이플루건조시럽_(1포),acetaminophen
626502331,판텍타임데이플루건조시럽_(1포),dl-methylephedrine
641500821,콜맥에스시럽_(90mL),acetaminophen
641500921,맥펜시럽(이부프로펜)(새콤한오렌지맛)_(2g/100mL),ibuprofen
641602930,씨콜드플러스노즈정_(1정),caffeine
641602930,씨콜드플러스노즈정_(1정),riboflavin
641602950,씨콜드플러스정_(1정),guaifenesin
641602950,씨콜드플러스정_(1정),dextromethorphan
641602960,씨콜드플러스코프정_(1정),guaifenesin
641602960,씨콜드플러스코프정_(1정),dl-methylephedrine
641605420,누리그라정50밀리그램(실데나필시트르산염)_(70.23mg/1정),sildenafil
641606060,타오르정5밀리그램(타다라필)_(5mg/1정),tadalafil
641606070,타오르정20밀리그램(타다라필)_(20mg/1정),tadalafil
641607830,콜드엔정_(1정),acetaminophen
641607830,콜드엔정_(1정),dextromethorphan
641608390,씨콜드프리미엄정_(1정),dextromethorphan
641608390,씨콜드프리미엄정_(1정),benfotiamine
641702520,프리넥캡슐_(1캡슐),carbinoxamine
641702820,속콜큐어캡슐_(1캡슐),dl-methylephedrine hci
641702820,속콜큐어캡슐_(1캡슐),dextromethorphan
641704230,속콜코프엘연질캡슐_(1캡슐),chlorpheniramine
641704230,속콜코프엘연질캡슐_(1캡슐),guaifenesin
641704230,속콜코프엘연질캡슐_(1캡슐),dextromethorphan
641705350,일펜정(이부프로펜리신)_(0.684g/1정),ibuprofen lysine
641803400,하디코프에프정_(1정),guaifenesin
641803450,하디콜정_(1정),acetaminophen
641803450,하디콜정_(1정),ascorbic acid
641907040,오설램정20밀리그램(타다라필)_(20mg/1정),tadalafil
642005250,시노플루콜드연질캡슐_(1캡슐),dl-methylephedrine
642005250,시노플루콜드연질캡슐_(1캡슐),guaifenesin
642104260,래피콜데이앤나잇연질캡슐_(1캡슐),diphenhydramine
642104260,래피콜데이앤나잇연질캡슐_(1캡슐),guaifenesin
642105890,래피콜콜드연질캡슐_(1캡슐),chlorpheniramine
642203552,코리투살에프콜드시럽_(100mL),chlorpheniramine
642203730,부광타다라필정20mg_(20mg/1정),tadalafil
642203760,코리투살에스코프연질캡슐_(1캡슐),dextromethorphan
642203770,코리투살에스콜드연질캡슐_(1캡슐),dextromethorphan
642204680,타세놀콜드캡슐_(1캡술),guaifenesin
642308520,자록사반정20밀리그램(리바록사반)_(20mg/1정),rivaroxaban
642308530,자록사반정15밀리그램(리바록사반)_(15mg/1정),rivaroxaban
642405021,부펜솔주(이부프로펜)_(0.4g/100mL),ibuprofen
642506310,자이데나정50밀리그램(유데나필)_(50mg/1정),udenafil
642707160,리바코르정2.5밀리그램(리바록사반)_(2.5mg/1정),rivaroxaban
642800940,아스노캅셀_(1캡슐),carbinoxamine
642801630,하벤목에스캡슐_(1캡슐),chlorpheniramine
642801630,하벤목에스캡슐_(1캡슐),acetaminophen
642801630,하벤목에스캡슐_(1캡슐),platycodon root 50% ethanol dried ext
642802590,하벤큐연질캡슐_(1캡슐),dextromethorphan
642803460,하벤파워골드캡슐_(1캡슐),dextromethorphan
642905440,토네이드정20밀리그램(타다라필)_(20mg/1정),tadalafil
643203541,디펜콜콜드시럽_(20mL/1포),chlorpheniramine
643203551,디펜콜코프시럽_(20mL/1포),acetaminophen
643300821,모드콜시럽_(100mL),potassium guaiacolsulfonate
643300821,모드콜시럽_(100mL),caffeine
643306300,모드코프에스연질캡슐_(1캡슐),dl-methylephedrine
643307030,센돔구강용해필름10밀리그램(타다라필)_(10mg/1장),tadalafil
643308850,야일라정20밀리그램(바데나필염산염)_(23.705mg/1정),vardenafil
643309041,모드콜콜드시럽_(15mL),dextromethorphan
643309041,모드콜콜드시럽_(15mL),chlorpheniramine
643508730,오메스트연질캡슐10/1000밀리그램_(1캡슐),omega-3-acid ethyl esters 90
643508990,맥시부펜콜드연질캡슐_(1캡슐),ibuprofen
643508990,맥시부펜콜드연질캡슐_(1캡슐),chlorpheniramine
643509000,맥시부펜코프연질캡슐_(1캡슐),guaifenesin
643703680,맥시그라구강붕해정50밀리그램(실데나필시트르산염)_(70.23mg/1정),sildenafil
643704040,빅토리스정5밀리그램(타다라필)_(5mg/1정),tadalafil
643705220,국제리바록사반정20밀리그램_(20mg/1정),rivaroxaban
644302210,"알카펜네이잘연질캡슐(수출명:Alkafen-N Soft Caps., Alkafen Cough Soft Caps.)_(1캡슐)",pseudoephedrine
644302210,"알카펜네이잘연질캡슐(수출명:Alkafen-N Soft Caps., Alkafen Cough Soft Caps.)_(1캡슐)",chlorpheniramine
644502240,유에츄데이앤나이트연질캡슐_(1캡슐),diphenhydramine
644601290,콜콜에스캡슐_(1캡슐),dried ginseng ext
644601290,콜콜에스캡슐_(1캡슐),dextromethorphan
644601730,콜콜코프캡슐_(1캡슐),methylephedrine
644805660,바스크롱에프캡슐_(1캡슐),methylephedrine
644914170,화콜씨콜드연질캡슐_(1캡슐),brompheniramine
644915220,화콜정_(1정),chlorpheniramine
645204100,오메콜에프캡슐_(1캡슐),guaifenesin
645209390,쏙콜에스연질캡슐_(1캡슐),pseudoephedrine
645210520,쏙콜에프연질캡슐_(1캡슐),dl-methylephedrine
645210730,쏙콜에이연질캡슐_(1캡슐),guaifenesin
645210730,쏙콜에이연질캡슐_(1캡슐),dextromethorphan
645210730,쏙콜에이연질캡슐_(1캡슐),acetaminophen
645210741,코비코나잘액(옥시메타졸린염산염)_(30mL/병),oxymetazoline
645404350,하나롱정5밀리그램(타다라필)_(5mg/1정),tadalafil
645603392,파사렉트연고(희석니트로글리세린)_(1.2g/30g),diluted nitroglycerin
645604620,설레구강용해필름20밀리그램(타다라필)_(20mg/1장),tadalafil
645801500,아이비에프정(이부프로펜)_(0.4g/1정),ibuprofen
645803480,한솔이부프로펜연질캡슐_(0.2g/1캡슐),ibuprofen
645804260,싹코프정_(1정),pseudoephedrine
645804270,싹콜드정_(1정),guaifenesin
645804270,싹콜드정_(1정),caffeine
645905760,세니트엔정20mg(타다라필)_(20mg/1정),tadalafil
646002030,자세틴정0.25밀리그람(알프라졸람)(수출명:ANEX0.25mg(Alprazolam))_(0.25mg/1정),alprazolam
646005210,토파시티정5밀리그램(토파시티닙아스파르트산염)_(7.131mg/1정),tofacitinib aspartate
647603460,세다큐콜드연질캡슐_(1캡슐),dextromethorphan
647603460,세다큐콜드연질캡슐_(1캡슐),pseudoephedrine
647603470,세다큐코프연질캡슐_(1캡슐),acetaminophen
647604010,세다큐업콜드연질캡슐_(1캡슐),dextromethorphan
647604010,세다큐업콜드연질캡슐_(1캡슐),pseudoephedrine
647604050,세다큐업노즈연질캡슐_(1캡슐),dextromethorphan
647802340,트레스탄캡슐_(1캡슐),cyproheptadine orotate
647802340,트레스탄캡슐_(1캡슐),l-lysine
647802710,화인코프에이캡슐_(1캡슐),lysozyme
647803460,트레스탄츄정_(1정),cyproheptadine orotate
647805881,락콜드코프시럽_(20mL),acetaminophen
647805881,락콜드코프시럽_(20mL),caffeine
647805891,락콜드종합시럽_(20mL),caffeine
647805891,락콜드종합시럽_(20mL),dextromethorphan
648103580,더포르테씨정5밀리그램(타다라필)_(5mg/1정),tadalafil
648103950,그날엔콜드플러스연질캡슐_(1캡슐),pseudoephedrine
648103950,그날엔콜드플러스연질캡슐_(1캡슐),brompheniramine
648104970,그날엔코프에이연질캡슐_(1캡슐),dl-methylephedrine
648104970,그날엔코프에이연질캡슐_(1캡슐),dextromethorphan
648104970,그날엔코프에이연질캡슐_(1캡슐),guaifenesin
648104980,그날엔콜드에이연질캡슐_(1캡슐),pseudoephedrine
648104980,그날엔콜드에이연질캡슐_(1캡슐),chlorpheniramine
648603030,제대로필구강용해필름20밀리그램(타다라필)_(20mg/1장),tadalafil
648604980,윈콜드연질캡슐_(1캡슐),acetaminophen
648604980,윈콜드연질캡슐_(1캡슐),pseudoephedrine
648903450,크레셈바캡슐100mg(이사부코나조늄황산염)_(0.1g/1캡슐),isavuconazonium
649701580,킥콜연질캡슐_(1캡슐),pseudoephedrine
649805420,메가클린연질캡슐_(1캡슐),chlorpheniramine
650500691,제일제약케토프로펜주_(0.1g/2mL),ketoprofen
651205710,아토로우플러스정10/40밀리그램_(1정),atorvastatin
651504190,에토바정10/40밀리그램_(1정),atorvastatin
651504210,리박사반정15밀리그램(리바록사반)_(15mg/1정),rivaroxaban
651901960,콜그린에이캡슐_(1캡슐),fursultiamine
651901960,콜그린에이캡슐_(1캡슐),dl-methylephedrine
651901960,콜그린에이캡슐_(1캡슐),riboflavin
651901960,콜그린에이캡슐_(1캡슐),caffeine
652903320,비아그라엘구강붕해필름100밀리그램(실데나필시트르산염)_(140.45mg/1장),sildenafil
653403940,콜드펜연질캡슐_(1캡슐),guaifenesin
653403940,콜드펜연질캡슐_(1캡슐),triprolidine
653406180,콜드프로펜연질캡슐_(1캡슐),bromhexine
653406200,콜드프로펜코프연질캡슐_(1캡슐),dextromethorphan
653802090,에어로민캡슐_(1캡슐),noscapine
653802620,트레스오릭스훠트정_(1정),cyanocobalamin
653805010,트레스오릭스포르테캡슐_(1캡슐),cyanocobalamin
653806610,이부캐치콜드연질캡슐_(1캡슐),chlorpheniramine
653806610,이부캐치콜드연질캡슐_(1캡슐),bromhexine
654004600,썬카정20밀리그램(타다라필)_(20mg/1정),tadalafil
654202500,콜드브레이크캡슐_(1캡슐),chlorpheniramine
654305070,알파콜에프캡슐_(1캡슐),caffeine
654305070,알파콜에프캡슐_(1캡슐),chlorpheniramine
654702230,퀵맥스정50밀리그램(실데나필시트르산염)_(70.23mg/1정),sildenafil
654702240,롱맥스정20밀리그램(타다라필)_(20mg/1정),tadalafil
656003820,데일라정5mg(타다라필)_(5mg/1정),tadalafil
657202350,이레나필정100밀리그램(실데나필시트르산염)_(0.14045g/1정),sildenafil
657202610,알프람정0.5밀리그램(알프라졸람)(Alpram Tablet 0.5mg)_(0.5mg/1정),alprazolam
657305780,자이그라정100밀리그램(실데나필시트르산염)_(0.14045g/1정),sildenafil
657306610,자이리스정20mg(타다라필)_(20mg/1정),tadalafil
657308570,동구리바록사반정15밀리그램_(15mg/1정),rivaroxaban
657308710,트레논연질캡슐5밀리그램(이소트레티노인)_(5mg/1캡슐),isotretinoin
658105740,엑스콜콜드에프캡슐_(1캡슐),pseudoephedrine
658204780,브이그라정50밀리그램(실데나필시트르산염)_(70.225mg/1정),sildenafil
661302520,뿌레콜에프캡슐_(1캡슐),dextromethorphan
661307151,방콜콜드시럽_(20mL/1포),acetaminophen
661307151,방콜콜드시럽_(20mL/1포),dl-methylephedrine
661307151,방콜콜드시럽_(20mL/1포),guaifenesin
661307341,무무키즈콜드시럽_(5mL),dl-methylephedrine
661600170,두캅스에이연질캡슐_(1캡슐),dextromethorphan
661600170,두캅스에이연질캡슐_(1캡슐),guaifenesin
661600220,레드콜연질캡슐_(1캡슐),dextromethorphan
661602800,기가에이연질캡슐_(1캡슐),noscapine
661603430,미리콜연질캡슐_(1캡슐),acetaminophen
661603500,제로콜연질캡슐_(1캡슐),dextromethorphan
661603500,제로콜연질캡슐_(1캡슐),chlorpheniramine
661603530,스피콜드연질캡슐_(1캡슐),acetaminophen
661603560,목기천연질캡슐_(1캡슐),noscapine
661603960,화이투벤큐연질캡슐_(1캡슐),dl-methylephedrine
661603960,화이투벤큐연질캡슐_(1캡슐),guaifenesin
661604910,엑쎈콜연질캡슐_(1캡슐),guaifenesin
661604960,캐롤비콜드연질캡슐_(1캡슐),riboflavin
661605010,모아콜연질캡슐_(1캡슐),dextromethorphan
661605080,레드넥콜연질캡슐_(1캡슐),dl-methylephedrine
661605370,이지콜드코프연질캡슐_(1캡슐),acetaminophen
661605390,하디큐코프연질캡슐_(1캡슐),dextromethorphan
661605400,하디큐콜드연질캡슐_(1캡슐),acetaminophen
661605710,화이투벤큐플러스코프연질캡슐_(1캡슐),triprolidine
661605720,화이투벤큐플러스연질캡슐_(1캡슐),pseudoephedrine
661605730,화이투벤큐플러스노즈연질캡슐_(1캡슐),pseudoephedrine
661605790,콜감나이트연질캡슐_(1캡슐),acetaminophen
661605790,콜감나이트연질캡슐_(1캡슐),guaifenesin
661605790,콜감나이트연질캡슐_(1캡슐),diphenhydramine
661605950,캐롤비코프플러스연질캡슐_(1캡슐),riboflavin
661605970,아임파인-콜드연질캡슐_(1캡슐),pseudoephedrine
661605980,캐롤비콜드플러스연질캡슐_(1캡슐),pseudoephedrine
661605980,캐롤비콜드플러스연질캡슐_(1캡슐),chlorpheniramine
662503220,일나스정5밀리그램(타다라필)_(5mg/1정),tadalafil
663300970,리바록토정10밀리그램(리바록사반)_(10mg/1정),rivaroxaban
664101190,이바펜400밀리그람정(이부프로펜)_(0.4g/1정),ibuprofen
664901800,시아놀정20밀리그램(타다라필)_(20mg/1정),tadalafil
665003000,칸데로바정20/32밀리그램_(1정),candesartan cilexetil
665003000,칸데로바정20/32밀리그램_(1정),rosuvastatin
669502470,고든정10mg(타다라필)_(10mg/1정),tadalafil
669805080,신콜에프연질캡슐_(1캡슐),acetaminophen
669805920,구주토파시티닙정5밀리그램(토파시티닙아스파르트산염)_(7.131mg/1정),tofacitinib aspartate
670105110,우리들토파시티닙정5밀리그램(토파시티닙아스파르트산염)_(7.131mg/1정),tofacitinib aspartate
670303750,캐치콜에스연질캡슐_(1캡슐),acetaminophen
670303750,캐치콜에스연질캡슐_(1캡슐),chlorpheniramine
670304190,엑스코프에이연질캡슐_(1캡슐),chlorpheniramine
670500950,로카브정30/10밀리그램_(1정),fimasartan
670500970,로카브정60/10밀리그램_(1정),rosuvastatin
670607761,아모부로펜주(이부프로펜)_(0.8g/8mL),ibuprofen
670608640,휴메트린정(메틸에르고메트린말레산염)_(0.125mg/1정),methylergometrine
670702100,모드나정_(1정),dextromethorphan
670702100,모드나정_(1정),dl-methylephedrine
671702971,하벤-키즈시럽_(100mL),dextromethorphan
671807290,리렐토정15밀리그램(리바록사반)_(15mg/1정),rivaroxaban
671807351,콜대원콜드큐시럽_(20mL),dl-methylephedrine
671808041,콜대원키즈콜드에스시럽_(10mL/1포),acetaminophen
671808041,콜대원키즈콜드에스시럽_(10mL/1포),guaifenesin
671808140,대원콜코프연질캡슐_(1캡슐),acetaminophen
673400390,큐토젯정10/20밀리그램_(1정),ezetimibe
673400400,큐토젯정10/40밀리그램_(1정),atorvastatin
673400410,카다라필구강붕해필름20밀리그램(타다라필)_(20mg/1장),tadalafil
673400420,카다라필구강붕해필름10밀리그램(타다라필)_(10mg/1장),tadalafil
680500860,위드콜드연질캡슐_(1캡슐),guaifenesin
680500870,위드코프연질캡슐_(1캡슐),dextromethorphan
680500960,이부퀵코프연질캡슐_(1캡슐),guaifenesin
683101360,휴메토브정10/40밀리그램_(1정),ezetimibe
690303500,라이트시다메트정50/1000밀리그램_(1정),metformin
693201620,더플러스정5밀리그램(타다라필)_(5mg/1정),tadalafil
693903461,화이투벤나잘스프레이0.1%(자일로메타졸린염산염)_(10mg/10mL),xylometazoline
694203160,아웃콜목골드캡슐_(1캡슐),platycodon root ext powder
694203160,아웃콜목골드캡슐_(1캡슐),dextromethorphan
694205300,화이콜캡슐_(1캡슐),dl-methylephedrine
694205300,화이콜캡슐_(1캡슐),acetaminophen
698004331,코푸엔에스시럽_(20mL),dextromethorphan
51700111,톡콜드산_(1포),dl-methylephedrine
52701431,크리스탈이부프로펜주_(0.4g/100mL),ibuprofen
55101870,옵티노즈연질캡슐_(1캡슐),triprolidine
55101890,옵티코프연질캡슐_(1캡슐),acetaminophen
55102040,콜민콜드연질캡슐_(1캡슐),dl-methylephedrine
55102040,콜민콜드연질캡슐_(1캡슐),guaifenesin
55102070,콜민코프연질캡슐_(1캡슐),dl-methylephedrine
55102120,펜싹코프연질캡슐_(1캡슐),acetaminophen
55102310,티엔코프연질캡슐_(1캡슐),acetaminophen
55102700,토탈코프플루연질캡슐 _(1캡슐),guaifenesin
55102750,콜록코프연질캡슐_(1캡슐),dextromethorphan
55102760,이참에콜드연질캡슐_(1정),guaifenesin
55102770,이참에노즈연질캡슐_(1정),triprolidine
55102780,이참에코프연질캡슐_(1캡슐),noscapine
55102910,팜플루콜드플러스연질캡슐_(1캡슐),triprolidine
72400130,와이투아스피린장용정100밀리그램(아스피린)_(0.1g/1정),aspirin
73200110,엔디코프캡슐_(1캡슐),pseudoephedrine
74600010,너링스정(네라티닙말레산염)_(48.31mg/1정),neratinib
621800190,에치탑캡슐_(1캡슐),methylephedrine
621802620,롱티메정20mg(타다라필)_(20mg/1정),tadalafil
622805360,시알엠정5밀리그램(타다라필)_(5mg/1정),tadalafil
623004980,네오콜코프캡슐_(1캡슐),powdered glycyrrhizae
623006870,이노콜에프정_(1정),acetaminophen
625501331,에프쿨시럽_(20mL),chlorpheniramine
625501331,에프쿨시럽_(20mL),pseudoephedrine
625801370,메디콜캡슐_(1캡슐),dl-methylephedrine
625801400,브이콜에이치캡슐_(1캡슐),dl-methylephedrine
626501690,판텍큐노즈플러스연질캡슐_(1캡슐),acetaminophen
626502211,판텍타임건조시럽_(1포),acetaminophen
626502221,판피린타임나이트플루건조시럽_(1포),diphenhydramine
628902140,토젤즈정5밀리그램(토파시티닙시트르산염)_(8.078mg/1정),tofacitinib
641500781,맥코프시럽_(100mL),guaifenesin
641500824,콜맥에스시럽_(100mL),acetaminophen
641501121,코푸앤콜드릴리프어덜트디엠시럽_(120mL),guaifenesin
641602960,씨콜드플러스코프정_(1정),dextromethorphan
641602960,씨콜드플러스코프정_(1정),riboflavin
641607830,콜드엔정_(1정),chlorpheniramine
641607830,콜드엔정_(1정),pseudoephedrine
641702520,프리넥캡슐_(1캡슐),dextromethorphan
641702820,속콜큐어캡슐_(1캡슐),lysozyme
641805740,타다롱구강용해필름20밀리그램(타다라필)_(20mg/1장),tadalafil
641806440,하디콜에스연질캡슐_(1캡슐),dextromethorphan
641806440,하디콜에스연질캡슐_(1캡슐),pseudoephedrine
641907420,오바램정100밀리그램(실데나필시트르산염)_(140.45mg/1정),sildenafil
642000620,시노코프캡슐_(1캡슐),dl-methylephedrine
642004100,솔루샷쿨연질캡슐_(1캡슐),dl-methylephedrine
642004100,솔루샷쿨연질캡슐_(1캡슐),guaifenesin
642004110,솔루샷코프연질캡슐_(1캡슐),acetaminophen
642102291,코푸시럽에스_(500mL),dextromethorphan
642104700,타다포스정5mg(타다라필)_(5mg/1정),tadalafil
642105521,코푸시럽에스_(20mL),ammonium
642105890,래피콜콜드연질캡슐_(1캡슐),dl-methylephedrine
642203200,부광실데나필정50밀리그램_(70.23mg/1정),sildenafil
642203541,코리투살에프시럽(이부프로펜)_(2g/100mL),ibuprofen
642203770,코리투살에스콜드연질캡슐_(1캡슐),acetaminophen
642308540,자록사반정10밀리그램(리바록사반)_(10mg/1정),rivaroxaban
642705830,트리스펜연질캡슐(이부프로펜)_(0.2g/1캡슐),ibuprofen
642801630,하벤목에스캡슐_(1캡슐),coptis rhizome ext powder
642802590,하벤큐연질캡슐_(1캡슐),acetaminophen
642803321,하벤에스액_(20mL),caffeine
642803321,하벤에스액_(20mL),dextromethorphan
642803321,하벤에스액_(20mL),dl-methylephedrine
642803321,하벤에스액_(20mL),pseudoephedrine
642803341,하벤코프에스액_(20mL),acetaminophen
642803341,하벤코프에스액_(20mL),guaifenesin
642803460,하벤파워골드캡슐_(1캡슐),pseudoephedrine
642803460,하벤파워골드캡슐_(1캡슐),chlorpheniramine
642803460,하벤파워골드캡슐_(1캡슐),acetaminophen
643203551,디펜콜코프시럽_(20mL/1포),guaifenesin
643300791,모드코프시럽_(100mL),dextromethorphan
643300821,모드콜시럽_(100mL),dextromethorphan
643306290,모드콜에스연질캡슐_(1캡슐),pseudoephedrine
643306300,모드코프에스연질캡슐_(1캡슐),dextromethorphan
643309041,모드콜콜드시럽_(15mL),acetaminophen
643502490,코푸스탑플러스연질캡슐_(1캡슐),d-chlorpheniramine
643507080,구구정5밀리그램(타다라필)_(5mg/1정),tadalafil
643507180,구구츄정20밀리그램(타다라필)_(20mg/1정),tadalafil
643509000,맥시부펜코프연질캡슐_(1캡슐),ibuprofen
643600181,그린콜샷에스시럽_(100mL),acetaminophen
643903370,이렉시멈구강용해필름20밀리그램(타다라필)_(20mg/1장),tadalafil
644103070,발그나필정5밀리그램(타다라필)_(5mg/1정),tadalafil
644502110,콜락연질캡슐_(1캡슐),dextromethorphan
644502240,유에츄데이앤나이트연질캡슐_(1캡슐),dextromethorphan
644601290,콜콜에스캡슐_(1캡슐),caffeine
644601290,콜콜에스캡슐_(1캡슐),glycyrrhiza ext powder
644603011,시원타조아나잘스프레이(옥시메타졸린염산염)_(15mg/30mL),oxymetazoline
644604500,콜콜콜드연질캡슐_(1캡슐),dl-methylephedrine
644604500,콜콜콜드연질캡슐_(1캡슐),acetaminophen
644804842,메타리빈액0.1%(자일로메타졸린염산염)_(20mg/20mL),xylometazoline
644805660,바스크롱에프캡슐_(1캡슐),noscapine
644913360,브레핀에스연질캡슐(이부프로펜)_(0.2g/1캡슐),ibuprofen
644913750,페인엔젤이부연질캡슐(이부프로펜)_(0.4g/1캡슐),ibuprofen
644914170,화콜씨콜드연질캡슐_(1캡슐),guaifenesin
644914170,화콜씨콜드연질캡슐_(1캡슐),dextromethorphan
644915220,화콜정_(1정),dextromethorphan
645104830,대한토파시티닙정5밀리그램(토파시티닙아스파르트산염)_(7.131mg/1정),tofacitinib aspartate
645204130,오메코프에스캡슐_(1캡슐),guaifenesin
645210520,쏙콜에프연질캡슐_(1캡슐),pseudoephedrine
645210530,쏙코프에프연질캡슐_(1캡슐),dextromethorphan
645210720,쏙코프에이연질캡슐_(1캡슐),acetaminophen
645210730,쏙콜에이연질캡슐_(1캡슐),dl-methylephedrine
645804270,싹콜드정_(1정),dl-methylephedrine
646902580,타이레놀콜드-에스정_(1정),chlorpheniramine
647201300,코러스이부프로펜정400밀리그람_(0.4g/1정),ibuprofen
647304640,엘다라필정5밀리그램(타다라필)_(5mg/1정),tadalafil
647603480,세다큐노즈연질캡슐_(1캡슐),acetaminophen
647604010,세다큐업콜드연질캡슐_(1캡슐),dl-methylephedrine
647604020,세다큐업코프연질캡슐_(1캡슐),noscapine
647604050,세다큐업노즈연질캡슐_(1캡슐),dl-methylephedrine
647800771,삼진디클로페낙나트륨주사_(75mg/3mL),diclofenac
647802340,트레스탄캡슐_(1캡슐),cyanocobalamin
647802710,화인코프에이캡슐_(1캡슐),dextromethorphan
647802710,화인코프에이캡슐_(1캡슐),potassium guaiacolsulfonate
647803460,트레스탄츄정_(1정),cyanocobalamin
647805891,락콜드종합시럽_(20mL),guaifenesin
648103950,그날엔콜드플러스연질캡슐_(1캡슐),acetaminophen
648103950,그날엔콜드플러스연질캡슐_(1캡슐),dextromethorphan
648104980,그날엔콜드에이연질캡슐_(1캡슐),guaifenesin
648104980,그날엔콜드에이연질캡슐_(1캡슐),acetaminophen
648204400,와이젯정10/40밀리그램_(1정),ezetimibe
648604980,윈콜드연질캡슐_(1캡슐),dl-methylephedrine
648604980,윈콜드연질캡슐_(1캡슐),guaifenesin
649606010,리피듀엣정10/40밀리그램_(1정),ezetimibe
649701580,킥콜연질캡슐_(1캡슐),guaifenesin
649805080,하드코프캡슐_(1캡슐),potassium guaiacolsulfonate
649805420,메가클린연질캡슐_(1캡슐),dextromethorphan
651205790,암로반플러스정5/160/5밀리그램_(1정),amlodipine
651504220,리박사반정10밀리그램(리바록사반)_(10mg/1정),rivaroxaban
652903580,불티움구강붕해필름10밀리그램(타다라필)_(10mg/1장),tadalafil
653402500,엠슈타인구강용해필름50밀리그램(실데나필)_(50mg/1장),sildenafil
653403940,콜드펜연질캡슐_(1캡슐),dextromethorphan
653603250,라이답연질캡슐25밀리그램(미도스타우린)_(25mg/1캡슐),midostaurin
653802460,콤비올에이정_(1정),dextromethorphan
653802460,콤비올에이정_(1정),riboflavin
653802620,트레스오릭스훠트정_(1정),cyproheptadine orotate
653805010,트레스오릭스포르테캡슐_(1캡슐),l-lysine
653806610,이부캐치콜드연질캡슐_(1캡슐),pseudoephedrine
654202500,콜드브레이크캡슐_(1캡슐),dextromethorphan
654304310,노스핀캡슐_(1캡슐),methylephedrine
654305070,알파콜에프캡슐_(1캡슐),dl-methylephedrine
654305070,알파콜에프캡슐_(1캡슐),guaifenesin
656005220,아르바젯정10/40밀리그램_(1정),ezetimibe
657306660,자이리스구강붕해필름20mg(타다라필)_(20mg/1장),tadalafil
657503900,미토젯정10/10밀리그램_(1정),atorvastatin
657806490,제이케이(JK)정5밀리그램(타다라필)_(5mg/1정),tadalafil
657807760,제이케이(JK)구강용해필름20밀리그램(타다라필)_(20mg/1장),tadalafil
658104720,이지목플러스씨캡슐_(1캡슐),dextromethorphan
658105930,이지콜씨플러스캡슐_(1캡슐),dextromethorphan
658105930,이지콜씨플러스캡슐_(1캡슐),riboflavin
658108621,엑스콜큐콜드시럽_(20mL/포),acetaminophen
661601640,푸푸에프연질캡슐_(1캡슐),guaifenesin
661602800,기가에이연질캡슐_(1캡슐),trimetoquinol
661603010,하이스펜연질캡슐(이부프로펜)_(0.2g/1캡슐),ibuprofen
661603430,미리콜연질캡슐_(1캡슐),dextromethorphan
661603430,미리콜연질캡슐_(1캡슐),guaifenesin
661603970,화이투벤큐노즈연질캡슐_(1캡슐),triprolidine
661604050,레드코프에프연질캡슐_(1캡슐),dextromethorphan
661604910,엑쎈콜연질캡슐_(1캡슐),chlorpheniramine
661604960,캐롤비콜드연질캡슐_(1캡슐),pseudoephedrine
661605000,엑쎈코프에스연질캡슐_(1캡슐),dextromethorphan
661605010,모아콜연질캡슐_(1캡슐),acetaminophen
661605350,이지콜드플러스연질캡슐_(1캡슐),acetaminophen
661605390,하디큐코프연질캡슐_(1캡슐),dl-methylephedrine
661605400,하디큐콜드연질캡슐_(1캡슐),dextromethorphan
661605420,페이지연질캡슐_(1캡슐),trimetoquinol
661605670,미리코프파워연질캡슐_(1캡슐),dextromethorphan
663606740,오프콜드연질캡슐_(1캡슐),dl-methylephedrine
663606740,오프콜드연질캡슐_(1캡슐),guaifenesin
663609020,테프란정50밀리그램(테고프라잔)_(50mg/1정),tegoprazan
669501860,고든정5mg(타다라필)_(5mg/1정),tadalafil
669605560,트리젯정10/10밀리그램_(1정),atorvastatin
669805080,신콜에프연질캡슐_(1캡슐),dextromethorphan
670304710,타오롱구강붕해필름10밀리그램(타다라필)_(10mg/1장),tadalafil
670502410,리바타로정4밀리그램(피타바스타틴칼슘)_(4mg/1정),pitavastatin
670608901,아모부로펜프리믹스주(이부프로펜)_(0.4g/104mL),ibuprofen
670701320,모드나캡슐_(1캡슐),dl-methylephedrine
670701320,모드나캡슐_(1캡슐),dextromethorphan
670701320,모드나캡슐_(1캡슐),acetaminophen
670702100,모드나정_(1정),chlorpheniramine
671805240,아그나필정100mg(실데나필시트르산염)_(0.14045g/1정),sildenafil
671806790,시알롱기구강용해필름10mg(타다라필)_(10mg/1정),tadalafil
671807351,콜대원콜드큐시럽_(20mL),acetaminophen
671807821,콜대원나이트시럽_(20mL/포),acetaminophen
671808041,콜대원키즈콜드에스시럽_(10mL/1포),dl-methylephedrine
671808041,콜대원키즈콜드에스시럽_(10mL/1포),chlorpheniramine
671808150,대원콜콜드연질캡슐_(1캡슐),pseudoephedrine
673400400,큐토젯정10/40밀리그램_(1정),ezetimibe
674402490,큐어코프에이연질캡슐_(1캡슐),chlorpheniramine
674402500,큐어콜연질캡슐_(1캡슐),dextromethorphan
674402500,큐어콜연질캡슐_(1캡슐),acetaminophen
674402540,큐어기가연질캡슐_(1캡슐),chlorpheniramine
678601820,뉴파티닙정5밀리그램(토파시티닙아스파르트산염)_(7.131mg/1정),tofacitinib aspartate
679601410,리드플루연질캡슐_(1캡슐),guaifenesin
680500860,위드콜드연질캡슐_(1캡슐),chlorpheniramine
680500870,위드코프연질캡슐_(1캡슐),dl-methylephedrine
680500940,이부퀵콜드연질캡슐_(1캡슐),pseudoephedrine
680500940,이부퀵콜드연질캡슐_(1캡슐),ibuprofen
683101370,휴메토브정10/10밀리그램_(1정),ezetimibe
683101380,휴메토브정10/20밀리그램_(1정),ezetimibe
693202481,글로펜주(이부프로펜)_(0.4g/100mL),ibuprofen
694205300,화이콜캡슐_(1캡슐),dextromethorphan
698004060,카라마필정10밀리그램(타다라필)_(10mg/1정),tadalafil
698400580,아트로메가콤비젤연질캡슐5/1000밀리그램_(1캡슐),omega-3-acid ethyl esters 90
51600171,오트리빈0.05%비강분무액(자일로메타졸린염산염)_(5mg/10mL),xylometazoline
51600261,오트리빈멘톨0.1%분무제(자일로메타졸린염산염)_(10mg/10mL),xylometazoline
55101940,코프패스연질캡슐_(1캡슐),dl-methylephedrine
55102040,콜민콜드연질캡슐_(1캡슐),pseudoephedrine
55102140,펜싹콜연질캡슐_(1캡슐),dl-methylephedrine
55102460,테라콜드연질캡슐_(1캡슐),dl-methylephedrine
55102740,콜록종합연질캡슐_(1캡슐),dextromethorphan
55102740,콜록종합연질캡슐_(1캡슐),pseudoephedrine
55102760,이참에콜드연질캡슐_(1정),dextromethorphan
55102760,이참에콜드연질캡슐_(1정),acetaminophen
55102770,이참에노즈연질캡슐_(1정),dl-methylephedrine
55102770,이참에노즈연질캡슐_(1정),acetaminophen
55102770,이참에노즈연질캡슐_(1정),pseudoephedrine
55102800,킥코프에스연질캡슐_(1캡슐),acetaminophen
55102900,팜플루코프플러스연질캡슐_(1캡슐),acetaminophen
57000550,윕스정20밀리그램(타다라필)_(20mg/1정),tadalafil
57600900,에스오텍정10밀리그램(에스오메프라졸마그네슘삼수화물)_(11.15mg/1정),esomeprazole
73200110,엔디코프캡슐_(1캡슐),acetaminophen
622800850,프리카바에프캡슐(수출명:FreecofCapsules)_(1캡슐),potassium guaiacolsulfonate
622800850,프리카바에프캡슐(수출명:FreecofCapsules)_(1캡슐),noscapine
623004980,네오콜코프캡슐_(1캡슐),potassium guaiacolsulfonate
623006870,이노콜에프정_(1정),caffeine
623006870,이노콜에프정_(1정),dextromethorphan
623006900,이노콜파워정_(1정),pseudoephedrine
625501331,에프쿨시럽_(20mL),acetaminophen
625801370,메디콜캡슐_(1캡슐),guaifenesin
625801400,브이콜에이치캡슐_(1캡슐),dextromethorphan
625801400,브이콜에이치캡슐_(1캡슐),guaifenesin
626501680,판텍큐플러스연질캡슐_(1캡슐),dl-methylephedrine
626501700,판텍큐코프플러스연질캡슐_(1캡슐),dl-methylephedrine
626502211,판텍타임건조시럽_(1포),pseudoephedrine
629702130,자록트정10밀리그램(리바록사반)_(10mg/1정),rivaroxaban
641500781,맥코프시럽_(100mL),pseudoephedrine
641602930,씨콜드플러스노즈정_(1정),dextromethorphan
641606040,타오르구강붕해필름10밀리그램(타다라필)_(10mg/1장),tadalafil
641608390,씨콜드프리미엄정_(1정),dl-methylephedrine
641702520,프리넥캡슐_(1캡슐),noscapine
641803400,하디코프에프정_(1정),acetaminophen
641803450,하디콜정_(1정),갈근탕엑스
641805040,스피딕400연질캡슐(이부프로펜)_(0.4g/1캡슐),ibuprofen
641806440,하디콜에스연질캡슐_(1캡슐),chlorpheniramine
641806440,하디콜에스연질캡슐_(1캡슐),dl-methylephedrine
641806440,하디콜에스연질캡슐_(1캡슐),powdered cinnamon bark
641806440,하디콜에스연질캡슐_(1캡슐),acetaminophen
642003741,시노카자일로나잘스프레이액0.05%(자일로메타졸린염산염)_(9mg/18mL),xylometazoline
642005250,시노플루콜드연질캡슐_(1캡슐),pseudoephedrine
642102291,코푸시럽에스_(500mL),chlorpheniramine
642104260,래피콜데이앤나잇연질캡슐_(1캡슐),dl-methylephedrine
642104710,타다포스정10mg(타다라필)_(10mg/1정),tadalafil
642203521,코리투살에프코프시럽_(100mL),dl-methylephedrine
642203770,코리투살에스콜드연질캡슐_(1캡슐),dl-methylephedrine
642801630,하벤목에스캡슐_(1캡슐),dextromethorphan
642802590,하벤큐연질캡슐_(1캡슐),dl-methylephedrine
642803321,하벤에스액_(20mL),chlorpheniramine
642803341,하벤코프에스액_(20mL),dl-methylephedrine
642803490,하벤허브골드캡슐_(1캡슐),dextromethorphan
642803490,하벤허브골드캡슐_(1캡슐),thiamine
642803490,하벤허브골드캡슐_(1캡슐),riboflavin
642803490,하벤허브골드캡슐_(1캡슐),pseudoephedrine
643202350,비야정100mg(실데나필시트르산염)_(0.14045g/1정),sildenafil
643203551,디펜콜코프시럽_(20mL/1포),dl-methylephedrine
643307710,센글라정100밀리그램(실데나필시트르산염)_(0.14045g/1정),sildenafil
643502490,코푸스탑플러스연질캡슐_(1캡슐),dextromethorphan
643507040,구구정20밀리그램(타다라필)_(20mg/1정),tadalafil
643507190,구구츄정10밀리그램(타다라필)_(10mg/1정),tadalafil
643703450,맥시그라정100밀리그램(실데나필시트르산염)_(0.14045g/1정),sildenafil
643705310,조인토파정5밀리그램(토파시티닙시트르산염)_(8.078mg/1정),tofacitinib
644302210,"알카펜네이잘연질캡슐(수출명:Alkafen-N Soft Caps., Alkafen Cough Soft Caps.)_(1캡슐)",dextromethorphan
644309710,아트맥콤비젤연질캡슐2.5/1000밀리그램_(1캡슐),omega-3-acid ethyl ester 90
644502110,콜락연질캡슐_(1캡슐),dl-methylephedrine
644604500,콜콜콜드연질캡슐_(1캡슐),dextromethorphan
644805660,바스크롱에프캡슐_(1캡슐),carbinoxamine
644805660,바스크롱에프캡슐_(1캡슐),potassium guaiacolsulfonate
645104890,대한리바록사반정10mg_(10mg/1정),rivaroxaban
645209380,쏙코프에스연질캡슐_(1캡슐),dl-methylephedrine
645209390,쏙콜에스연질캡슐_(1캡슐),guaifenesin
645209390,쏙콜에스연질캡슐_(1캡슐),chlorpheniramine
645210520,쏙콜에프연질캡슐_(1캡슐),acetaminophen
645210720,쏙코프에이연질캡슐_(1캡슐),dl-methylephedrine
645210730,쏙콜에이연질캡슐_(1캡슐),chlorpheniramine
645210730,쏙콜에이연질캡슐_(1캡슐),pseudoephedrine
645804260,싹코프정_(1정),dextromethorphan
645804270,싹콜드정_(1정),chlorpheniramine
645905370,데나그라정100mg(실데나필시트르산염)_(0.14045g/1정),sildenafil
646902580,타이레놀콜드-에스정_(1정),dextromethorphan
646902580,타이레놀콜드-에스정_(1정),pseudoephedrine
647603470,세다큐코프연질캡슐_(1캡슐),guaifenesin
647604010,세다큐업콜드연질캡슐_(1캡슐),triprolidine
647803460,트레스탄츄정_(1정),dl-carnitine
647803650,해피그라정50밀리그램(실데나필시트르산염)_(70.23mg/1정),sildenafil
647804160,해피롱정10밀리그램(타다라필)_(10mg/1정),tadalafil
647804210,해피롱정20밀리그램(타다라필)_(20mg/1정),tadalafil
647804220,해피롱정5밀리그램(타다라필)_(5mg/1정),tadalafil
647805881,락콜드코프시럽_(20mL),guaifenesin
648604280,그대로필정50밀리그램(실데나필시트르산염)_(70.23mg/1정),sildenafil
648604990,윈콜드코프연질캡슐_(1캡슐),acetaminophen
648903441,크레셈바주200mg(이사부코나조늄황산염)_(0.2g/200mg),isavuconazonium
649701851,해소코푸에스시럽_(20mL),ammonium
649805420,메가클린연질캡슐_(1캡슐),dl-methylephedrine
650203830,에이치-유정100밀리그램(실데나필시트르산염)_(0.14045g/1정),sildenafil
650204441,그래서산20밀리그램(타다라필)_(20mg/1포),tadalafil
651901960,콜그린에이캡슐_(1캡슐),chlorpheniramine
652903550,불티움구강붕해필름20밀리그램(타다라필)_(20mg/1장),tadalafil
652903870,불티움정5밀리그램(타다라필)_(5mg/1정),tadalafil
653403940,콜드펜연질캡슐_(1캡슐),dl-methylephedrine
653403950,콜드펜코프연질캡슐_(1캡슐),dextromethorphan
653403950,콜드펜코프연질캡슐_(1캡슐),noscapine
653406180,콜드프로펜연질캡슐_(1캡슐),pseudoephedrine
653406180,콜드프로펜연질캡슐_(1캡슐),dl-methylephedrine
653802460,콤비올에이정_(1정),chlorpheniramine
653802620,트레스오릭스훠트정_(1정),dl-carnitine
654301901,알파칼연질캡슐(알파칼시돌)_(0.5㎍/1캡슐),alfacalcidol
655404160,일성토파시티닙정5밀리그램(토파시티닙아스파르트산염)_(7.131mg/1정),tofacitinib aspartate
657202600,알프람정0.4밀리그램(알프라졸람)(Alpram Tablet 0.4mg)_(0.4mg/1정),alprazolam
657308580,동구리바록사반정10밀리그램_(10mg/1정),rivaroxaban
657806500,제이케이(JK)정10밀리그램(타다라필)_(10mg/1정),tadalafil
657807750,제이케이(JK)구강용해필름10밀리그램(타다라필)_(10mg/1장),tadalafil
658104720,이지목플러스씨캡슐_(1캡슐),ethenzamide
658105740,엑스콜콜드에프캡슐_(1캡슐),potassium guaiacolsulfonate
658105740,엑스콜콜드에프캡슐_(1캡슐),갈근탕엑스
658204770,브이그라정100밀리그램(실데나필시트르산염)_(0.14045g/1정),sildenafil
661302520,뿌레콜에프캡슐_(1캡슐),acetaminophen
661307141,방콜코프시럽_(20mL/1포),guaifenesin
661307141,방콜코프시럽_(20mL/1포),acetaminophen
661600170,두캅스에이연질캡슐_(1캡슐),trimetoquinol
661603960,화이투벤큐연질캡슐_(1캡슐),triprolidine
661604260,리드콜연질캡슐_(1캡슐),dextromethorphan
661604430,블루콜엠연질캡슐_(1캡슐),dextromethorphan
661604910,엑쎈콜연질캡슐_(1캡슐),acetaminophen
661604960,캐롤비콜드연질캡슐_(1캡슐),acetaminophen
661605350,이지콜드플러스연질캡슐_(1캡슐),dextromethorphan
661605370,이지콜드코프연질캡슐_(1캡슐),noscapine
661605400,하디큐콜드연질캡슐_(1캡슐),guaifenesin
661605420,페이지연질캡슐_(1캡슐),guaifenesin
661605670,미리코프파워연질캡슐_(1캡슐),dl-methylephedrine
661605710,화이투벤큐플러스코프연질캡슐_(1캡슐),guaifenesin
661605710,화이투벤큐플러스코프연질캡슐_(1캡슐),acetaminophen
661605720,화이투벤큐플러스연질캡슐_(1캡슐),dextromethorphan
661605970,아임파인-콜드연질캡슐_(1캡슐),dextromethorphan
661605970,아임파인-콜드연질캡슐_(1캡슐),chlorpheniramine
661605980,캐롤비콜드플러스연질캡슐_(1캡슐),dl-methylephedrine
663606740,오프콜드연질캡슐_(1캡슐),pseudoephedrine
665003020,칸데로바정5/16밀리그램_(1정),candesartan cilexetil
669501520,고든구강용해필름5mg(타다라필)_(5mg/1장),tadalafil
671702971,하벤-키즈시럽_(100mL),guaifenesin
671702971,하벤-키즈시럽_(100mL),dl-methylephedrine
671806720,시알롱기정5mg(타다라필)_(5mg/1정),tadalafil
671808140,대원콜코프연질캡슐_(1캡슐),dl-methylephedrine
674402490,큐어코프에이연질캡슐_(1캡슐),trimetoquinol
674402540,큐어기가연질캡슐_(1캡슐),dl-methylephedrine
678601940,디록사반정10밀리그램(리바록사반)_(10mg/1정),rivaroxaban
680500940,이부퀵콜드연질캡슐_(1캡슐),dextromethorphan
680500960,이부퀵코프연질캡슐_(1캡슐),bromhexine
693901490,타올라스정20밀리그램(타다라필)_(20mg/1정),tadalafil
694203160,아웃콜목골드캡슐_(1캡슐),chlorpheniramine
694203160,아웃콜목골드캡슐_(1캡슐),acetaminophen
51600281,테라플루콜드앤코프데이타임건조시럽_(1포),phenylephrine
53601660,안국뉴팜리바록사반정10밀리그램_(10mg/1정),rivaroxaban
55101870,옵티노즈연질캡슐_(1캡슐),dextromethorphan
55102040,콜민콜드연질캡슐_(1캡슐),acetaminophen
55102110,펜싹코연질캡슐_(1캡슐),acetaminophen
55102310,티엔코프연질캡슐_(1캡슐),dl-methylephedrine
55102690,토탈플루연질캡슐_(1캡슐),dl-methylephedrine
55102760,이참에콜드연질캡슐_(1정),pseudoephedrine
55102810,킥콜드에스연질캡슐_(1캡슐),dextromethorphan
55102910,팜플루콜드플러스연질캡슐_(1캡슐),pseudoephedrine
55102930,휴엔솔플러스연질캡슐_(1캡슐),dextromethorphan
57000210,올앳스정100밀리그램(실데나필시트르산염)_(0.14045g/1정),sildenafil
78900011,오소플루코프산_(1.2g/1포),dextromethorphan
622803400,마더스콜드연질캡슐_(1캡슐),pseudoephedrine
623006870,이노콜에프정_(1정),chlorpheniramine
623006870,이노콜에프정_(1정),guaifenesin
625501321,에프코프시럽_(20mL),guaifenesin
625501331,에프쿨시럽_(20mL),dextromethorphan
626501680,판텍큐플러스연질캡슐_(1캡슐),guaifenesin
626501690,판텍큐노즈플러스연질캡슐_(1캡슐),brompheniramine
626501690,판텍큐노즈플러스연질캡슐_(1캡슐),dl-methylephedrine
629702140,자록트정20밀리그램(리바록사반)_(20mg/1정),rivaroxaban
629702150,자록트정15밀리그램(리바록사반)_(15mg/1정),rivaroxaban
641500824,콜맥에스시럽_(100mL),dextromethorphan
641602930,씨콜드플러스노즈정_(1정),dl-methylephedrine
641602930,씨콜드플러스노즈정_(1정),ascorbic acid
641602930,씨콜드플러스노즈정_(1정),chlorpheniramine
641602950,씨콜드플러스정_(1정),dl-methylephedrine
641602950,씨콜드플러스정_(1정),pseudoephedrine
641602950,씨콜드플러스정_(1정),thiamine
641607830,콜드엔정_(1정),dl-methylephedrine
641608390,씨콜드프리미엄정_(1정),pseudoephedrine
641705811,아스마에프시럽_(100mL),potassium guaiacolsulfonate
641803400,하디코프에프정_(1정),dextromethorphan
641803450,하디콜정_(1정),pseudoephedrine
641803450,하디콜정_(1정),guaifenesin
642000620,시노코프캡슐_(1캡슐),dextromethorphan
642003830,아작스정20밀리그램(타다라필)_(20mg/1정),tadalafil
642004100,솔루샷쿨연질캡슐_(1캡슐),chlorpheniramine
642004110,솔루샷코프연질캡슐_(1캡슐),guaifenesin
642102310,코푸정에스_(1정),dextromethorphan
642105521,코푸시럽에스_(20mL),dl-methylephedrine
642105521,코푸시럽에스_(20mL),chlorpheniramine
642105521,코푸시럽에스_(20mL),dextromethorphan
642203190,부광실데나필정100밀리그램_(0.14045g/1정),sildenafil
642203552,코리투살에프콜드시럽_(100mL),dextromethorphan
642403960,일라정5mg(타다라필)_(5mg/1정),tadalafil
642802580,하벤코프큐연질캡슐_(1캡슐),dextromethorphan
642802590,하벤큐연질캡슐_(1캡슐),pseudoephedrine
642803321,하벤에스액_(20mL),guaifenesin
642803460,하벤파워골드캡슐_(1캡슐),dl-methylephedrine
642803490,하벤허브골드캡슐_(1캡슐),chlorpheniramine
642803490,하벤허브골드캡슐_(1캡슐),cinnamon bark dried extract
643309051,모드콜콜드시럽_(5mL),acetaminophen
643309051,모드콜콜드시럽_(5mL),chlorpheniramine
643506220,팔팔츄정50밀리그램(실데나필)_(50mg/1정),sildenafil
643506310,팔팔츄정25밀리그램(실데나필)_(25mg/1정),sildenafil
643508730,오메스트연질캡슐10/1000밀리그램_(1캡슐),rosuvastatin
643508990,맥시부펜콜드연질캡슐_(1캡슐),pseudoephedrine
643509000,맥시부펜코프연질캡슐_(1캡슐),bromhexine
643600181,그린콜샷에스시럽_(100mL),dl-methylephedrine
643605190,탁센400이부프로펜연질캡슐_(0.4g/1캡슐),ibuprofen
644003270,발탁스정100mg(실데나필시트르산염)_(0.14045g/1정),sildenafil
644302210,"알카펜네이잘연질캡슐(수출명:Alkafen-N Soft Caps., Alkafen Cough Soft Caps.)_(1캡슐)",guaifenesin
644704100,이부로엔연질캡슐(이부프로펜)_(0.4g/1캡슐),ibuprofen
644915361,제이더블유이부프로펜프리믹스주(이부프로펜)_(0.8g/208mL),ibuprofen
645403570,포르테라구강용해필름50밀리그램(실데나필)_(50mg/1장),sildenafil
645804260,싹코프정_(1정),dl-methylephedrine
645907373,동광이부프로펜주_(0.8g/8mL),ibuprofen
647603411,미놀노즈점비액(자일로메타졸린염산염)_(10mg/10mL),xylometazoline
647603480,세다큐노즈연질캡슐_(1캡슐),triprolidine
647604050,세다큐업노즈연질캡슐_(1캡슐),pseudoephedrine
647803460,트레스탄츄정_(1정),l-lysine
647803640,해피그라정100밀리그램(실데나필시트르산염)_(0.14045g/1정),sildenafil
647805881,락콜드코프시럽_(20mL),dextromethorphan
648103590,더포르테씨정20밀리그램(타다라필)_(20mg/1정),tadalafil
648301142,그린나잘스프레이모이스쳐액(옥시메타졸린염산염)_(15mg/30mL),oxymetazoline
649605940,올바스타정20/20밀리그램_(1정),rosuvastatin
649805430,클린파워연질캡슐_(1캡슐),acetaminophen
653403940,콜드펜연질캡슐_(1캡슐),pseudoephedrine
653800820,삐삐콜플러스정_(1정),pseudoephedrine
653802090,에어로민캡슐_(1캡슐),dextromethorphan
653802460,콤비올에이정_(1정),acetaminophen
653806610,이부캐치콜드연질캡슐_(1캡슐),ibuprofen
653806610,이부캐치콜드연질캡슐_(1캡슐),dextromethorphan
653806610,이부캐치콜드연질캡슐_(1캡슐),guaifenesin
654304310,노스핀캡슐_(1캡슐),noscapine
656004900,알코펜연질캡슐(이부프로펜)_(0.2g/1캡슐),ibuprofen
658105930,이지콜씨플러스캡슐_(1캡슐),ascorbic acid coated
661307151,방콜콜드시럽_(20mL/1포),chlorpheniramine
661600170,두캅스에이연질캡슐_(1캡슐),noscapine
661600220,레드콜연질캡슐_(1캡슐),pseudoephedrine
661600220,레드콜연질캡슐_(1캡슐),acetaminophen
661602800,기가에이연질캡슐_(1캡슐),guaifenesin
661603960,화이투벤큐연질캡슐_(1캡슐),pseudoephedrine
661603980,화이투벤큐코프연질캡슐_(1캡슐),guaifenesin
661604260,리드콜연질캡슐_(1캡슐),chlorpheniramine
661605350,이지콜드플러스연질캡슐_(1캡슐),chlorpheniramine
661605390,하디큐코프연질캡슐_(1캡슐),acetaminophen
661605720,화이투벤큐플러스연질캡슐_(1캡슐),acetaminophen
665003020,칸데로바정5/16밀리그램_(1정),rosuvastatin
669605550,트리젯정10/20밀리그램_(1정),ezetimibe
669805090,신코프에프연질캡슐_(1캡슐),dl-methylephedrine
670303411,네오비아세립50밀리그램(실데나필)_(50mg/1포),sildenafil
670304211,엑스코프디시럽_(100mL),pseudoephedrine
670304860,엑스코프연질캡슐 _(1캡슐),guaifenesin
670304860,엑스코프연질캡슐 _(1캡슐),dextromethorphan
670500950,로카브정30/10밀리그램_(1정),rosuvastatin
670607270,이팔정5mg(타다라필)_(5mg/1정),tadalafil
670608961,아모부로펜프리믹스주(이부프로펜)_(0.8g/208mL),ibuprofen
670800100,시알리스정10밀리그램(타다라필)_(10mg/1정),tadalafil
671807361,콜대원코프큐시럽_(20mL),dl-methylephedrine
671807361,콜대원코프큐시럽_(20mL),dextromethorphan
671807821,콜대원나이트시럽_(20mL/포),dextromethorphan
671808140,대원콜코프연질캡슐_(1캡슐),dextromethorphan
671808140,대원콜코프연질캡슐_(1캡슐),guaifenesin
674402480,큐어코프연질캡슐_(1캡슐),dl-methylephedrine
676700451,칼도롤주사액(이부프로펜)_(0.4g/4mL),ibuprofen
680500940,이부퀵콜드연질캡슐_(1캡슐),chlorpheniramine
693903462,화이투벤멘톨나잘스프레이0.1%(자일로메타졸린염산염)_(10mg/10mL),xylometazoline
694000850,대웅바이오실데나필정100밀리그램(실데나필시트르산염)_(0.14045g/1정),sildenafil
694003460,텔미로베타정80/20밀리그램_(1정),rosuvastatin
694003470,텔미로베타정40/5밀리그램_(1정),telmisartan
696601891,알타질주(주사용아스피린리신90%)_(1g/1병),aspirin lysine
698004331,코푸엔에스시럽_(20mL),dl-methylephedrine
51700111,톡콜드산_(1포),chlorpheniramine
53301160,유로빅정5밀리그램(타다라필)_(5mg/1정),tadalafil
55102070,콜민코프연질캡슐_(1캡슐),guaifenesin
55102120,펜싹코프연질캡슐_(1캡슐),dextromethorphan
55102140,펜싹콜연질캡슐_(1캡슐),pseudoephedrine
55102700,토탈코프플루연질캡슐 _(1캡슐),acetaminophen
55102740,콜록종합연질캡슐_(1캡슐),guaifenesin
55102760,이참에콜드연질캡슐_(1정),triprolidine
55102930,휴엔솔플러스연질캡슐_(1캡슐),triprolidine
55102930,휴엔솔플러스연질캡슐_(1캡슐),acetaminophen
55102930,휴엔솔플러스연질캡슐_(1캡슐),pseudoephedrine
78900011,오소플루코프산_(1.2g/1포),dl-methylephedrine
621800190,에치탑캡슐_(1캡슐),dextromethorphan
621802630,롱티메정5mg(타다라필)_(5mg/1정),tadalafil
623004980,네오콜코프캡슐_(1캡슐),dextromethorphan
623004980,네오콜코프캡슐_(1캡슐),noscapine
625501331,에프쿨시럽_(20mL),guaifenesin
625801370,메디콜캡슐_(1캡슐),caffeine
625801720,아시칼연질캡슐(알파칼시돌)_(1μg/1캡슐),alfacalcidol
626501520,이브원큐에스연질캡슐(이부프로펜)_(0.2g/1캡슐),ibuprofen
626502211,판텍타임건조시럽_(1포),glycine
626502211,판텍타임건조시럽_(1포),dextromethorphan
626502221,판피린타임나이트플루건조시럽_(1포),dextromethorphan
626502221,판피린타임나이트플루건조시럽_(1포),acetaminophen
626502331,판텍타임데이플루건조시럽_(1포),ascorbic acid
641602930,씨콜드플러스노즈정_(1정),acetaminophen
641606080,타오르정10밀리그램(타다라필)_(10mg/1정),tadalafil
641608390,씨콜드프리미엄정_(1정),acetaminophen
641608390,씨콜드프리미엄정_(1정),ascorbic acid granules 97%
641704230,속콜코프엘연질캡슐_(1캡슐),noscapine
641704230,속콜코프엘연질캡슐_(1캡슐),trimetoquinol
641803400,하디코프에프정_(1정),pseudoephedrine
641803450,하디콜정_(1정),chlorpheniramine
642004100,솔루샷쿨연질캡슐_(1캡슐),acetaminophen
642004100,솔루샷쿨연질캡슐_(1캡슐),pseudoephedrine
642004100,솔루샷쿨연질캡슐_(1캡슐),dextromethorphan
642004110,솔루샷코프연질캡슐_(1캡슐),dl-methylephedrine
642005250,시노플루콜드연질캡슐_(1캡슐),dextromethorphan
642005250,시노플루콜드연질캡슐_(1캡슐),triprolidine
642102310,코푸정에스_(1정),chlorpheniramine
642105410,래피콜코프플러스연질캡슐_(1캡슐),acetaminophen
642105410,래피콜코프플러스연질캡슐_(1캡슐),guaifenesin
642203710,부광타다라필정5mg_(5mg/1정),tadalafil
642405081,부펜솔주(이부프로펜)_(0.8g/200mL),ibuprofen
642503020,자이데나정100밀리그램(유데나필)_(0.1g/1정),udenafil
642503030,자이데나정200밀리그램(유데나필)_(0.2g/1정),udenafil
642802590,하벤큐연질캡슐_(1캡슐),guaifenesin
642803490,하벤허브골드캡슐_(1캡슐),glycyrrhiza dried extract
643203541,디펜콜콜드시럽_(20mL/1포),acetaminophen
643203541,디펜콜콜드시럽_(20mL/1포),caffeine
643300821,모드콜시럽_(100mL),acetaminophen
643306290,모드콜에스연질캡슐_(1캡슐),guaifenesin
643502490,코푸스탑플러스연질캡슐_(1캡슐),trimetoquinol
643508740,오메스트연질캡슐5/1000밀리그램_(1캡슐),rosuvastatin
643508990,맥시부펜콜드연질캡슐_(1캡슐),dextromethorphan
643600181,그린콜샷에스시럽_(100mL),chlorpheniramine
643600183,그린콜샷에스시럽_(90mL),dl-methylephedrine
644308620,아네르츄정50밀리그램(실데나필시트르산염)_(70.23mg/1정),sildenafil
644601730,콜콜코프캡슐_(1캡슐),dextromethorphan
644601730,콜콜코프캡슐_(1캡슐),carbinoxamine
644604500,콜콜콜드연질캡슐_(1캡슐),pseudoephedrine
644914170,화콜씨콜드연질캡슐_(1캡슐),pseudoephedrine
645204100,오메콜에프캡슐_(1캡슐),chlorpheniramine
645204100,오메콜에프캡슐_(1캡슐),dl-methylephedrine
645204130,오메코프에스캡슐_(1캡슐),dextromethorphan
645210520,쏙콜에프연질캡슐_(1캡슐),guaifenesin
646803220,건일이부프로펜연질캡슐400밀리그램_(0.4g/1캡슐),ibuprofen
647802710,화인코프에이캡슐_(1캡슐),chlorpheniramine
647802710,화인코프에이캡슐_(1캡슐),noscapine
649102060,뉴비그라정100밀리그램(실데나필시트르산염)_(0.14045g/1정),sildenafil
649701580,킥콜연질캡슐_(1캡슐),acetaminophen
649805080,하드코프캡슐_(1캡슐),dextromethorphan
649805080,하드코프캡슐_(1캡슐),methylephedrine
649805430,클린파워연질캡슐_(1캡슐),chlorpheniramine
650204421,그래서산5밀리그램(타다라필)_(5mg/1포),tadalafil
651206100,로스텔플러스정80/5/5밀리그램_(1정),amlodipine
653406200,콜드프로펜코프연질캡슐_(1캡슐),bromhexine
654202500,콜드브레이크캡슐_(1캡슐),acetaminophen
655604690,포드림정20mg(타다라필)_(20mg/1정),tadalafil
657309040,자이그라정50밀리그램(실데나필시트르산염)_(70.225mg/1정),sildenafil
658108621,엑스콜큐콜드시럽_(20mL/포),caffeine
658108641,엑스콜큐코프시럽_(20mL/포),dl-methylephedrine
661307341,무무키즈콜드시럽_(5mL),acetaminophen
661601580,콜스탑연질캡슐_(1캡슐),acetaminophen
661601640,푸푸에프연질캡슐_(1캡슐),dl-methylephedrine
661602800,기가에이연질캡슐_(1캡슐),dextromethorphan
661603500,제로콜연질캡슐_(1캡슐),pseudoephedrine
661603560,목기천연질캡슐_(1캡슐),guaifenesin
661603960,화이투벤큐연질캡슐_(1캡슐),acetaminophen
661603980,화이투벤큐코프연질캡슐_(1캡슐),acetaminophen
661604260,리드콜연질캡슐_(1캡슐),dl-methylephedrine
661604910,엑쎈콜연질캡슐_(1캡슐),dextromethorphan
661604960,캐롤비콜드연질캡슐_(1캡슐),chlorpheniramine
661605350,이지콜드플러스연질캡슐_(1캡슐),pseudoephedrine
661605670,미리코프파워연질캡슐_(1캡슐),chlorpheniramine
663606740,오프콜드연질캡슐_(1캡슐),acetaminophen
665001640,칸데그라정(실데나필시트르산염)_(0.14045g/1정),sildenafil
669805080,신콜에프연질캡슐_(1캡슐),pseudoephedrine
670304860,엑스코프연질캡슐 _(1캡슐),chlorpheniramine
670500940,로카브정120/20밀리그램_(1정),rosuvastatin
670500960,로카브정30/5밀리그램_(1정),fimasartan
670500980,로카브정60/5밀리그램_(1정),fimasartan
670607280,이팔정20mg(타다라필)_(20mg/1정),tadalafil
670701320,모드나캡슐_(1캡슐),caffeine
671702971,하벤-키즈시럽_(100mL),riboflavin
671702971,하벤-키즈시럽_(100mL),chlorpheniramine
671704650,카마라필정5밀리그램(타다라필)_(5mg/1정),tadalafil
671704920,타폭센정30밀리그램(다폭세틴염산염)_(33.6mg/1정),dapoxetine
671806740,시알롱기정20mg(타다라필)_(20mg/1정),tadalafil
671807361,콜대원코프큐시럽_(20mL),acetaminophen
671807821,콜대원나이트시럽_(20mL/포),pseudoephedrine
671808041,콜대원키즈콜드에스시럽_(10mL/1포),dextromethorphan
671808150,대원콜콜드연질캡슐_(1캡슐),dextromethorphan
674402480,큐어코프연질캡슐_(1캡슐),guaifenesin
674402490,큐어코프에이연질캡슐_(1캡슐),guaifenesin
674402490,큐어코프에이연질캡슐_(1캡슐),dextromethorphan
679601410,리드플루연질캡슐_(1캡슐),pseudoephedrine
680500860,위드콜드연질캡슐_(1캡슐),acetaminophen
680500870,위드코프연질캡슐_(1캡슐),guaifenesin
680500940,이부퀵콜드연질캡슐_(1캡슐),guaifenesin
680500960,이부퀵코프연질캡슐_(1캡슐),ibuprofen
683101360,휴메토브정10/40밀리그램_(1정),atorvastatin
694003460,텔미로베타정80/20밀리그램_(1정),telmisartan
694003570,시알탐정5밀리그램(타다라필)_(5mg/1정),tadalafil
694203160,아웃콜목골드캡슐_(1캡슐),coptis rhizome ext powder
698004331,코푸엔에스시럽_(20mL),ammonium
51600370,애드빌리퀴겔연질캡슐(이부프로펜)_(0.2g/1캡슐),ibuprofen
51700101,톡코프산_(1포),dextromethorphan
55101940,코프패스연질캡슐_(1캡슐),chlorpheniramine
55102070,콜민코프연질캡슐_(1캡슐),acetaminophen
55102900,팜플루코프플러스연질캡슐_(1캡슐),guaifenesin
59600600,실데나킴정50밀리그램(실데나필시트르산염)_(70.23mg/1정),sildenafil
623006900,이노콜파워정_(1정),acetaminophen
625501321,에프코프시럽_(20mL),chlorpheniramine
625801100,토파시니정5밀리그램(토파시티닙아스파르트산염)_(7.131mg/1정),tofacitinib aspartate
625801380,메디코프캡슐_(1캡슐),acetaminophen
626501680,판텍큐플러스연질캡슐_(1캡슐),pseudoephedrine
641608390,씨콜드프리미엄정_(1정),riboflavin
641705811,아스마에프시럽_(100mL),dextromethorphan
642000620,시노코프캡슐_(1캡슐),diprophylline
642203770,코리투살에스콜드연질캡슐_(1캡슐),guaifenesin
642403950,일라정20mg(타다라필)_(20mg/1정),tadalafil
642507050,자이데나정75밀리그램(유데나필)_(75mg/1정),udenafil
642800940,아스노캅셀_(1캡슐),potassium guaiacolsulfonate
642803321,하벤에스액_(20mL),acetaminophen
643101900,펜디씬정(펜디메트라진타르타르산염)_(35mg/1정),phendimetrazine
643203541,디펜콜콜드시럽_(20mL/1포),dl-methylephedrine
643203551,디펜콜코프시럽_(20mL/1포),dextromethorphan
643300791,모드코프시럽_(100mL),pseudoephedrine
643306290,모드콜에스연질캡슐_(1캡슐),dl-methylephedrine
644601290,콜콜에스캡슐_(1캡슐),guaifenesin
644801492,"옥시졸나잘액(옥시메타졸린염산염)(수출명:오리지날릴리프액,엑스트라모이스처라이징비액,사이너스비액)_(15mg/30mL)",oxymetazoline
645204100,오메콜에프캡슐_(1캡슐),caffeine
645210720,쏙코프에이연질캡슐_(1캡슐),dextromethorphan
645404340,하나롱정20밀리그램(타다라필)_(20mg/1정),tadalafil
645604630,설레구강용해필름10밀리그램(타다라필)_(10mg/1장),tadalafil
645804270,싹콜드정_(1정),dextromethorphan
645804270,싹콜드정_(1정),acetaminophen
647603480,세다큐노즈연질캡슐_(1캡슐),dextromethorphan
647604020,세다큐업코프연질캡슐_(1캡슐),acetaminophen
647802340,트레스탄캡슐_(1캡슐),dl-carnitine
647802710,화인코프에이캡슐_(1캡슐),dl-methylephedrine
648104980,그날엔콜드에이연질캡슐_(1캡슐),dextromethorphan
648604980,윈콜드연질캡슐_(1캡슐),dextromethorphan
649102820,뉴씨그라구강용해필름20mg(타다라필)_(20mg/1장),tadalafil
649701580,킥콜연질캡슐_(1캡슐),dl-methylephedrine
649805080,하드코프캡슐_(1캡슐),carbinoxamine
651205800,암로반플러스정5/160/10밀리그램_(1정),amlodipine
653805010,트레스오릭스포르테캡슐_(1캡슐),cyproheptadine orotate
654004100,비아맥스정100밀리그램(실데나필시트르산염)_(0.14045g/1정),sildenafil
657804960,푸로그라정100밀리그램(실데나필시트르산염)_(0.14045g/1정),sildenafil
657806510,제이케이(JK)정20밀리그램(타다라필)_(20mg/1정),tadalafil
658105740,엑스콜콜드에프캡슐_(1캡슐),ascorbic acid
658105930,이지콜씨플러스캡슐_(1캡슐),pseudoephedrine
658105930,이지콜씨플러스캡슐_(1캡슐),thiamine
658108621,엑스콜큐콜드시럽_(20mL/포),dl-methylephedrine
658202890,헤로스정20mg(타다라필)_(20mg/1정),tadalafil
661307141,방콜코프시럽_(20mL/1포),dl-methylephedrine
661307141,방콜코프시럽_(20mL/1포),dextromethorphan
661600170,두캅스에이연질캡슐_(1캡슐),chlorpheniramine
661601580,콜스탑연질캡슐_(1캡슐),guaifenesin
661601640,푸푸에프연질캡슐_(1캡슐),dextromethorphan
661603970,화이투벤큐노즈연질캡슐_(1캡슐),dl-methylephedrine
661603980,화이투벤큐코프연질캡슐_(1캡슐),triprolidine
661603980,화이투벤큐코프연질캡슐_(1캡슐),dextromethorphan
661604260,리드콜연질캡슐_(1캡슐),acetaminophen
661604260,리드콜연질캡슐_(1캡슐),guaifenesin
661604430,블루콜엠연질캡슐_(1캡슐),guaifenesin
661604430,블루콜엠연질캡슐_(1캡슐),trimetoquinol
661605010,모아콜연질캡슐_(1캡슐),dl-methylephedrine
661605670,미리코프파워연질캡슐_(1캡슐),guaifenesin
661605950,캐롤비코프플러스연질캡슐_(1캡슐),chlorpheniramine
661605970,아임파인-콜드연질캡슐_(1캡슐),cinnamon bark powder
661904470,푸로리스정20mg(타다라필)_(20mg/1정),tadalafil
669805080,신콜에프연질캡슐_(1캡슐),chlorpheniramine
669805090,신코프에프연질캡슐_(1캡슐),guaifenesin
669805910,자렉사반정20밀리그램(리바록사반)_(20mg/1정),rivaroxaban
670304211,엑스코프디시럽_(100mL),guaifenesin
670305000,마이펜이부400연질캡슐(이부프로펜)_(0.4g/1캡슐),ibuprofen
670500940,로카브정120/20밀리그램_(1정),fimasartan
670607751,아모부로펜주(이부프로펜)_(0.4g/4mL),ibuprofen
670609342,휴온스이소프로테레놀염산염주사_(0.2mg/1mL),isoproterenol
671808150,대원콜콜드연질캡슐_(1캡슐),chlorpheniramine
674402500,큐어콜연질캡슐_(1캡슐),guaifenesin
679601410,리드플루연질캡슐_(1캡슐),dextromethorphan
680500860,위드콜드연질캡슐_(1캡슐),dl-methylephedrine
680500940,이부퀵콜드연질캡슐_(1캡슐),bromhexine
693201030,나비그라정100밀리그램(실데나필시트르산염)_(0.14045g/1정),sildenafil
55101890,옵티코프연질캡슐_(1캡슐),noscapine
55102070,콜민코프연질캡슐_(1캡슐),dextromethorphan
55102460,테라콜드연질캡슐_(1캡슐),acetaminophen
55102750,콜록코프연질캡슐_(1캡슐),acetaminophen
621804210,토파시닉정5밀리그램(토파시티닙아스파르트산염)_(7.131mg/1정),tofacitinib aspartate
622600100,센트립구강용해필름10mg(타다라필)_(10mg/1장),tadalafil
622802880,이부쎈에프정(이부프로펜아르기닌)_(0.3689g/1정),ibuprofen arginine
622803400,마더스콜드연질캡슐_(1캡슐),guaifenesin
623004980,네오콜코프캡슐_(1캡슐),carbinoxamine
623006900,이노콜파워정_(1정),dextromethorphan
626501700,판텍큐코프플러스연질캡슐_(1캡슐),chlorpheniramine
626502331,판텍타임데이플루건조시럽_(1포),caffeine
641500824,콜맥에스시럽_(100mL),chlorpheniramine
641602960,씨콜드플러스코프정_(1정),acetaminophen
641602960,씨콜드플러스코프정_(1정),caffeine
641605660,누리그라정25밀리그램(실데나필시트르산염)_(35.11mg/1정),sildenafil
641702520,프리넥캡슐_(1캡슐),methylephedrine
641705020,일양타다라필정20mg(타다라필)_(20mg/1정),tadalafil
641706591,알타질주(주사용아스피린리신90%)_(1g/1병),aspirin lysine
641907060,오설램정5밀리그램(타다라필)_(5mg/1정),tadalafil
642104690,타다포스정20mg(타다라필)_(20mg/1정),tadalafil
642105890,래피콜콜드연질캡슐_(1캡슐),guaifenesin
642203552,코리투살에프콜드시럽_(100mL),dl-methylephedrine
642203770,코리투살에스콜드연질캡슐_(1캡슐),pseudoephedrine
642803460,하벤파워골드캡슐_(1캡슐),guaifenesin
642902060,캐롤에프정(이부프로펜아르기닌)_(0.3689g/1정),ibuprofen arginine
643300821,모드콜시럽_(100mL),chlorpheniramine
643306290,모드콜에스연질캡슐_(1캡슐),dextromethorphan
643309051,모드콜콜드시럽_(5mL),dextromethorphan
643309051,모드콜콜드시럽_(5mL),dl-methylephedrine
643508990,맥시부펜콜드연질캡슐_(1캡슐),dl-methylephedrine
644103090,발그리아정100밀리그램(실데나필시트르산염)_(0.14045g/1정),sildenafil
644502110,콜락연질캡슐_(1캡슐),chlorpheniramine
644703870,엠빅스에스구강붕해필름100밀리그램(미로데나필)_(0.1g/1장),mirodenafil
644911951,원플루주(플루코나졸)_(0.2g/100mL),fluconazole
644915220,화콜정_(1정),acetaminophen
645204130,오메코프에스캡슐_(1캡슐),pseudoephedrine
645209390,쏙콜에스연질캡슐_(1캡슐),dextromethorphan
645301022,"시너스비액(옥시메타졸린염산염)(수출명:오리지날릴리프비액,엑스트라모이스처라이징비액,사이너스비액)_(15mg/30mL)",oxymetazoline
645307000,"라베프탑정10/400밀리그램(라베프라졸,탄산수소나트륨)_(1정)",rabeprazole
646802501,세리비아세립50밀리그램(실데나필)_(50mg/1포),sildenafil
647603460,세다큐콜드연질캡슐_(1캡슐),guaifenesin
647603460,세다큐콜드연질캡슐_(1캡슐),triprolidine
647603480,세다큐노즈연질캡슐_(1캡슐),dl-methylephedrine
647604020,세다큐업코프연질캡슐_(1캡슐),dextromethorphan
647805891,락콜드종합시럽_(20mL),chlorpheniramine
648604990,윈콜드코프연질캡슐_(1캡슐),guaifenesin
648900380,비아그라정25밀리그람(실데나필시트르산염)_(35.11mg/1정),sildenafil
651205790,암로반플러스정5/160/5밀리그램_(1정),rosuvastatin
651504200,리박사반정20밀리그램(리바록사반)_(20mg/1정),rivaroxaban
653403950,콜드펜코프연질캡슐_(1캡슐),triprolidine
653405380,엠슈타인구강용해필름100밀리그램(실데나필)_(0.1g/1장),sildenafil
653800820,삐삐콜플러스정_(1정),dexbrompheniramine
658105930,이지콜씨플러스캡슐_(1캡슐),acetaminophen
658108621,엑스콜큐콜드시럽_(20mL/포),chlorpheniramine
661307151,방콜콜드시럽_(20mL/1포),dextromethorphan
661307341,무무키즈콜드시럽_(5mL),chlorpheniramine
661604050,레드코프에프연질캡슐_(1캡슐),pseudoephedrine
661605010,모아콜연질캡슐_(1캡슐),guaifenesin
661605390,하디큐코프연질캡슐_(1캡슐),guaifenesin
661605720,화이투벤큐플러스연질캡슐_(1캡슐),dl-methylephedrine
661605790,콜감나이트연질캡슐_(1캡슐),dl-methylephedrine
661605790,콜감나이트연질캡슐_(1캡슐),glycyrrhiza powder
664901790,시아놀정5밀리그램(타다라필)_(5mg/1정),tadalafil
669501420,고든구강용해필름20mg(타다라필)_(20mg/1장),tadalafil
669501530,고든구강용해필름10mg(타다라필)_(10mg/1장),tadalafil
669805090,신코프에프연질캡슐_(1캡슐),acetaminophen
670303750,캐치콜에스연질캡슐_(1캡슐),dl-methylephedrine
670303750,캐치콜에스연질캡슐_(1캡슐),guaifenesin
670303750,캐치콜에스연질캡슐_(1캡슐),dextromethorphan
670701320,모드나캡슐_(1캡슐),guaifenesin
670800500,시알리스정5밀리그램(타다라필)_(5mg/1정),tadalafil
671807361,콜대원코프큐시럽_(20mL),caffeine
671807361,콜대원코프큐시럽_(20mL),guaifenesin
671807821,콜대원나이트시럽_(20mL/포),doxylamine
674402480,큐어코프연질캡슐_(1캡슐),dextromethorphan
674402500,큐어콜연질캡슐_(1캡슐),pseudoephedrine
676700471,칼도롤주사액(이부프로펜)_(0.8g/8mL),ibuprofen
694003550,시알탐정10밀리그램(타다라필)_(10mg/1정),tadalafil
698004500,넥스투정20/800밀리그램_(1정),esomeprazole
698400580,아트로메가콤비젤연질캡슐5/1000밀리그램_(1캡슐),atorvastatin
52401990,토르티정20밀리그램(타다라필)_(20mg/1정),tadalafil
55102120,펜싹코프연질캡슐_(1캡슐),noscapine
55102460,테라콜드연질캡슐_(1캡슐),triprolidine
59400090,로수바로오디정10밀리그램(로수바스타틴칼슘(미분화))_(10.4mg/1정),rosuvastatin
72400260,와이투로수바정5밀리그램(로수바스타틴칼슘)_(5.2mg/1정),rosuvastatin
625501331,에프쿨시럽_(20mL),caffeine
625801400,브이콜에이치캡슐_(1캡슐),chlorpheniramine
625801410,브이코프에이치캡슐_(1캡슐),chlorpheniramine
626501700,판텍큐코프플러스연질캡슐_(1캡슐),acetaminophen
626502221,판피린타임나이트플루건조시럽_(1포),dl-methylephedrine
626502331,판텍타임데이플루건조시럽_(1포),chlorpheniramine
628801700,타다필구강용해필름20밀리그램(타다라필)_(20mg/1장),tadalafil
641602950,씨콜드플러스정_(1정),acetaminophen
641705030,일양타다라필정5mg(타다라필)_(5mg/1정),tadalafil
641803450,하디콜정_(1정),caffeine
642105410,래피콜코프플러스연질캡슐_(1캡슐),dl-methylephedrine
642204680,타세놀콜드캡슐_(1캡술),dl-methylephedrine
642801630,하벤목에스캡슐_(1캡슐),ethenzamide
643203541,디펜콜콜드시럽_(20mL/1포),guaifenesin
643306290,모드콜에스연질캡슐_(1캡슐),acetaminophen
643307720,센글라정50밀리그램(실데나필시트르산염)_(70.23mg/1정),sildenafil
643506240,팔팔정100밀리그램(실데나필시트르산염)_(0.14045g/1정),sildenafil
644103441,이부피펜프리믹스주(이부프로펜)_(0.4g/104mL),ibuprofen
644804841,메타리빈액0.1%(자일로메타졸린염산염)_(30mg/30mL),xylometazoline
644805660,바스크롱에프캡슐_(1캡슐),dextromethorphan
644915220,화콜정_(1정),pseudoephedrine
645204130,오메코프에스캡슐_(1캡슐),acetaminophen
645210520,쏙콜에프연질캡슐_(1캡슐),dextromethorphan
645210530,쏙코프에프연질캡슐_(1캡슐),acetaminophen
647304140,넥시오메듀오정20/800밀리그램_(1정),esomeprazole
647603460,세다큐콜드연질캡슐_(1캡슐),dl-methylephedrine
647604050,세다큐업노즈연질캡슐_(1캡슐),acetaminophen
649805420,메가클린연질캡슐_(1캡슐),guaifenesin
651206100,로스텔플러스정80/5/5밀리그램_(1정),telmisartan
652604860,푸링정(펜디메트라진타르타르산염)_(35mg/1정),phendimetrazine
653806380,실데그라정50밀리그램(실데나필시트르산염)_(70.23mg/1정),sildenafil
654702260,롱맥스정10밀리그램(타다라필)_(10mg/1정),tadalafil
655604700,포드림정5mg(타다라필)_(5mg/1정),tadalafil
661603560,목기천연질캡슐_(1캡슐),chlorpheniramine
661603570,미그펜400연질캡슐(이부프로펜)_(0.4g/1캡슐),ibuprofen
661605720,화이투벤큐플러스연질캡슐_(1캡슐),guaifenesin
661605730,화이투벤큐플러스노즈연질캡슐_(1캡슐),dl-methylephedrine
661605950,캐롤비코프플러스연질캡슐_(1캡슐),acetaminophen
661605970,아임파인-콜드연질캡슐_(1캡슐),acetaminophen
663606740,오프콜드연질캡슐_(1캡슐),triprolidine
670304190,엑스코프에이연질캡슐_(1캡슐),dextromethorphan
670500960,로카브정30/5밀리그램_(1정),rosuvastatin
671706622,이브포프리믹스주(이부프로펜)_(0.8g/200mL),ibuprofen
671807351,콜대원콜드큐시럽_(20mL),chlorpheniramine
671808150,대원콜콜드연질캡슐_(1캡슐),dl-methylephedrine
671808150,대원콜콜드연질캡슐_(1캡슐),guaifenesin
680500860,위드콜드연질캡슐_(1캡슐),pseudoephedrine
51600330,애드빌정(이부프로펜)_(0.2g/1정),ibuprofen
55101890,옵티코프연질캡슐_(1캡슐),dextromethorphan
55101890,옵티코프연질캡슐_(1캡슐),guaifenesin
55101970,킥코프에프연질캡슐_(1캡슐),dextromethorphan
55102110,펜싹코연질캡슐_(1캡슐),triprolidine
55102140,펜싹콜연질캡슐_(1캡슐),acetaminophen
55102810,킥콜드에스연질캡슐_(1캡슐),dl-methylephedrine
55102910,팜플루콜드플러스연질캡슐_(1캡슐),dl-methylephedrine
622800850,프리카바에프캡슐(수출명:FreecofCapsules)_(1캡슐),dextromethorphan
626502221,판피린타임나이트플루건조시럽_(1포),riboflavin
641500821,콜맥에스시럽_(90mL),dl-methylephedrine
641602930,씨콜드플러스노즈정_(1정),thiamine
641602950,씨콜드플러스정_(1정),caffeine
641602950,씨콜드플러스정_(1정),ascorbic acid
641605430,누리그라정100밀리그램(실데나필시트르산염)_(0.14045g/1정),sildenafil
641608390,씨콜드프리미엄정_(1정),diphenhydramine
641702820,속콜큐어캡슐_(1캡슐),chlorpheniramine
641702820,속콜큐어캡슐_(1캡슐),noscapine
641705811,아스마에프시럽_(100mL),plantago herb fluid extract
641705811,아스마에프시럽_(100mL),dl-methylephedrine
641803450,하디콜정_(1정),dextromethorphan
642005250,시노플루콜드연질캡슐_(1캡슐),acetaminophen
642102291,코푸시럽에스_(500mL),dl-methylephedrine
642204680,타세놀콜드캡슐_(1캡술),acetaminophen
643502490,코푸스탑플러스연질캡슐_(1캡슐),noscapine
645101707,살부톨흡입액(살부타몰황산염)_(90mg/15mL),salbutamol
645204100,오메콜에프캡슐_(1캡슐),dextromethorphan
647603480,세다큐노즈연질캡슐_(1캡슐),pseudoephedrine
653006780,라베탄정20/800밀리그램_(1정),rabeprazole
653403950,콜드펜코프연질캡슐_(1캡슐),guaifenesin
654304310,노스핀캡슐_(1캡슐),dextromethorphan
658105930,이지콜씨플러스캡슐_(1캡슐),galgeun-tang ext
658108621,엑스콜큐콜드시럽_(20mL/포),guaifenesin
661601580,콜스탑연질캡슐_(1캡슐),chlorpheniramine
661603530,스피콜드연질캡슐_(1캡슐),chlorpheniramine
661603970,화이투벤큐노즈연질캡슐_(1캡슐),dextromethorphan
661605010,모아콜연질캡슐_(1캡슐),chlorpheniramine
661605400,하디큐콜드연질캡슐_(1캡슐),pseudoephedrine
661605730,화이투벤큐플러스노즈연질캡슐_(1캡슐),acetaminophen
663605410,보그라정100밀리그램(실데나필시트르산염)_(0.14045g/1정),sildenafil
669805020,엘씨펜연질캡슐400mg(이부프로펜)_(0.4g/1캡슐),ibuprofen
670605870,프리스틴구강용해필름50밀리그램(실데나필)_(50mg/1장),sildenafil
670702100,모드나정_(1정),acetaminophen
671704930,타폭센정60밀리그램(다폭세틴염산염)_(67.2mg/1정),dapoxetine
671706621,이브포프리믹스주(이부프로펜)_(0.4g/100mL),ibuprofen
673400320,큐데나필정100밀리그램(실데나필시트르산염)_(0.14045mg/1정),sildenafil
674402500,큐어콜연질캡슐_(1캡슐),chlorpheniramine
674900470,프릴리지정60밀리그램(다폭세틴염산염)_(67.2mg/1정),dapoxetine
680500960,이부퀵코프연질캡슐_(1캡슐),dl-methylephedrine
55101850,이부로엔에스연질캡슐(이부프로펜)_(0.4g/1캡슐),ibuprofen
55101970,킥코프에프연질캡슐_(1캡슐),dl-methylephedrine
55102780,이참에코프연질캡슐_(1캡슐),acetaminophen
55102810,킥콜드에스연질캡슐_(1캡슐),chlorpheniramine
55102930,휴엔솔플러스연질캡슐_(1캡슐),guaifenesin
59400080,로수바로오디정20밀리그램(로수바스타틴칼슘(미분화))_(20.8mg/1정),rosuvastatin
73400010,비아그라정100밀리그람(실데나필시트르산염)_(0.14045g/1정),sildenafil
623006900,이노콜파워정_(1정),chlorpheniramine
626501700,판텍큐코프플러스연질캡슐_(1캡슐),guaifenesin
626502331,판텍타임데이플루건조시럽_(1포),riboflavin
641500781,맥코프시럽_(100mL),dextromethorphan
642204680,타세놀콜드캡슐_(1캡술),caffeine
643306290,모드콜에스연질캡슐_(1캡슐),chlorpheniramine
644601290,콜콜에스캡슐_(1캡슐),thiamine
645604080,바미라크정100밀리그램(실데나필시트르산염)_(0.14045g/1정),sildenafil
647304650,엘다라필정20밀리그램(타다라필)_(20mg/1정),tadalafil
647805891,락콜드종합시럽_(20mL),acetaminophen
648104970,그날엔코프에이연질캡슐_(1캡슐),acetaminophen
648602960,제대로필구강용해필름10밀리그램(타다라필)_(10mg/1장),tadalafil
648603040,제대로필구강용해필름5밀리그램(타다라필)_(5mg/1장),tadalafil
648604850,이부센연질캡슐(이부프로펜)_(0.4g/1캡슐),ibuprofen
651206090,로스텔플러스정40/5/5밀리그램_(1정),telmisartan
652603590,타다프리정5밀리그램(타다라필)_(5mg/1정),tadalafil
653400391,디플루주사(플루코나졸)[수출명:디플루주0.2%(플루코나졸)플루코나존주사]_(0.1g/50mL),fluconazole
653805010,트레스오릭스포르테캡슐_(1캡슐),dl-carnitine
658105740,엑스콜콜드에프캡슐_(1캡슐),dextromethorphan
660703720,위더굿구강붕해필름20밀리그램(타다라필)_(20mg/1장),tadalafil
661307341,무무키즈콜드시럽_(5mL),guaifenesin
661602800,기가에이연질캡슐_(1캡슐),d-chlorpheniramine
661603500,제로콜연질캡슐_(1캡슐),guaifenesin
661603970,화이투벤큐노즈연질캡슐_(1캡슐),pseudoephedrine
661604910,엑쎈콜연질캡슐_(1캡슐),dl-methylephedrine
661605000,엑쎈코프에스연질캡슐_(1캡슐),acetaminophen
670304190,엑스코프에이연질캡슐_(1캡슐),trimetoquinol
670304190,엑스코프에이연질캡슐_(1캡슐),guaifenesin
670500970,로카브정60/10밀리그램_(1정),fimasartan
671702971,하벤-키즈시럽_(100mL),thiamine
694000860,대웅바이오실데나필정50밀리그램(실데나필시트르산염)_(70.23mg/1정),sildenafil
55102040,콜민콜드연질캡슐_(1캡슐),chlorpheniramine
55102110,펜싹코연질캡슐_(1캡슐),dl-methylephedrine
55102750,콜록코프연질캡슐_(1캡슐),dl-methylephedrine
625501321,에프코프시럽_(20mL),acetaminophen
641702820,속콜큐어캡슐_(1캡슐),potassium guaiacolsulfonate
641705811,아스마에프시럽_(100mL),platycodon root fluid extract
642308671,삼성이부프로펜프리믹스주_(0.4g/100mL),ibuprofen
642800940,아스노캅셀_(1캡슐),dextromethorphan
642801630,하벤목에스캡슐_(1캡슐),guaifenesin
643307040,센돔구강용해필름20밀리그램(타다라필)_(20mg/1장),tadalafil
643506250,팔팔정50밀리그램(실데나필시트르산염)_(70.23mg/1정),sildenafil
643600183,그린콜샷에스시럽_(90mL),dextromethorphan
644601290,콜콜에스캡슐_(1캡슐),riboflavin
645209380,쏙코프에스연질캡슐_(1캡슐),guaifenesin
647603470,세다큐코프연질캡슐_(1캡슐),triprolidine
651206090,로스텔플러스정40/5/5밀리그램_(1정),rosuvastatin
653403940,콜드펜연질캡슐_(1캡슐),acetaminophen
658105740,엑스콜콜드에프캡슐_(1캡슐),chlorpheniramine
658108641,엑스콜큐코프시럽_(20mL/포),caffeine
661307151,방콜콜드시럽_(20mL/1포),caffeine
661603560,목기천연질캡슐_(1캡슐),trimetoquinol
661605000,엑쎈코프에스연질캡슐_(1캡슐),guaifenesin
661605970,아임파인-콜드연질캡슐_(1캡슐),dl-methylephedrine
670104500,미가펜후레쉬연질캡슐(이부프로펜)_(0.4g/1캡슐),ibuprofen
670500980,로카브정60/5밀리그램_(1정),rosuvastatin
673400450,트라이필정20밀리그램(타다라필)_(20mg/1정),tadalafil
674402540,큐어기가연질캡슐_(1캡슐),dextromethorphan
680500960,이부퀵코프연질캡슐_(1캡슐),dextromethorphan
694003480,텔미로베타정40/10밀리그램_(1정),rosuvastatin
698004331,코푸엔에스시럽_(20mL),chlorpheniramine
55102690,토탈플루연질캡슐_(1캡슐),chlorpheniramine
55102770,이참에노즈연질캡슐_(1정),dextromethorphan
622805350,시알엠정20밀리그램(타다라필)_(20mg/1정),tadalafil
641704350,일양실데나필정50밀리그램(실데나필시트르산염)_(70.23mg/1정),sildenafil
641704360,일양실데나필정100밀리그램_(0.14045g/1정),sildenafil
641805180,아디펙스정18.75mg(펜터민염산염)_(18.75mg/1정),phentermine
642004110,솔루샷코프연질캡슐_(1캡슐),dextromethorphan
642802580,하벤코프큐연질캡슐_(1캡슐),guaifenesin
642803341,하벤코프에스액_(20mL),dextromethorphan
643307020,센돔정10밀리그램(타다라필)_(10mg/1정),tadalafil
643308840,야일라정10밀리그램(바데나필염산염)_(11.852mg/1정),vardenafil
644601290,콜콜에스캡슐_(1캡슐),pseudoephedrine
644915351,제이더블유이부프로펜프리믹스주(이부프로펜)_(0.4g/104mL),ibuprofen
645210520,쏙콜에프연질캡슐_(1캡슐),chlorpheniramine
648604290,그대로필정100밀리그램(실데나필시트르산염)_(0.14045g/1정),sildenafil
649805430,클린파워연질캡슐_(1캡슐),dextromethorphan
651901960,콜그린에이캡슐_(1캡슐),dextromethorphan
652603200,프리야정50밀리그램(실데나필시트르산염)_(70.23mg/1정),sildenafil
652603580,타다프리정20밀리그램(타다라필)_(20mg/1정),tadalafil
656005680,프레야지정30밀리그램(다폭세틴염산염)_(33.6mg/1정),dapoxetine
661307050,페인에리퀴드연질캡슐(이부프로펜)_(0.2g/1캡슐),ibuprofen
661603530,스피콜드연질캡슐_(1캡슐),guaifenesin
661603530,스피콜드연질캡슐_(1캡슐),dextromethorphan
661604260,리드콜연질캡슐_(1캡슐),pseudoephedrine
661604960,캐롤비콜드연질캡슐_(1캡슐),dextromethorphan
661605080,레드넥콜연질캡슐_(1캡슐),dextromethorphan
661605370,이지콜드코프연질캡슐_(1캡슐),guaifenesin
669805090,신코프에프연질캡슐_(1캡슐),dextromethorphan
670701320,모드나캡슐_(1캡슐),chlorpheniramine
694205300,화이콜캡슐_(1캡슐),caffeine
51700111,톡콜드산_(1포),acetaminophen
52402000,토르에스정50밀리그램(실데나필시트르산염)_(70.23mg/1정),sildenafil
55102110,펜싹코연질캡슐_(1캡슐),dextromethorphan
55102810,킥콜드에스연질캡슐_(1캡슐),guaifenesin
73400050,비아그라정50밀리그람(실데나필시트르산염)_(70.23mg/1정),sildenafil
78900021,오소플루콜드산_(1포),acetaminophen
622600030,비닉스구강붕해필름50밀리그램(실데나필시트르산염)_(70.23mg/1장),sildenafil
622803400,마더스콜드연질캡슐_(1캡슐),dl-methylephedrine
622803400,마더스콜드연질캡슐_(1캡슐),chlorpheniramine
625801370,메디콜캡슐_(1캡슐),chlorpheniramine
642104260,래피콜데이앤나잇연질캡슐_(1캡슐),acetaminophen
642105890,래피콜콜드연질캡슐_(1캡슐),acetaminophen
642204730,타세놀이부연질캡슐400밀리그램(이부프로펜)_(0.4g/1캡슐),ibuprofen
642802580,하벤코프큐연질캡슐_(1캡슐),acetaminophen
642803341,하벤코프에스액_(20mL),chlorpheniramine
643101910,펜트민정(펜터민염산염)_(37.5mg/1정),phentermine
643509000,맥시부펜코프연질캡슐_(1캡슐),dl-methylephedrine
644604500,콜콜콜드연질캡슐_(1캡슐),guaifenesin
647304140,넥시오메듀오정20/800밀리그램_(1정),sodium bicarbonate
652606270,푸링세미정(펜디메트라진타르타르산염)_(17.5mg/1정),phendimetrazine
652903160,펜디진정35mg(펜디메트라진타르타르산염)_(35mg/1정),phendimetrazine
654004590,썬카정5밀리그램(타다라필)_(5mg/1정),tadalafil
661605730,화이투벤큐플러스노즈연질캡슐_(1캡슐),triprolidine
671704640,카마라필정20밀리그램(타다라필)_(20mg/1정),tadalafil
683101291,이부펜주(이부프로펜)_(0.4g/4mL),ibuprofen
694205300,화이콜캡슐_(1캡슐),guaifenesin
694205300,화이콜캡슐_(1캡슐),chlorpheniramine
52402010,토르에스정100밀리그램(실데나필시트르산염)_(0.14045g/1정),sildenafil
59400070,로수바로오디정5밀리그램(로수바스타틴칼슘(미분화))_(5.2mg/1정),rosuvastatin
641605920,누리그라구강붕해필름50밀리그램(실데나필시트르산염)_(70.23mg/1장),sildenafil
642203770,코리투살에스콜드연질캡슐_(1캡슐),chlorpheniramine
642204680,타세놀콜드캡슐_(1캡술),dextromethorphan
644601290,콜콜에스캡슐_(1캡슐),acetaminophen
644601730,콜콜코프캡슐_(1캡슐),potassium guaiacolsulfonate
645202640,틴틴정(펜터민염산염)_(37.5mg/1정),phentermine
649701851,해소코푸에스시럽_(20mL),chlorpheniramine
651901960,콜그린에이캡슐_(1캡슐),acetaminophen
653403230,엠스트롱정5밀리그램(타다라필)_(5mg/1정),tadalafil
653802620,트레스오릭스훠트정_(1정),l-lysine
658604640,에콕시아정(에토리콕시브)_(30mg/1정),etoricoxib
661302520,뿌레콜에프캡슐_(1캡슐),pseudoephedrine
661605420,페이지연질캡슐_(1캡슐),dextromethorphan
661605420,페이지연질캡슐_(1캡슐),noscapine
661605790,콜감나이트연질캡슐_(1캡슐),pseudoephedrine
661605950,캐롤비코프플러스연질캡슐_(1캡슐),dextromethorphan
670102080,페티노정(펜디메트라진타르타르산염)_(35mg/1정),phendimetrazine
671702971,하벤-키즈시럽_(100mL),acetaminophen
694203160,아웃콜목골드캡슐_(1캡슐),ethenzamide
54300452,레스피비엔액(옥시메타졸린염산염)_(7.5mg/15mL),oxymetazoline
55101970,킥코프에프연질캡슐_(1캡슐),acetaminophen
55102740,콜록종합연질캡슐_(1캡슐),chlorpheniramine
55102810,킥콜드에스연질캡슐_(1캡슐),acetaminophen
622800850,프리카바에프캡슐(수출명:FreecofCapsules)_(1캡슐),carbinoxamine
641907430,오바램정50밀리그램(실데나필시트르산염)_(70.23mg/1정),sildenafil
642105410,래피콜코프플러스연질캡슐_(1캡슐),dextromethorphan
643309041,모드콜콜드시럽_(15mL),dl-methylephedrine
643507170,구구츄정5밀리그램(타다라필)_(5mg/1정),tadalafil
645907371,동광이부프로펜주_(0.4g/4mL),ibuprofen
647604010,세다큐업콜드연질캡슐_(1캡슐),guaifenesin
648603100,제대로필정5밀리그램(타다라필)_(5mg/1정),tadalafil
651905290,보세틴정20밀리그램(보티옥세틴브롬화수소산염)_(25.42mg/1정),vortioxetine
653404950,엠슈타인정50밀리그램(실데나필시트르산염)_(70.23mg/1정),sildenafil
653802460,콤비올에이정_(1정),ascorbic acid
658104720,이지목플러스씨캡슐_(1캡슐),potassium guaiacolsulfonate
662601370,원광이부프로펜정400밀리그램(이부프로펜)_(0.4g/1정),ibuprofen
671702411,잼플이부펜시럽(이부프로펜)_(2g/100mL),ibuprofen
693200990,나비그라정50밀리그램(실데나필시트르산염)_(70.23mg/1정),sildenafil
59600610,실데나킴정100밀리그램(실데나필시트르산염)_(0.14045g/1정),sildenafil
622800560,로그펜정400밀리그람(이부프로펜)_(0.4g/1정),ibuprofen
622800850,프리카바에프캡슐(수출명:FreecofCapsules)_(1캡슐),methylephedrine
643508710,아비테론정500밀리그램(아비라테론아세테이트(미분화))_(0.5g/1정),abiraterone
641105830,조피고주(라듐-223염화물),radium-223
641602930,씨콜드플러스노즈정_(1정),pseudoephedrine
643301120,사이폴-엔연질캡슐50밀리그램(사이클로스포린)(수출명:데나스포연질캡슐50밀리그램)_(50mg/1캡슐),cyclosporine
643307010,센돔정5밀리그램(타다라필)_(5mg/1정),tadalafil
644004580,오메스듀오정20/800밀리그램_(1정),esomeprazole
652606610,큐시미아캡슐7.5mg/46mg_(1캡슐),phentermine
653404940,엠슈타인정100밀리그램(실데나필시트르산염)_(0.14045g/1정),sildenafil
661603960,화이투벤큐연질캡슐_(1캡슐),dextromethorphan
661603980,화이투벤큐코프연질캡슐_(1캡슐),noscapine
663603190,펜더정(펜터민염산염)_(37.5mg/1정),phentermine
669501300,플리즈구강용해필름50밀리그램(실데나필)_(50mg/1장),sildenafil
669806090,에토메드정30밀리그램(에토리콕시브)_(30mg/1정),etoricoxib
670606470,프리스틴정100mg(실데나필시트르산염)_(0.14045g/1정),sildenafil
679601410,리드플루연질캡슐_(1캡슐),acetaminophen
57600970,다나그라정100밀리그램(실데나필시트르산염)_(0.1g/1정),sildenafil
641500821,콜맥에스시럽_(90mL),dextromethorphan
641500821,콜맥에스시럽_(90mL),chlorpheniramine
641608390,씨콜드프리미엄정_(1정),potassium guaiacolsulfonate
649605940,올바스타정20/20밀리그램_(1정),olmesartan medoxomil
653802460,콤비올에이정_(1정),thiamine
654305480,큐센400이부프로펜연질캡슐_(0.4g/1캡슐),ibuprofen
661605790,콜감나이트연질캡슐_(1캡슐),dextromethorphan
663609040,테프란정25밀리그램(테고프라잔)_(25mg/1정),tegoprazan
669501370,컨덴시아정15밀리그램(클로미프라민염산염)_(15mg/1정),clomipramine
670502501,이부로펜프리믹스주(이부프로펜)_(0.4g/100mL),ibuprofen
680500690,이부뉴펜연질캡슐(이부프로펜)_(0.2g/1캡슐),ibuprofen
55102800,킥코프에스연질캡슐_(1캡슐),dl-methylephedrine
641602960,씨콜드플러스코프정_(1정),chlorpheniramine
643508740,오메스트연질캡슐5/1000밀리그램_(1캡슐),omega-3-acid ethyl esters90
646802511,세리비아세립100밀리그램(실데나필)_(0.1g/1포),sildenafil
657306110,자이그라구강붕해필름50mg(실데나필시트르산염)_(70.23mg/1장),sildenafil
658105740,엑스콜콜드에프캡슐_(1캡슐),acetaminophen
658105930,이지콜씨플러스캡슐_(1캡슐),guaifenesin
661605730,화이투벤큐플러스노즈연질캡슐_(1캡슐),dextromethorphan
653102650,실비에정100밀리그램(실데나필시트르산염)_(0.14045g/1정),sildenafil
653403250,엠스트롱정20밀리그램(타다라필)_(20mg/1정),tadalafil
658105930,이지콜씨플러스캡슐_(1캡슐),chlorpheniramine
658604010,팜페인이부연질캡슐(이부프로펜)_(0.2g/1캡슐),ibuprofen
694003560,시알탐정20밀리그램(타다라필)_(20mg/1정),tadalafil
60500980,탄탄정5밀리그램(타다라필)_(5mg/1정),tadalafil
622803400,마더스콜드연질캡슐_(1캡슐),acetaminophen
625801380,메디코프캡슐_(1캡슐),dextromethorphan
644305923,유니트렉세이트주25mg/ml(메토트렉세이트)(수출명:PterinInj)_(0.5g/20mL),methotrexate
644601730,콜콜코프캡슐_(1캡슐),noscapine
645204170,스코펜정400밀리그램(이부프로펜)_(0.4g/1정),ibuprofen
645209380,쏙코프에스연질캡슐_(1캡슐),acetaminophen
652903310,비아그라엘구강붕해필름50밀리그램(실데나필시트르산염)_(70.23mg/1장),sildenafil
57000730,올앳스정50밀리그램(실데나필시트르산염)_(70.23mg/1정),sildenafil
626501680,판텍큐플러스연질캡슐_(1캡슐),brompheniramine
641907050,오설램정10밀리그램(타다라필)_(10mg/1정),tadalafil
645604090,바미라크정50밀리그램(실데나필시트르산염)_(70.23mg/1정),sildenafil
657306620,자이리스정5mg(타다라필)_(5mg/1정),tadalafil
623004980,네오콜코프캡슐_(1캡슐),methylephedrine
644004580,오메스듀오정20/800밀리그램_(1정),sodium bicarbonate
647604020,세다큐업코프연질캡슐_(1캡슐),guaifenesin
649803390,펜타씬정(펜디메트라진타르타르산염)_(35mg/1정),phendimetrazine
654304600,비아리스정(실데나필시트르산염)_(0.14045g/1정),sildenafil
656005690,프레야지정60밀리그램(다폭세틴염산염)_(67.2mg/1정),dapoxetine
656205160,루피엔연질캡슐(이부프로펜)_(0.4g/1캡슐),ibuprofen
643501360,스피드펜연질캡슐200밀리그램(이부프로펜)_(0.2g/1캡슐),ibuprofen
661605400,하디큐콜드연질캡슐_(1캡슐),dl-methylephedrine
694003490,텔미로베타정80/10밀리그램_(1정),telmisartan
648103160,포르테브이정100밀리그램(실데나필시트르산염)_(0.14045g/1정),sildenafil
652603010,프리야구강용해필름50밀리그램(실데나필)_(50mg/1장),sildenafil
657204390,환인아토목세틴정25밀리그램(아토목세틴염산염)_(28.57mg/1정),atomoxetine
694003490,텔미로베타정80/10밀리그램_(1정),rosuvastatin
54300451,레스피비엔액프레쉬민트(옥시메타졸린염산염)_(7.5mg/15mL),oxymetazoline
657802840,펜슬림정(펜디메트라진타르타르산염)_(35mg/1정),phendimetrazine
658108641,엑스콜큐코프시럽_(20mL/포),dextromethorphan
694003480,텔미로베타정40/10밀리그램_(1정),telmisartan
641805160,이그니스구강용해필름50밀리그램(실데나필시트르산염)_(70.23mg/1장),sildenafil
653404370,마인트롤정(세인트존스워트80%메탄올건조엑스)_(0.3g/1정),st john's wort 80% methanol ext
669904501,헬렌주20mg(피록시캄)_(20mg/1mL),piroxicam
670502390,리바타로정1밀리그램(피타바스타틴칼슘)_(1mg/1정),pitavastatin
644802850,페닝정(펜디메트라진타르타르산염)_(35mg/1정),phendimetrazine
678901282,프리브로펜주(이부프로펜)_(0.8g/208mL),ibuprofen
52500070,아비론정500밀리그램(아비라테론아세테이트(미분화))_(0.5g/1정),abiraterone
649606181,알리펜프리믹스주(이부프로펜)_(0.4g/100mL),ibuprofen
644103730,도라넥스캡슐(트라넥삼산)_(0.25g/1캡슐),tranexamic acid
653806370,실데그라정100밀리그램(실데나필시트르산염)_(0.14045g/1정),sildenafil
622804470,트라넥엠캡슐(트라넥삼산)_(0.25g/1캡슐),tranexamic acid
658200200,디에트정(펜디메트라진타르타르산염)_(35mg/1정),phendimetrazine
650500961,페로친주(페르페나진염산염)_(3mg/1mL),perphenazine
698004500,넥스투정20/800밀리그램_(1정),sodium bicarbonate
658108641,엑스콜큐코프시럽_(20mL/포),guaifenesin
669805080,신콜에프연질캡슐_(1캡슐),dl-methylephedrine
643300901,베비잘시럽(이부프로펜)_(2g/100mL),ibuprofen
651204301,나리스타자일로점비액(자일로메타졸린염산염)_(10mg/10mL),xylometazoline
646000540,리도펜연질캡슐(이부프로펜)_(0.2g/1캡슐),ibuprofen
681100211,지씨글루콘산칼슘주(글루콘산칼슘수화물)_(0.2g/2mL),calcium
72400230,와이투에스오메정20밀리그램(에스오메프라졸마그네슘삼수화물)_(22.25mg/1정),esomeprazole
652606580,큐시미아캡슐15mg/92mg_(1캡슐),topiramate
644603050,다펜-큐연질캡슐(이부프로펜)_(0.4g/1캡슐),ibuprofen
673400330,큐데나필정50밀리그램(실데나필시트르산염)_(70.23mg/1정),sildenafil
644101260,펜디예뜨정(펜디메트라진타르타르산염)_(35mg/1정),phendimetrazine
669904170,펜틴정(펜디메트라진타르타르산염)_(35mg/1정),phendimetrazine
646202160,펜디라정(펜디메트라진타르타르산염)_(35mg/1정),phendimetrazine
652604870,푸리민정37.5밀리그램(펜터민염산염)_(37.5mg/1정),phentermine
652606580,큐시미아캡슐15mg/92mg_(1캡슐),phentermine
653006780,라베탄정20/800밀리그램_(1정),sodium bicarbonate
645307000,"라베프탑정10/400밀리그램(라베프라졸,탄산수소나트륨)_(1정)",sodium bicarbonate
642901250,알타민캡슐250밀리그램(디-페니실라민)_(0.25g/1캡슐),d-penicillamine
659901470,징키스틴캡슐(히스티딘아연이수화물)_(94mg/1캡슐),zinc histidine
665600331,브리모텐점안액0.15%(브리모니딘타르타르산염)_(7.5mg/5mL),brimonidine
669905551,포타캄주(피록시캄칼륨)_(22.3mg/1mL),piroxicam
644100640,펜터미정(펜터민염산염)_(37.5mg/1정),phentermine
646005570,라베움듀오정20/800밀리그램_(1정),rabeprazole
674900460,프릴리지정30밀리그램(다폭세틴염산염)_(33.6mg/1정),dapoxetine
57001780,멜라녹스캡슐(트라넥삼산)_(0.25g/1캡슐),tranexamic acid
649808040,이부콜벤연질캡슐400밀리그램(이부프로펜)_(0.4g/1캡슐),ibuprofen
650302970,클로잭정(클로미프라민염산염)_(15mg/1정),clomipramine
670606490,네노마정15밀리그램(클로미프라민염산염)_(15mg/1정),clomipramine
670602380,펜디정(펜디메트라진타르타르산염)_(35mg/1정),phendimetrazine
653405730,비엠진정(펜터민염산염)_(37.5mg/1정),phentermine
652606590,큐시미아캡슐11.25mg/69mg_(1캡슐),topiramate
76100041,포스카비어주(포스카네트나트륨수화물)_(6g/250mL),foscarnet trisodium hexahydrate
649800430,레디펜정(펜터민염산염)_(37.5mg/1정),phentermine
657309160,트라멜라캡슐(트라넥삼산)_(0.25g/1캡슐),tranexamic acid
642902420,펜타인정(펜터민염산염)_(37.5mg/1정),phentermine
649402670,펜민정(펜터민염산염)_(37.5mg/1정),phentermine
72400220,와이투에스오메정40밀리그램(에스오메프라졸마그네슘삼수화물)_(44.5mg/1정),esomeprazole
644802840,페니민정(펜터민염산염)_(37.5mg/1정),phentermine
669801040,메타맥스정(펜터민염산염)_(37.5mg/1정),phentermine
646902200,자이티가정500밀리그램(아비라테론아세테이트(미분화))_(0.5g/1정),abiraterone
649400210,다이트린정(펜디메트라진타르타르산염)_(35mg/1정),phendimetrazine
628800800,펜타지아정(펜터민염산염)_(37.5mg/1정),phentermine
644600690,씬스펜정(펜터민염산염)_(37.5mg/1정),phentermine
651905270,보세틴정10밀리그램(보티옥세틴브롬화수소산염)_(12.71mg/1정),vortioxetine
646005570,라베움듀오정20/800밀리그램_(1정),sodium bicarbonate
670606670,휴터민세미정(펜터민염산염)_(18.75mg/1정),phentermine
652901440,웰트민정(펜터민염산염)_(37.5mg/1정),phentermine
658200310,레티스정(펜터민염산염)_(37.5mg/1정),phentermine
670603980,휴터민정(펜터민염산염)_(37.5mg/1정),phentermine
671701750,펜트라정(펜디메트라진타르타르산염)_(35mg/1정),phendimetrazine
641502700,트란사민캡슐250밀리그램(트라넥삼산)_(0.25g/1캡슐),tranexamic acid
654305290,멜라스민캡슐(트라넥삼산)_(0.25g/1캡슐),tranexamic acid
657204380,환인아토목세틴정18밀리그램(아토목세틴염산염)_(20.57mg/1정),atomoxetine
645203630,펜디펜정(펜디메트라진타르타르산염)_(35mg/1정),phendimetrazine
622802310,엠피온정(디에틸프로피온염산염)_(25mg/1정),diethylpropion
641900111,네오메토주(메토트렉세이트)(수출명:MethotrexateKalbe)_(0.5g/20mL),methotrexate
72400300,와이투메트정500밀리그램(메트포르민염산염)_(0.5g/1정),metformin
52401900,디에칠정(디에틸프로피온염산염)_(25mg/1정),diethylpropion
649500530,로우칼정(펜터민염산염)_(37.5mg/1정),phentermine
653001360,아드펜정(펜디메트라진타르타르산염)_(35mg/1정),phendimetrazine
642204430,판베시서방캡슐 30밀리그램(펜터민염산염)_(30mg/1캡슐),phentermine hcl
652604900,푸리민정18.75밀리그램(펜터민염산염)_(18.75mg/1정),phentermine
646005900,트라넥스캡슐(트라넥삼산)_(0.25g/1캡슐),tranexamic acid
653405720,라이트진정(펜디메트라진타르타르산염)_(35mg/1정),phendimetrazine
643100130,디피온정(디에틸프로피온염산염)_(25mg/1정),diethylpropion
652606600,큐시미아캡슐3.75mg/23mg_(1캡슐),topiramate
644600840,엔슬림정(펜디메트라진타르타르산염)_(35mg/1정),phendimetrazine
657204400,환인아토목세틴정80밀리그램(아토목세틴염산염)_(91.42mg/1정),atomoxetine
663603200,펜디멘정(펜디메트라진타르타르산염)_(35mg/1정),phendimetrazine
646001540,슬레민정(펜터민염산염)_(37.5mg/1정),phentermine
645102281,칼킬레이트주(에데트산칼슘디나트륨)_(1g/5mL),edetate
648605110,트라넥산캡슐(트라넥삼산)_(0.25g/1캡슐),tranexamic acid
641601120,디에타민정(펜터민염산염)_(37.5mg/1정),phentermine
651905260,보세틴정5밀리그램(보티옥세틴브롬화수소산염)_(6.355mg/1정),vortioxetine
652606610,큐시미아캡슐7.5mg/46mg_(1캡슐),topiramate
622802050,아트민정(펜터민염산염)_(37.5mg/1정),phentermine
644600740,암페몬정(디에틸프로피온염산염)_(25mg/1정),diethylpropion
649800420,레노씬정(디에틸프로피온염산염)_(25mg/1정),diethylpropion
652606600,큐시미아캡슐3.75mg/23mg_(1캡슐),phentermine
670601800,웰피온정(디에틸프로피온염산염)_(25mg/1정),diethylpropion
696300691,킨텔레스프리필드시린지주(베돌리주맙)_(0.108g/0.68mL),vedolizumab
671701310,케이터민정(펜터민염산염)_(37.5mg/1정),phentermine
644801400,에닝정(디에틸프로피온염산염)_(25mg/1정),diethylpropion
698001380,비터펜정(펜터민염산염)_(37.5mg/1정),phentermine
644302951,유니트렉세이트주25mg/ml(메토트렉세이트)(수출명:PterinInj)_(25mg/1mL),methotrexate
652606590,큐시미아캡슐11.25mg/69mg_(1캡슐),phentermine
646005580,미노클캡슐50밀리그램(미노사이클린염산염)_(50mg/1캡슐),minocycline
653006570,엘피온정25밀리그램(디에틸프로피온염산염)_(25mg/1정),diethylpropion
670607630,펜디세미정(펜디메트라진타르타르산염)_(17.5mg/1정),phendimetrazine
653301190,디스발캡슐40밀리그램(발베나진이토실산염)_(73mg/1캡슐),valbenazine
642901240,알타민캡슐150밀리그램(디-페니실라민)_(0.15g/1캡슐),d-penicillamine
669905860,피티엠정(펜터민염산염)_(18.75mg/1정),phentermine
671803320,펜키니정(펜터민염산염)_(37.5mg/1정),phentermine
698003160,레피온정(디에틸프로피온염산염)_(25mg/1정),diethylpropion
641802050,아디펙스정(펜터민염산염)_(37.5mg/1정),phentermine
657204370,환인아토목세틴정10밀리그램(아토목세틴염산염)_(11.43mg/1정),atomoxetine
698001390,펜홀드정(펜디메트라진타르타르산염)_(35mg/1정),phendimetrazine
651905280,보세틴정15밀리그램(보티옥세틴브롬화수소산염)_(19.065mg/1정),vortioxetine
669904160,페스틴정(펜터민염산염)_(37.5mg/1정),phentermine
670100310,로페트정(펜터민염산염)_(37.5mg/1정),phentermine
57001790,미노젠캡슐50밀리그램(미노사이클린염산염)_(50mg/1캡슐),minocycline
645603900,대화노브제정(펜터민염산염)_(37.5mg/1정),phentermine
671803300,펜디라진정(펜디메트라진타르타르산염)_(35mg/1정),phendimetrazine
657204410,환인아토목세틴정60밀리그램(아토목세틴염산염)_(68.56mg/1정),atomoxetine
669803310,펜디민정(펜디메트라진타르타르산염)_(35mg/1정),phendimetrazine
647205570,아픽코스정5밀리그램(아픽사반)_(5mg/1정),apixaban
670105370,나리젠타듀오정2.5/1000밀리그램_(1정),linagliptin
642308770,엠파메타정12.5/500밀리그램_(1정),metformin
671807460,엠파메트정5/500밀리그램_(1정),empagliflozin
649807990,엠피앙듀오정5/850밀리그램_(1정),empagliflozin
669806370,엠파디듀오정12.5/1000밀리그램_(1정),metformin
649105490,다이디앙듀오정5/850밀리그램_(1정),empagliflozin
642308780,엠파메타정12.5/850밀리그램_(1정),metformin
671807450,엠파메트정5/1000밀리그램_(1정),metformin
642308650,엠파메타정5/500밀리그램_(1정),empagliflozin
643507980,리나글로듀오정2.5/1000밀리그램_(1정),linagliptin
642707270,엠플디엠메트정5/1000밀리그램_(1정),metformin
654006140,엠파릴듀오정12.5/500밀리그램_(1정),metformin
652607190,젠시가메트서방정10/1000밀리그램_(1정),metformin
670105350,나리젠타듀오정2.5/850밀리그램_(1정),linagliptin
648204230,유젠타듀오정2.5/500밀리그램_(1정),linagliptin
655605650,"이글듀오서방정0.3/1000밀리그램(이나보글리플로진, 메트포르민염산염)_(1정)",enavogliflozin
644103610,자디엠듀오정12.5/1000밀리그램_(1정),empagliflozin
669806360,엠파디듀오정12.5/500밀리그램_(1정),empagliflozin
655605650,"이글듀오서방정0.3/1000밀리그램(이나보글리플로진, 메트포르민염산염)_(1정)",metformin
642308660,엠파메타정5/850밀리그램_(1정),empagliflozin
643309360,듀비메트에스서방정0.25/50/1000밀리그램_(1정),sitagliptin
642707470,엠플디엠메트정12.5/500밀리그램_(1정),empagliflozin
644103600,자디엠듀오정12.5/500밀리그램_(1정),metformin
654005880,엠파릴듀오정5/1000밀리그램_(1정),empagliflozin
642308640,엠파메타정5/1000밀리그램_(1정),empagliflozin
671807470,엠파메트정5/850밀리그램_(1정),empagliflozin
669806350,엠파디듀오정12.5/850밀리그램_(1정),empagliflozin
642308790,엠파메타정12.5/1000밀리그램_(1정),empagliflozin
663608600,엠글리듀오정5/1000밀리그램_(1정),metformin
640007840,다파엔듀오서방정5/500밀리그램_(1정),metformin
654005410,글리젠타듀오정2.5/1000밀리그램_(1정),metformin
649105500,다이디앙듀오정5/1000밀리그램_(1정),metformin
642707470,엠플디엠메트정12.5/500밀리그램_(1정),metformin
643309340,듀비메트에스서방정0.25/50/750밀리그램_(1정),metformin
670105360,나리젠타듀오정2.5/500밀리그램_(1정),metformin
663608610,엠글리듀오정5/850밀리그램_(1정),empagliflozin
654005430,글리젠타듀오정2.5/850밀리그램_(1정),linagliptin
642308650,엠파메타정5/500밀리그램_(1정),metformin
669806200,엠파디듀오정5/500밀리그램_(1정),metformin
649105480,다이디앙듀오정5/500밀리그램_(1정),empagliflozin
669806210,엠파디듀오정5/850밀리그램_(1정),empagliflozin
640007840,다파엔듀오서방정5/500밀리그램_(1정),dapagliflozin citric acid
642707280,엠플디엠메트정5/500밀리그램_(1정),metformin
654005890,엠파릴듀오정5/850밀리그램_(1정),metformin
669806210,엠파디듀오정5/850밀리그램_(1정),metformin
642308790,엠파메타정12.5/1000밀리그램_(1정),metformin
642308770,엠파메타정12.5/500밀리그램_(1정),empagliflozin
644103600,자디엠듀오정12.5/500밀리그램_(1정),empagliflozin
642308640,엠파메타정5/1000밀리그램_(1정),metformin
671707200,포슈벳듀오서방정5/500밀리그램_(1정),dapagliflozin citric acid
671807470,엠파메트정5/850밀리그램_(1정),metformin
654006150,엠파릴듀오정12.5/850밀리그램_(1정),metformin
671807790,엠파메트정12.5/1000밀리그램_(1정),metformin
649105500,다이디앙듀오정5/1000밀리그램_(1정),empagliflozin
671807810,엠파메트정12.5/500밀리그램_(1정),empagliflozin
648204220,유젠타듀오정2.5/850밀리그램_(1정),linagliptin
670105370,나리젠타듀오정2.5/1000밀리그램_(1정),metformin
645907340,다플로엠서방정10/1000밀리그램_(1정),dapagliflozin anhydrous lactose mixture
645907330,리디포엠정2.5/1000밀리그램_(1정),metformin
642707270,엠플디엠메트정5/1000밀리그램_(1정),empagliflozin
645907330,리디포엠정2.5/1000밀리그램_(1정),linagliptin
663608600,엠글리듀오정5/1000밀리그램_(1정),empagliflozin
643605020,디어미정_(1정),ethinyl estradiol
663608650,포글리메트서방정5/500밀리그램_(1정),metformin
669806370,엠파디듀오정12.5/1000밀리그램_(1정),empagliflozin
644103620,자디엠듀오정12.5/850밀리그램_(1정),metformin
648204220,유젠타듀오정2.5/850밀리그램_(1정),metformin
654005880,엠파릴듀오정5/1000밀리그램_(1정),metformin
654006160,엠파릴듀오정12.5/1000밀리그램_(1정),empagliflozin
671807460,엠파메트정5/500밀리그램_(1정),metformin
643309340,듀비메트에스서방정0.25/50/750밀리그램_(1정),lobeglitazone
641601761,씨프러스주(시프로플록사신)_(0.1g/50mL),ciprofloxacin
652606420,아픽사젠정2.5밀리그램(아픽사반)_(2.5mg/1정),apixaban
643309360,듀비메트에스서방정0.25/50/1000밀리그램_(1정),metformin
654006150,엠파릴듀오정12.5/850밀리그램_(1정),empagliflozin
669806300,다파리진듀오서방정10/1000밀리그램_(1정),metformin
654005870,엠파릴듀오정5/500밀리그램_(1정),metformin
644103620,자디엠듀오정12.5/850밀리그램_(1정),empagliflozin
669806220,엠파디듀오정5/1000밀리그램_(1정),metformin
694004060,"베나메트서방정0.3/1000밀리그램(이나보글리플로진, 메트포르민염산염)_(1정)",metformin
621803440,리나톤엠정2.5/1000밀리그램_(1정),linagliptin
642707280,엠플디엠메트정5/500밀리그램_(1정),empagliflozin
649105490,다이디앙듀오정5/850밀리그램_(1정),metformin
654006160,엠파릴듀오정12.5/1000밀리그램_(1정),metformin
645208520,토프라맥정25밀리그램(토피라메이트)_(25mg/1정),topiramate
647603270,경남나프록센연질캡슐_(0.25g/1캡슐),naproxen
643309360,듀비메트에스서방정0.25/50/1000밀리그램_(1정),lobeglitazone
694004060,"베나메트서방정0.3/1000밀리그램(이나보글리플로진, 메트포르민염산염)_(1정)",enavogliflozin
669806300,다파리진듀오서방정10/1000밀리그램_(1정),dapagliflozin anhydrous lactose mixture
643309340,듀비메트에스서방정0.25/50/750밀리그램_(1정),sitagliptin
671807800,엠파메트정12.5/850밀리그램_(1정),empagliflozin
648204230,유젠타듀오정2.5/500밀리그램_(1정),metformin
649807990,엠피앙듀오정5/850밀리그램_(1정),metformin
671807800,엠파메트정12.5/850밀리그램_(1정),metformin
654005410,글리젠타듀오정2.5/1000밀리그램_(1정),linagliptin
648604930,덱시센연질캡슐(덱시부프로펜)_(0.3g/1캡슐),dexibuprofen
644804360,로노펜300연질캡슐(덱시부프로펜)_(0.3g/1캡슐),dexibuprofen
626501540,나프원큐에스연질캡슐(나프록센)_(0.25g/1캡슐),naproxen
671707200,포슈벳듀오서방정5/500밀리그램_(1정),metformin
642707260,엠플디엠메트정5/850밀리그램_(1정),empagliflozin
621803440,리나톤엠정2.5/1000밀리그램_(1정),metformin
652607190,젠시가메트서방정10/1000밀리그램_(1정),dapagliflozin anhydrous lactose mixture
654802450,스토피헤모스태틱_(5KI.U/1키트),thrombin
58200820,아로작캡슐10밀리그램(플루옥세틴염산염)_(11.2mg/1캡슐),fluoxetine
670400580,토피메정100밀리그램(토피라메이트)_(0.1g/1정),topiramate
654005870,엠파릴듀오정5/500밀리그램_(1정),empagliflozin
669806200,엠파디듀오정5/500밀리그램_(1정),empagliflozin
643507980,리나글로듀오정2.5/1000밀리그램_(1정),metformin
663608620,엠글리듀오정5/500밀리그램_(1정),empagliflozin
669806220,엠파디듀오정5/1000밀리그램_(1정),empagliflozin
654005890,엠파릴듀오정5/850밀리그램_(1정),empagliflozin
654005420,글리젠타듀오정2.5/500밀리그램_(1정),linagliptin
645907770,릭사정60mg(에독사반토실산염수화물)_(80.82mg/1정),edoxaban
645209650,통클리어연질캡슐(클로닉신리시네이트)_(0.125g/1캡슐),clonixin lysinate
645207290,에이프로젠나프록센나트륨정_(0.275g/1정),naproxen
626501310,덱스원큐연질캡슐(덱시부프로펜)_(0.3g/1캡슐),dexibuprofen
665507250,유닉사반5밀리그램(아픽사반)_(5mg/1정),apixaban
646004580,프루칼로정1밀리그램(프루칼로프라이드숙신산염)_(1.321mg/1정),prucalopride
643605690,락사졸로정2밀리그램(프루칼로프라이드숙신산염)_(2.642mg/1정),prucalopride
646004590,프루칼로정2밀리그램(프루칼로프라이드숙신산염)_(2.642mg/1정),prucalopride
663608620,엠글리듀오정5/500밀리그램_(1정),metformin
669806350,엠파디듀오정12.5/850밀리그램_(1정),metformin
55101610,맥쎈연질캡슐(나프록센)_(0.25g/1캡슐),naproxen
653005070,크리콜론정_(1정),sodium dihydrogen
653005170,크리콜론에스정_(1정),sodium dihydrogen
654006140,엠파릴듀오정12.5/500밀리그램_(1정),empagliflozin
642707260,엠플디엠메트정5/850밀리그램_(1정),metformin
671807810,엠파메트정12.5/500밀리그램_(1정),metformin
649105480,다이디앙듀오정5/500밀리그램_(1정),metformin
671807450,엠파메트정5/1000밀리그램_(1정),empagliflozin
669806360,엠파디듀오정12.5/500밀리그램_(1정),metformin
642308660,엠파메타정5/850밀리그램_(1정),metformin
656203190,미세틴캡슐20밀리그램(플루옥세틴염산염)_(22.4mg/1캡슐),fluoxetine
669605090,아이세틴캡슐20밀리그램(플루옥세틴염산염)_(22.4mg/1캡슐),fluoxetine
670105350,나리젠타듀오정2.5/850밀리그램_(1정),metformin
671807790,엠파메트정12.5/1000밀리그램_(1정),empagliflozin
644103610,자디엠듀오정12.5/1000밀리그램_(1정),metformin
663608650,포글리메트서방정5/500밀리그램_(1정),dapagliflozin citric acid
648902410,에이리스정_(1정),levonorgestrel
626500810,미니보라30_(1정),levonorgestrel
644806480,센스가드정_(1정),ethinyl estradiol
645304751,페니톤주(페니토인나트륨)_(0.25g/5mL),phenytoin
645907340,다플로엠서방정10/1000밀리그램_(1정),metformin
654005430,글리젠타듀오정2.5/850밀리그램_(1정),metformin
642308780,엠파메타정12.5/850밀리그램_(1정),empagliflozin
649808000,엠피앙듀오정5/500밀리그램_(1정),empagliflozin
645907760,릭사정30mg(에독사반토실산염수화물)_(40.41mg/1정),edoxaban
647205580,아픽코스정2.5밀리그램(아픽사반)_(2.5mg/1정),apixaban
629700771,레복스주(레보플록사신수화물)_(1.02492g/200mL),levofloxacin
660703180,크로쎈연질캡슐(클로닉신리시네이트)_(0.125g/1캡슐),clonixin lysinate
644001290,에스몬플러스정(수출명: Esmonplus Tab.)_(1정),cimicifuga rhizome ext
677100571,펜믹스타이제사이클린주_(50mg/1병),tigecycline
654005420,글리젠타듀오정2.5/500밀리그램_(1정),metformin
663608610,엠글리듀오정5/850밀리그램_(1정),metformin
664602821,프레미나질크림(결합형에스트로겐4.29%)_(0.40869g/1개),conjugated estrogens 4 29%
661307040,이지페인록센연질캡슐(나프록센)_(0.25g/1캡슐),naproxen
626501300,나프원큐연질캡슐(나프록센)_(0.25g/1캡슐),naproxen
644914771,페인엔젤키즈시럽(덱시부프로펜)_(72mg/6mL),dexibuprofen
649105640,엔시아나정60밀리그램(에독사반베실산염수화물)_(79.29mg/1정),edoxaban
643802200,이지펜연질캡슐(덱시부프로펜)_(0.3g/1캡슐),dexibuprofen
643605680,락사졸로정1밀리그램(프루칼로프라이드숙신산염)_(1.321mg/1정),prucalopride
689001150,시플세틴캡슐10밀리그램(플루옥세틴염산염)_(11.2mg/1캡슐),fluoxetine
669907550,엔피퀴스정2.5밀리그램(아픽사반)_(2.5mg/1정),apixaban
670105360,나리젠타듀오정2.5/500밀리그램_(1정),linagliptin
689001160,시플세틴캡슐20밀리그램(플루옥세틴염산염)_(20mg/캡슐),fluoxetine
649808000,엠피앙듀오정5/500밀리그램_(1정),metformin
642003840,라니아정_(1정),levonorgestrel
665507270,유닉사반2.5밀리그램(아픽사반)_(2.5mg/1정),apixaban
629701770,오스칼로정2밀리그램(프루칼로프라이드숙신산염)_(2.642mg/1정),prucalopride
657401521,맥시부키즈시럽(덱시부프로펜)_(72mg/6mL),dexibuprofen
72400190,프록세틴캡슐10밀리그램(플루옥세틴염산염)_(11.2mg/1캡슐),fluoxetine
629701760,오스칼로정1밀리그램(프루칼로프라이드숙신산염)_(1.321mg/1정),prucalopride
628800610,토파로스정25밀리그램(토피라메이트)_(25mg/1정),topiramate
641702950,덱스쿨연질캡슐(덱시부프로펜)_(0.3g/1캡슐),dexibuprofen
626501530,덱스원큐에스연질캡슐(덱시부프로펜)_(0.3g/1캡슐),dexibuprofen
649804291,명문시프로플록사신주사_(0.1g/50mL/백),ciprofloxacin
663601221,아시렌주2밀리그람(시프로플록사신)_(0.1g/50mL),ciprofloxacin
642308750,삼성에독사반정30밀리그램(에독사반토실산염수화물)_(40.41mg/1정),edoxaban
73200220,큐세틴캡슐10밀리그램(플루옥세틴염산염)_(11.2mg/1캡슐),fluoxetine
55102610,플록윈캡슐20밀리그램(플루옥세틴염산염)_(22.4mg/1캡슐),fluoxetine
650501331,제일페노바르비탈주사액(페노바르비탈나트륨)(앰플)_(0.1g/1mL),phenobarbital
643508100,아픽스반정2.5밀리그램(아픽사반)_(2.5mg/1정),apixaban
644102310,폰다미스정100밀리그램(토피라메이트)_(0.1g/1정),topiramate
645406290,테카비어디정(테노포비르알라페나미드)_(25mg/1정),tenofovir alafenamide
654305470,큐센연질캡슐(나프록센)_(0.25g/1캡슐),naproxen
642308740,삼성에독사반정60밀리그램(에독사반토실산염수화물)_(80.82mg/1정),edoxaban
641704810,일양나프록센나트륨정_(0.275g/1정),naproxen
698000370,"바르젠정(클로닉신리시네이트)(수출명:CLOCXINETab.Stocxine(Clonysinlysinate125),STOLXINE)_(0.125g/1정)",clonixin lysinate
647304160,토피탑정100밀리그램(토피라메이트)_(0.1g/1정),topiramate
669805030,바이펜연질캡슐300mg(덱시부프로펜)_(0.3g/1캡슐),dexibuprofen
649700100,노리스정(클로닉신리시네이트)_(0.125g/1정),clonixin lysinate
54300410,덱시부펜연질캡슐(덱시부프로펜)_(0.3g/1캡슐),dexibuprofen
652606430,아픽사젠정5밀리그램(아픽사반)_(5mg/1정),apixaban
641803890,굿스펜연질캡슐(덱시부프로펜)_(0.3g/1캡슐),dexibuprofen
643508090,아픽스반정5밀리그램(아픽사반)_(5mg/1정),apixaban
621804440,릴리애정_(21정),desogestrel
57001760,야미즈정_(28정),ethinyl estradiol
648603570,토라펜정100밀리그램(토피라메이트)_(0.1g/1정),topiramate
644913820,페인엔젤센연질캡슐(나프록센)_(0.25g/1캡슐),naproxen
622800100,아나탁심정(나프록센나트륨)_(0.275g/1정),naproxen
78900250,나콕스펜연질캡슐(나프록센)_(0.25g/1정),naproxen
657806410,프롤로정2밀리그램(프루칼로프라이드숙신산염)_(2.642mg/1정),prucalopride
674900630,엔잘엑스연질캡슐40밀리그램(엔잘루타미드)_(40mg/1캡슐),enzalutamide
642706580,모가프텐트로키(플루르비프로펜)_(8.75mg/1정),flurbiprofen
60500840,플로세틴캡슐(플루옥세틴염산염)_(22.4mg/1캡슐),fluoxetine
644805090,플루민캡슐10밀리그램(플루옥세틴염산염)_(11.2mg/1캡슐),fluoxetine
642105100,유한아픽사반정5mg(아픽사반)_(5mg/1정),apixaban
55102600,플록윈캡슐10밀리그램(플루옥세틴염산염)_(11.2mg/1캡슐),fluoxetine
73200180,노바프록센정(나프록센나트륨)_(0.275g/1정),naproxen
674900610,레졸로정2밀리그램(프루칼로프라이드숙신산염)_(2.642mg/1정),prucalopride
657806400,프롤로정1밀리그램(프루칼로프라이드숙신산염)_(1.321mg/1정),prucalopride
690300100,토피렌정100밀리그램(토피라메이트)_(0.1g/1정),topiramate
645400621,실라페넴250밀리그람_(1병),imipenem
647603650,리놀에스트로키(플루르비프로펜)_(8.75mg/1정),flurbiprofen
665001880,올나펜연질캡슐(나프록센)_(0.25g/1캡슐),naproxen
647200630,다나프록센정(나프록센나트륨)_(0.275g/1정),naproxen
674900600,레졸로정1밀리그램(프루칼로프라이드숙신산염)_(1.321mg/1정),prucalopride
648603790,프로닌캡슐10밀리그램(플루옥세틴염산염)_(11.2mg/1캡슐),fluoxetine
626500800,마이보라정_(1정),ethinyl estradiol
642706650,레조트론정1밀리그램(프루칼로프라이드숙신산염)_(1.321mg/1정),prucalopride
642105090,유한아픽사반정2.5mg(아픽사반)_(2.5mg/1정),apixaban
660402800,옵티제로연질캡슐(덱시부프로펜)_(0.3g/1캡슐),dexibuprofen
669502770,"원투정15/50밀리그램(클로미프라민염산염,실데나필시트르산염)_(1정)",sildenafil
661900740,시메신-플러스정_(1정),cimicifuga rhizome ext
642905370,캐롤디연질캡슐(덱시부프로펜)_(0.3g/1캡슐),dexibuprofen
643103710,토파씬정(토피라메이트)_(0.1g/1정),topiramate
642403350,덱시푸루펜연질캡슐(덱시부프로펜)_(0.3g/1캡슐),dexibuprofen
647803410,이프렌에스연질캡슐(덱시부프로펜)_(0.3g/1캡슐),dexibuprofen
647604030,덱센펜연질캡슐(덱시부프로펜)_(0.3g/1캡슐),dexibuprofen
653403920,프리엔에프연질캡슐(나프록센)_(0.25g/1캡슐),naproxen
690300120,디프맥스캡슐20밀리그램(플루옥세틴염산염)_(22.4mg/1캡슐),fluoxetine
669905500,토피트정(토피라메이트)_(0.1g/1정),topiramate
670609420,세티서방정50밀리그램(토피라메이트)_(50mg/1정),topiramate
669907560,엔피퀴스정5밀리그램(아픽사반)_(5mg/1정),apixaban
679700440,리소드렌정500밀리그람(미토테인)_(0.5g/1정),mitotane
671808180,엔자덱스연질캡슐40밀리그램(엔잘루타미드)_(40mg/1캡슐),enzalutamide
643201340,히페린정_(1정),st john's wort 80% methanol ext
642000590,솔루펜연질캡슐(덱시부프로펜)_(0.3g/1캡슐),dexibuprofen
654802510,엔도스토피헤모스태틱(트롬빈)_(5KI.U/1키트),thrombin
645801620,에스빈연질캡슐(덱시부프로펜)_(0.3g/1캡슐),dexibuprofen
643509100,엔자론연질캡슐40밀리그램(엔잘루타마이드)_(40mg/1캡슐),enzalutamide
643300120,낙센정(나프록센)_(0.25g/1정),naproxen
628801091,휴비마돌주(트라마돌염산염)_(50mg/1mL),tramadol
55102580,토피라윈정25밀리그램(토피라메이트)_(25mg/1정),topiramate
652901840,토파드정25밀리그램(토피라메이트)_(25mg/1정),topiramate
645203850,맥시쿨펜연질캡슐(덱시부프로펜)_(0.3g/1캡슐),dexibuprofen
654802580,헤모펜스헤모스태틱(트롬빈)_(5KI.U/1키트),thrombin
661905020,토피스정25밀리그램(토피라메이트)_(25mg/1정),topiramate
52402260,토피메드서방정50밀리그램(토피라메이트)_(50mg/1정),topiramate
647603850,파르펜연질캡슐(클로닉신리시네이트)_(0.125g/1캡슐),clonixin lysinate
643605860,탁센덱시연질캡슐(덱시부프로펜)_(0.3g/1캡슐),dexibuprofen
643601670,탁센연질캡슐(나프록센)_(0.25g/1캡슐),naproxen
622801860,나에겐연질캡슐(나프록센)_(0.25g/1캡슐),naproxen
643201900,디퓨텐연질캡슐(덱시부프로펜)_(0.3g/1캡슐),dexibuprofen
642802830,펜스톱연질캡슐(덱시부프로펜)_(0.3g/1캡슐),dexibuprofen
671703980,플록틴캡슐10밀리그램(플루옥세틴염산염)_(11.2mg/1캡슐),fluoxetine
645209700,프릭딘캡슐10mg(플루옥세틴염산염)_(11.2mg/1캡슐),fluoxetine
644604320,굿포미정_(1정),ethinyl estradiol
649701560,쎄스콘노아정_(1정),levonorgestrel
645803980,한솔나프록센연질캡슐_(0.25g/1캡슐),naproxen
654201230,알파클로닉신리신정_(0.125g/1정),clonixin lysinate
645801510,엔에이피정(나프록센나트륨)_(0.275g/1정),naproxen
644602640,옥세틴캡슐10밀리그램(플루옥세틴염산염)_(11.2mg/1캡슐),fluoxetine
642904750,캐롤엔연질캡슐(나프록센)_(0.25g/1캡슐),naproxen
642706591,판콜아이시럽(덱시부프로펜),dexibuprofen
645600710,디크로닉정(클로닉신리시네이트)_(0.125g/1정),clonixin lysinate
642706660,레조트론정2밀리그램(프루칼로프라이드숙신산염)_(2.642mg/1정),prucalopride
642004800,야로즈정_(1정),drospirenone
670609430,세티서방정25밀리그램(토피라메이트)_(25mg/1정),topiramate
670104480,미가펜에스연질캡슐(나프록센)_(0.25g/1캡슐),naproxen
661605590,폴세틴캡슐10밀리그램(플루옥세틴염산염)_(11.2mg/1캡슐),fluoxetine
645204110,바로닉신정125밀리그램(클로닉신리시네이트)_(0.125g/1정),clonixin lysinate
642004130,보니타정_(1정),ethinyl estradiol
642203850,엔프렌드연질캡슐(나프록센)_(0.25g/1캡슐),naproxen
625801870,엠덱스정(덱시부프로펜디.씨)_(0.3g/1정),dexibuprofen d c
641706040,훼민업정_(1정),cimicifuga rhizome ext
54300490,푸로싹연질캡슐(나프록센)_(0.25g/1캡슐),naproxen
642004270,솔루록센연질캡슐(나프록센)_(0.25g/1캡슐),naproxen
645801490,뉴클로정(클로닉신리시네이트)_(0.125g/1정),clonixin lysinate
658603990,크로씬탑연질캡슐(클로닉신리시네이트)_(0.125g/1캡슐),clonixin lysinate
647301370,심미안정_(1정),st john's wort 80% methanol ext
644801410,에버퀸정_(1정),st john's wort 80% methanol ext
647302950,노브세틴캡슐10밀리그램(플루옥세틴염산염)_(10mg/1캡슐),fluoxetine
694204970,로젠연질캡슐(나프록센)_(0.25g/1캡슐),naproxen
657501080,크로펜정(클로닉신리시네이트)_(0.125g/1정),clonixin lysinate
662502820,넥스콜론정_(1정),sodium dihydrogen
648104310,그날엔덱스연질캡슐(덱시부프로펜)_(0.3g/1캡슐),dexibuprofen
679600620,프로펜디연질캡슐(덱시부프로펜)_(0.3g/1캡슐),dexibuprofen
698504360,테라록센연질캡슐(나프록센)_(0.25/1캡슐),naproxen
54800250,토파엠정100밀리그램(토피라메이트)_(0.1g/1정),topiramate
644501870,바로소펜연질캡슐(덱시부프로펜)_(0.3g/1캡슐),dexibuprofen
655605700,엔잘루타연질캡슐40밀리그램(엔잘루타미드)_(40mg/1캡슐),enzalutamide
622800190,마더스클로닉신리신정250mg(클로닉신리시네이트)_(0.25g/1정),clonixin lysinate
641606220,이지엔6스트롱연질캡슐(나프록센)_(0.25g/1캡슐),naproxen
649802151,스토몰주사1밀리그람/밀리리터(모르핀황산염수화물)_(1mg/1mL),morphine
649701780,쎄스콘미니정_(1정),desogestrel
649701780,쎄스콘미니정_(1정),ethinyl estradiol
649804010,페릭신정(클로닉신리시네이트)_(0.125g/1정),clonixin lysinate
670608120,휴덱시연질캡슐(덱시부프로펜)_(0.3g/1캡슐),dexibuprofen
642104510,확펜연질캡슐(나프록센)_(0.25g/1캡슐),naproxen
645400621,실라페넴250밀리그람_(1병),cilastatin
661601060,에이스펜연질캡슐(나프록센)_(0.25g/1캡슐),naproxen
645208440,다나센연질캡슐(나프록센)_(0.25g/1캡슐),naproxen
644702890,덱시엔연질캡슐(덱시부프로펜)_(0.3g/1캡슐),dexibuprofen
658202350,에스미정_(1정),st john's wort 80% methanol ext
649804220,로세틴캡슐(플루옥세틴염산염)_(22.4mg/1캡슐),fluoxetine
642104160,덱스피드연질캡슐(덱시부프로펜)_(0.3g/1캡슐),dexibuprofen
664102390,동인당나프록센정(나프록센나트륨)_(0.275g/1정),naproxen
698503750,크로니신연질캡슐(클로닉신리시네이트)_(0.125g/1캡슐),clonixin lysinate
643306930,낙센연질캡슐(나프록센)_(0.25g/1캡슐),naproxen
653801610,신일클로닉신리시네이트정_(0.125g/1정),clonixin lysinate
653005170,크리콜론에스정_(1정),sodium phosphate monobasic
72400180,토피에이정(토피라메이트)_(0.1mg/1정),topiramate
52400660,토피메드정(토피라메이트)_(25mg/1정),topiramate
669903350,조인정(나부메톤)(수출명:DaebumeTab.)_(0.5g/1정),nabumetone
653402200,프리엔연질캡슐(덱시부프로펜)_(0.3g/1캡슐),dexibuprofen
641807150,에스리시정_(28정),drospirenone
652607130,지베즈정_(28정),drospirenone
57601011,파인큐나프록센현탁액_(0.25g/10mL),naproxen
644604450,다펜덱시연질캡슐(덱시부프로펜)_(0.3g/1캡슐),dexibuprofen
657309020,"구세정15/50밀리그램(클로미프라민염산염,실데나필시트르산염)_(1정)",sildenafil
643305780,터논연질캡슐(덱시부프로펜)_(0.3g/1캡슐),dexibuprofen
649105400,유로작캡슐10밀리그램(플루옥세틴염산염)_(11.2mg/1캡슐),fluoxetine
658201640,플루세틴캡슐20mg(플루옥세틴염산염)_(22.4mg/1캡슐),fluoxetine
663608540,토피린정25밀리그램(토피라메이트)_(25mg/1정),topiramate
653403970,프리에스연질캡슐(클로닉신리시네이트)_(0.125g/1캡슐),clonixin lysinate
644912810,페인엔젤-프로연질캡슐(덱시부프로펜)_(0.3g/1캡슐),dexibuprofen
662502820,넥스콜론정_(1정),dibasic
54800200,시세틴20밀리그램캡슐(플루옥세틴염산염)_(22.4mg/1캡슐),fluoxetine
649702810,플랜에이정_(28정),drospirenone
622801870,덱쎈연질캡슐(덱시부프로펜)_(0.3g/1캡슐),dexibuprofen
684501510,플록센캡슐(플루옥세틴염산염)_(22.4mg/1캡슐),fluoxetine
653804810,나쎈연질캡슐(나프록센)_(0.25g/1캡슐),naproxen
653806410,펜다나프로연질캡슐(덱시부프로펜)_(0.3g/1캡슐),dexibuprofen
72400310,와이투세레시브캡슐100밀리그램(세레콕시브)_(0.1g/1캡슐),celecoxib
658202970,플루세틴캡슐10mg(플루옥세틴염산염)_(11.2mg/1캡슐),fluoxetine
52402150,오베틴캡슐20밀리그램(플루옥세틴염산염)_(22.4mg/1캡슐),fluoxetine
641908460,맨담록소탑플라스타(록소프로펜나트륨수화물)_(56.7mg/1매),loxoprofen
656702140,엘렉틴캡슐10밀리그램(플루옥세틴염산염)_(11.2mg/1캡슐),fluoxetine
646005400,토파메트정100밀리그램(토피라메이트)_(0.1g/1정),topiramate
654302890,클리신정(클로닉신리시네이트)(수출명:CLICIN Tab)_(0.125g/1정),clonixin lysinate
642105050,센스데이정_(1정),desogestrel
650301440,크록신정250밀리그램(클로닉신리시네이트)(수출명: 돌핀정)_(0.25g/1정),clonixin lysinate
697100470,신플랙스세미정(나프록센)_(0.25g/1정),naproxen
642802630,자이날큐연질캡슐(나프록센)_(0.25g/1캡슐),naproxen
641807150,에스리시정_(28정),ethinyl estradiol
54300210,파인싹연질캡슐(클로닉신리시네이트)_(0.125g/1캡슐),clonixin lysinate
658604000,팜페인프로연질캡슐(덱시부프로펜)_(0.3g/1캡슐),dexibuprofen
642003840,라니아정_(1정),ethinyl estradiol
648902400,미뉴렛정_(1정),ethinyl estradiol
654802500,큐펜스헤모스태틱(트롬빈)_(5KI.U/1키트),thrombin
649806660,프로센골드연질캡슐(나프록센)_(0.25g/1캡슐),naproxen
661905210,영프록틴캡슐10밀리그램(플루옥세틴염산염)_(11.2mg/1캡슐),fluoxetine
647202600,덱시원연질캡슐(덱시부프로펜)_(0.3g/1캡슐),dexibuprofen
642706620,클로나인연질캡슐(클로닉신리시네이트)_(0.125g/1캡슐),clonixin lysinate
72400200,와이투세레시브캡슐200밀리그램(세레콕시브)_(0.2g/1캡슐),celecoxib
671706870,플록틴정20밀리그램(플루옥세틴염산염)_(22.4mg/1정),fluoxetine
661605070,토라메이트정25mg(토피라메이트)_(25mg/1정),topiramate
694204530,토팔라스정25밀리그램(토피라메이트)_(25mg/1정),topiramate
694201970,미시업정-골드_(1정),st john's wort 80% methanol ext
645202780,프릭딘캡슐(플루옥세틴염산염)_(22.4mg/1캡슐),fluoxetine
661904980,영프록틴캡슐(플루옥세틴염산염)_(22.4mg/1캡슐),fluoxetine
658604880,트롬빈플러스(트롬빈)_(5KI.U/1키트),thrombin
648603310,토라펜정(토피라메이트)_(25mg/1정),topiramate
52402270,토피메드서방정25밀리그램(토피라메이트)_(25mg/1정),topiramate
657804881,황몰핀주사15mg/mL(모르핀황산염수화물)_(45mg/3mL),morphine
649800580,로세틴캡슐10밀리그램(플루옥세틴염산염)_(11.2mg/1캡슐),fluoxetine
642105860,센스데이큐정_(1정),levonorgestrel
649806650,리드펜플러스연질캡슐(덱시부프로펜)_(0.3g/1캡슐),dexibuprofen
644001290,에스몬플러스정(수출명: Esmonplus Tab.)_(1정),st john's wort 80% methanol ext
684501490,클로닉정125밀리그램(클로닉신리시네이트)_(0.125g/1정),clonixin lysinate
648602720,프리센연질캡슐(나프록센)_(0.25g/1캡슐),naproxen
658502450,푸록세틴캡슐10밀리그램(플루옥세틴염산염)_(11.2mg/1캡슐),fluoxetine
641100710,야스민정_(1정),ethinyl estradiol
72400210,와이투록소정60밀리그램(록소프로펜나트륨)_(68.1mg/1정),loxoprofen
671704340,나리센연질캡슐(나프록센)_(0.25g/1캡슐),naproxen
649701770,"스로쿨트로키(멘톨앤페퍼민트향, 페퍼민트향, 레몬향)(플루르비프로펜)_(8.75mg/1정)",flurbiprofen
58200830,아로작캡슐20밀리그램(플루옥세틴염산염)_(22.4mg/1캡슐),fluoxetine
55102590,토피라윈정100밀리그램(토피라메이트)_(0.1g/1정),topiramate
671701590,토파케이정25mg(토피라메이트)_(25mg/1정),topiramate
671805191,대원펜타닐시트르산염주사액_(78.5μg/1mL),fentanyl
669605570,아이세틴캡슐10밀리그램(플루옥세틴염산염)_(11.2mg/1캡슐),fluoxetine
654702360,토파미정25밀리그램(토피라메이트)_(25mg/1정),topiramate
671807160,요모겐트로키(플루르비프로펜)_(8.75mg/1정),flurbiprofen
656203200,미세틴캡슐10밀리그램(플루옥세틴염산염)_(11.2mg/1캡슐),fluoxetine
663608510,포글리메트서방정5/1000밀리그램_(1정),metformin
652606240,머시론정_(21정),desogestrel
641805190,센스리베정_(1정),ethinyl estradiol
649402410,크로낙정(클로닉신리시네이트)_(0.125g/1정),clonixin lysinate
640904350,토피버정25밀리그램(토피라메이트)_(25mg/1정),topiramate
60500850,토피메트정(토피라메이트)_(25mg/1정),topiramate
640600100,스트렙실허니앤레몬트로키(플루르비프로펜)스트렙실오렌지트로키(플루르비프로펜)_(8.75mg/1정),flurbiprofen
658502460,푸록세틴캡슐20밀리그램(플루옥세틴염산염)_(22.4mg/1캡슐),fluoxetine
626500820,멜리안정_(1정),ethinyl estradiol
645600720,디크로닉정250밀리그램(클로닉신리시네이트)_(0.25g/1정),clonixin lysinate
646202240,플루젠캡슐(플루옥세틴염산염)_(22.4mg/1캡슐),fluoxetine
690300110,토피렌정25밀리그램(토피라메이트)_(25mg/1정),topiramate
664101380,크레닉정125밀리그람(클로닉신리시네이트)_(0.125g/1정),clonixin lysinate
622804620,옥시그린캡슐10밀리그램(플루옥세틴염산염)_(11.2mg/1캡슐),fluoxetine
646005410,플로틴캡슐10밀리그램(플루옥세틴염산염)_(11.2mg/1캡슐),fluoxetine
656702150,엘렉틴캡슐20밀리그램(플루옥세틴염산염)_(22.4mg/1캡슐),fluoxetine
670303800,여우엔연질캡슐(나프록센)_(0.25g/1캡슐),naproxen
641805610,스피록센연질캡슐(나프록센)_(0.25g/1캡슐),naproxen
643103680,토파씬정25밀리그램(토피라메이트)_(25mg/1정),topiramate
652901110,로랑캡슐10밀리그램(플루옥세틴염산염)_(11.2mg/1캡슐),fluoxetine
57001760,야미즈정_(28정),drospirenone
641104750,야즈정_(28정),ethinyl estradiol
644601380,토맥정 25밀리그램(토피라메이트)_(25mg/1정),topiramate
648902400,미뉴렛정_(1정),gestodene
697100190,인도메타캡슐(인도메타신)_(25mg/1캡슐),indomethacin
661307190,이지페인덱시연질캡슐(덱시부프로펜)_(0.3g/1캡슐),dexibuprofen
648603350,프로닌캡슐(플루옥세틴염산염)_(22.4mg/1캡슐),fluoxetine
641104750,야즈정_(28정),drospirenone
657309020,"구세정15/50밀리그램(클로미프라민염산염,실데나필시트르산염)_(1정)",clomipramine
698501510,예스큐정_(1정),st john's wort 80% methanol ext
653401260,훼라민큐정_(1정),cimicifuga rhizome ext
52400730,오베틴캡슐(플루옥세틴염산염)_(11.2mg/1캡슐),fluoxetine
643605020,디어미정_(1정),gestodene
647304150,토피탑정25밀리그램(토피라메이트)_(25mg/1정),topiramate
690303440,디프맥스캡슐10밀리그램(플루옥세틴염산염)_(11.2mg/1캡슐),fluoxetine
661905030,토피스정100밀리그램(토피라메이트)_(0.1g/1정),topiramate
623006680,토피렌티정100밀리그램(토피라메이트)_(0.1g/1정),topiramate
652606240,머시론정_(21정),ethinyl estradiol
642004800,야로즈정_(1정),ethinyl estradiol
642203840,덱시프렌드연질캡슐(덱시부프로펜)_(0.3g/1캡슐),dexibuprofen
657502350,푸루세틴캡슐20밀리그램(플루옥세틴염산염)_(22.4mg/1캡슐),fluoxetine
54800260,토파엠정25밀리그램(토피라메이트)_(25mg/1정),topiramate
72400140,토피에이정25밀리그램(토피라메이트)_(25mg/1정),topiramate
73200680,훼밀리나프록센연질캡슐_(0.25g/1캡슐),naproxen
654802490,헤모쉴드헤모스태틱(트롬빈)_(5KI.U/1키트),thrombin
644604320,굿포미정_(1정),levonorgestrel
641805190,센스리베정_(1정),gestodene
679601360,토피아정(토피라메이트)_(25mg/1정),topiramate
679600880,에이프록센연질캡슐(나프록센)_(0.25g/1캡슐),naproxen
650301210,지노플러스정_(1정),st john's wort 80% methanol ext
621800340,제일세라민큐정_(1정),cimicifuga rhizome ext
644802370,플루민캡슐(플루옥세틴염산염)_(22.4mg/1캡슐),fluoxetine
644801410,에버퀸정_(1정),cimicifuga rhizome ext
658202350,에스미정_(1정),cimicifuga rhizome ext
73200190,큐피라정(토피라메이트)_(25mg/1정),topiramate
644600900,옥세틴캡슐(플루옥세틴염산염)_(22.4mg/1캡슐),fluoxetine
644806480,센스가드정_(1정),levonorgestrel
656205150,토파맥정25밀리그램(토피라메이트)_(25mg/1정),topiramate
648605070,토라펜엑스알서방정25밀리그램(토피라메이트)_(25mg/1정),topiramate
642105860,센스데이큐정_(1정),ethinyl estradiol
52401310,토피메드정100밀리그램(토피라메이트)_(0.1g/1정),topiramate
642105050,센스데이정_(1정),ethinyl estradiol
670400550,토피메정25밀리그램(토피라메이트)_(25mg/1정),topiramate
653005070,크리콜론정_(1정),dibasic
669906140,디프렌캡슐10mg(플루옥세틴염산염)_(11.2mg/1캡슐),fluoxetine
690800011,삼양아트로핀주사제_(1.673mg/0.7mL),atropine
644102380,폰다미스정25밀리그램(토피라메이트)_(25mg/1정),topiramate
641706040,훼민업정_(1정),st john's wort 80% methanol ext
644805200,토핀스정25밀리그램(토피라메이트)_(25mg/1정),topiramate
645103221,대한펜타닐주사액_(1.5mg/30mL),fentanyl
621804440,릴리애정_(21정),ethinyl estradiol
643605880,디어미순정_(1정),ethinyl estradiol
698504620,토피메이트정25밀리그램(토피라메이트)_(25mg/1정),topiramate
645103511,대한펜타닐주사액_(50μg/1mL),fentanyl
621800340,제일세라민큐정_(1정),st john's wort 80% methanol ext
670103580,토라맥정(토피라메이트)_(0.1g/1정),topiramate
643605880,디어미순정_(1정),gestodene
647301370,심미안정_(1정),cimicifuga rhizome ext
661900740,시메신-플러스정_(1정),st john's wort 80% methanol ext
698501510,예스큐정_(1정),cimicifuga rhizome ext
73200140,큐세틴캡슐(플루옥세틴염산염)_(22.4mg/1캡슐),fluoxetine
658502420,토라피정25밀리그램(토피라메이트)_(25mg/1정),topiramate
652604560,부로피온정(부프로피온염산염)_(0.1g/1정),bupropion
663608510,포글리메트서방정5/1000밀리그램_(1정),dapagliflozin citric acid
641100710,야스민정_(1정),drospirenone
650301210,지노플러스정_(1정),cimicifuga rhizome ext
652902320,로랑캡슐(플루옥세틴염산염)_(22.4mg/1캡슐),fluoxetine
669905190,토핀정25밀리그램(토피라메이트)_(25mg/1정),topiramate
669502770,"원투정15/50밀리그램(클로미프라민염산염,실데나필시트르산염)_(1정)",clomipramine
626500820,멜리안정_(1정),gestodene
652607130,지베즈정_(28정),ethinyl estradiol
648605050,토라펜엑스알서방정50밀리그램(토피라메이트)_(50mg/1정),topiramate
649701560,쎄스콘노아정_(1정),ethinyl estradiol
648902410,에이리스정_(1정),ethinyl estradiol
649702810,플랜에이정_(28정),ethinyl estradiol
622800930,옥시그린캡슐20밀리그램(플루옥세틴염산염)_(22.4mg/1캡슐),fluoxetine
644802600,토핀정100밀리그램(토피라메이트)_(0.1g/1정),topiramate
670400640,오베플루캡슐(플루옥세틴염산염)_(22.4mg/1캡슐),fluoxetine
642004130,보니타정_(1정),desogestrel
684501450,토피라이정25밀리그램(토피라메이트)_(25mg/1정),topiramate
669604950,제스터정25밀리그램(토피라메이트)_(25mg/1정),topiramate
626500800,마이보라정_(1정),gestodene
653401260,훼라민큐정_(1정),st john's wort 80% methanol ext
72400160,프록세틴캡슐(플루옥세틴염산염)_(22.4mg/1캡슐),fluoxetine
649703110,플랜지정_(1정),ethinyl estradiol
669802810,토펙스정25밀리그람(토피라메이트)_(25mg/1정),topiramate
644602880,토맥정(토피라메이트)_(0.1g/1정),topiramate
649703110,플랜지정_(1정),gestodene
626500810,미니보라30_(1정),ethinyl estradiol
684501460,토피라이정100밀리그램(토피라메이트)_(0.1g/1정),topiramate
694201970,미시업정-골드_(1정),cimicifuga rhizome ext
670101140,토라맥정25mg(토피라메이트)_(25mg/1정),topiramate
661604860,토라메이트정(토피라메이트)_(0.1g/1정),topiramate
643201340,히페린정_(1정),cimicifuga rhizome ext
623006690,토피렌티정25밀리그램(토피라메이트)_(25mg/1정),topiramate
641806060,콘트라브서방정_(1정),bupropion
641806060,콘트라브서방정_(1정),naltrexone
626900890,오스테도정6밀리그램(듀테트라베나진)_(6mg/1정),deutetrabenazine
626900900,오스테도정9밀리그램(듀테트라베나진)_(9mg/1정),deutetrabenazine
645104281,칼킬레이트주(에데트산칼슘디나트륨)_(2g/10mL),edetate
626900910,오스테도정12밀리그램(듀테트라베나진)_(12mg/1정),deutetrabenazine
52900091,레드큐어주(에데트산칼슘디나트륨)_(1g/5mL),edetate
