원료명(원문),출현횟수,매핑 성분(초안),confidence,검수 판정,의견
산화아연(고시형),5831,아연,high,,
비타민D3혼합제제,4778,비타민 D,high,,
산화아연,3612,아연,high,,
비타민B6염산염,3529,비타민 B6,high,,
판토텐산칼슘(고시형),3442,판토텐산,high,,
니코틴산아미드(고시형),3027,나이아신,high,,
비타민 B2(고시형),2950,비타민 B2,high,,
비타민 C(고시형),2568,비타민 C,high,,
엽산(고시형),2410,엽산,high,,
혼합제제,2346,IGNORE,skip,,
Lactiplantibacillus plantarum(고시형),2306,프로바이오틱스,high,,
홍삼농축액(고시형),2250,홍삼,high,,
건조효모,2214,IGNORE,skip,,
니코틴산아미드,2147,나이아신,high,,
유산균혼합분말,2125,프로바이오틱스,high,,
프로바이오틱스(고시형),2117,프로바이오틱스,high,,
비타민 B6 염산염,2070,비타민 B6,high,,
비오틴(고시형),2053,비오틴,high,,
가르시니아캄보지아 추출물(고시형),2000,가르시니아,high,,
d-α-토코페롤,1969,비타민 E,medium,,
판토텐산칼슘,1895,판토텐산,high,,
비타민B1염산염,1887,비타민 B1,high,,
비타민B2,1867,비타민 B2,high,,
황산망간(고시형),1866,망간,medium,,
Bifidobacterium animalis ssp. lactis(고시형),1808,프로바이오틱스,high,,
비타민 B6(고시형),1764,비타민 B6,high,,
Lacticaseibacillus rhamnosus(고시형),1632,프로바이오틱스,high,,
산화마그네슘(고시형),1586,마그네슘,high,,
비타민 D3(고시형),1544,비타민 D,high,,
아셀렌산나트륨(고시형),1543,셀레늄,high,,
비타민 B1염산염(고시형),1464,비타민 B1,high,,
건조효모(셀렌함유),1451,셀레늄,high,,
EPA 및 DHA 함유 유지(고시형),1436,오메가-3,high,,
비타민C,1428,비타민 C,high,,
비타민 E(고시형),1428,비타민 E,high,,
마리골드꽃추출물(고시형),1370,루테인,high,,
엽산,1367,엽산,high,,
바나바잎 추출물(고시형),1256,바나바잎,medium,,
Bifidobacterium longum(고시형),1229,프로바이오틱스,high,,
글루콘산아연(고시형),1222,아연,high,,
엠에스엠(고시형),1197,MSM,high,,
Lactobacillus acidophilus(고시형),1196,프로바이오틱스,high,,
비타민E혼합제제,1193,비타민 E,high,,
밀크씨슬(카르두스 마리아누스) 추출물(고시형),1186,밀크씨슬,medium,,
비타민 A 혼합제제,1166,비타민 A,high,,
비타민 B2,1146,비타민 B2,high,,
비타민B2(고시형),1100,비타민 B2,high,,
황산망간,1079,망간,medium,,
비타민C(고시형),1070,비타민 C,high,,
은행잎추출물(고시형),1051,은행잎,high,,
비타민K1혼합제제,1040,비타민 K,medium,,
비타민 C,1036,비타민 C,high,,
건조효모(크롬함유),1012,크롬,medium,,
비타민 B1염산염,998,비타민 B1,high,,
비타민 B12(고시형),979,비타민 B12,high,,
비타민B12,944,비타민 B12,high,,
분말비타민A혼합제제,908,비타민 A,medium,,
차전자피식이섬유(고시형),902,식이섬유,high,,
비타민 B1(고시형),896,비타민 B1,high,,
산화마그네슘,857,마그네슘,high,,
비타민B12혼합제제분말,851,비타민 B12,medium,,
Bifidobacterium bifidum(고시형),817,프로바이오틱스,high,,
비오틴,811,비오틴,high,,
셀레늄(고시형),811,셀레늄,high,,
Streptococcus thermophilus(고시형),796,프로바이오틱스,high,,
아셀렌산나트륨,794,셀레늄,high,,
D-알파-토코페롤(고시형),783,비타민 E,medium,,
해조칼슘,771,칼슘,high,,
비타민B1염산염(고시형),746,비타민 B1,high,,
비타민 B1질산염(고시형),732,비타민 B1,high,,
코엔자임Q10(고시형),730,코엔자임 Q10,high,,
비타민 A(고시형),721,비타민 A,high,,
비타민D3혼합제제분말,697,비타민 D,medium,,
프로폴리스추출물(고시형),689,프로폴리스,medium,,
푸마르산제일철(고시형),688,철분,high,,
과립),681,,uncertain,,
Limosilactobacillus reuteri(고시형),671,프로바이오틱스,high,,
스테아린산마그네슘(고시형),646,마그네슘,medium,,
칼슘(고시형),646,칼슘,high,,
Bifidobacterium breve(고시형),642,프로바이오틱스,high,,
Lacticaseibacillus casei(고시형),630,프로바이오틱스,high,,
글루콘산동(고시형),626,구리,high,,
포스파티딜세린(고시형),617,,uncertain,,
Lactococcus lactis(고시형),616,프로바이오틱스,high,,
정제어유,600,오메가-3,high,,
건조효모(비타민D),597,비타민 D,medium,,
건조효모(몰디브덴함유),591,,uncertain,,
글루콘산아연,566,아연,high,,
홍삼농축액,565,홍삼,high,,
헤마토코쿠스추출물(고시형),563,,uncertain,,
난소화성말토덱스트린(고시형),559,식이섬유,high,,
Enterococcus faecium(고시형),548,프로바이오틱스,high,,
비타민C혼합제제,547,비타민 C,medium,,
Lacticaseibacillus paracasei(고시형),546,프로바이오틱스,high,,
요오드칼륨(고시형),540,요오드,medium,,
피리독신염산염(고시형),533,비타민 B6,high,,
EPA및DHA함유유지(고시형),530,오메가-3,high,,
황산동(고시형),522,구리,high,,
프락토올리고당(고시형),515,프리바이오틱스,high,,
Limosilactobacillus fermentum(고시형),499,프로바이오틱스,high,,
비오틴 혼합분말,492,비오틴,medium,,
크롬(고시형),483,크롬,high,,
녹차추출물(고시형),480,녹차 카테킨,high,,
푸마르산제일철,438,철분,high,,
옥타코사놀(고시형),431,,uncertain,,
히알루론산(고시형),428,히알루론산,high,,
L-테아닌(고시형),424,테아닌,medium,,
N-아세틸글루코사민,422,글루코사민,high,,
Lactobacillus helveticus(고시형),403,프로바이오틱스,high,,
Lactobacillus gasseri(고시형),395,프로바이오틱스,high,,
홍경천 추출물(고시형),393,홍경천,high,,
쏘팔메토 열매 추출물(고시형),385,쏘팔메토,high,,
홍삼,377,홍삼,high,,
NAG(엔에이지,374,,uncertain,,
N-Acetylglucosamine)(고시형),374,,uncertain,,
비타민E혼합제제분말,373,비타민 E,medium,,
녹차추출물분말(고시형),367,녹차 카테킨,medium,,
비타민B1질산염,349,비타민 B1,high,,
비타민 D(고시형),334,비타민 D,high,,
희석제(옥수수전분) 적량},331,,uncertain,,
홍삼(고시형),330,홍삼,high,,
비타민 D3 혼합제제분말,311,비타민 D,medium,,
"과립)(생균으로 100,000,000,000개/g 이상",309,,uncertain,,
유청단백분말,307,,uncertain,,
프로바이오틱스분말(고시형),302,프로바이오틱스,medium,,
비타민 B12 혼합제제분말,302,비타민 B12,medium,,
황산동,298,구리,high,,
뮤코다당.단백(고시형),297,,uncertain,,
글루콘산마그네슘(고시형),294,마그네슘,high,,
홍삼농축액분말,292,홍삼,medium,,
메틸테트라히드로엽산글루코사민,289,글루코사민,medium,,
비타민 K1(고시형),282,비타민 K,medium,,
몰리브덴(고시형),279,,uncertain,,
베타카로틴혼합제제,276,비타민 A,medium,,
보호제 및 희석제 적량),276,,uncertain,,
비타민 K2(고시형),269,비타민 K2,high,,
비타민B1질산염(고시형),268,비타민 B1,high,,
요오드칼륨,267,요오드,medium,,
코엔자임 Q10(고시형),264,코엔자임 Q10,high,,
글루콘산동,262,구리,high,,
쏘팔메토 열매추출물(고시형),258,쏘팔메토,high,,
건조효모(아연함유),254,아연,medium,,
옥타코사놀 함유 유지(고시형),251,,uncertain,,
탄산칼슘(고시형),244,칼슘,high,,
Ligilactobacillus salivarius(고시형),241,프로바이오틱스,high,,
테아닌(고시형),241,테아닌,high,,
비타민 B1질산염,237,비타민 B1,high,,
비타민 D3 혼합제제유지,234,비타민 D,medium,,
베타카로틴(고시형),233,비타민 A,high,,
피로인산제이철(고시형),232,철분,high,,
비오틴 혼합,230,비오틴,medium,,
6년근(고시형),229,IGNORE,skip,,
유청칼슘,224,칼슘,high,,
프로폴리스추출물분말,220,프로폴리스,medium,,
회화나무열매추출물(고시형),220,회화나무열매추출물,high,,
아연(고시형),215,아연,high,,
구연산칼슘(고시형),212,칼슘,high,,
분말비타민D3혼합제제,209,비타민 D,medium,,
분말비타민B12혼합제제,204,비타민 B12,medium,,
나이아신(고시형),194,나이아신,high,,
기타가공품,187,,uncertain,,
스테아린산마그네슘,184,마그네슘,medium,,
7종 혼합유산균,183,IGNORE,skip,,
비타민 E 혼합제제분말,182,비타민 E,medium,,
홍국분말(고시형),179,홍국,medium,,
인디안구스베리추출물분말,170,,uncertain,,
홍삼농축액(농축물),170,홍삼,medium,,
비타민B12(고시형),168,비타민 B12,high,,
탄산칼슘,168,칼슘,high,,
비타민K2,168,비타민 K2,high,,
해조혼합분말,165,,uncertain,,
Bifidobacteriumbifidum(고시형),164,프로바이오틱스,high,,
레티닐 팔미트산염 혼합제제,160,,uncertain,,
희석제(옥수수전분) 적량),157,,uncertain,,
대두이소플라본(고시형),150,이소플라본,high,,
분리대두단백,150,,uncertain,,
홍국(고시형),147,홍국,high,,
비타민A혼합분말,145,비타민 A,medium,,
쌀발효분말,144,,uncertain,,
콜레우스포스콜리 추출물(고시형),144,,uncertain,,
흑삼농축액,141,,uncertain,,
폴리감마글루탐산(고시형),136,,uncertain,,
발효홍삼농축액,133,홍삼,medium,,
밀크씨슬추출물,133,밀크씨슬,high,,
건조효모(비오틴 함유),129,비오틴,medium,,
프락토올리고당,129,프리바이오틱스,high,,
글루콘산마그네슘,129,마그네슘,high,,
비타민A(고시형),128,비타민 A,high,,
밀크씨슬추출물분말,125,밀크씨슬,medium,,
보라지유(고시형),124,,uncertain,,
황산아연(고시형),123,아연,high,,
구연산칼슘,121,칼슘,high,,
피로인산제이철 혼합제제,120,철분,medium,,
마그네슘(고시형),117,마그네슘,high,,
d-α-토코페릴호박산,114,,uncertain,,
유성비타민A지방산에스테르,113,비타민 A,medium,,
비타민D3 분말,111,비타민 D,medium,,
옥타코사놀분말(고시형),110,,uncertain,,
비타민 D3 혼합제제,109,비타민 D,high,,
크레아틴(고시형),109,,uncertain,,
바나바잎추출물,107,바나바잎,medium,,
젖산마그네슘(고시형),106,마그네슘,medium,,
비타민 K 혼합제제,105,비타민 K,medium,,
비타민 A 혼합제제분말,105,비타민 A,medium,,
단백질(고시형),105,단백질,high,,
감마리놀렌산 함유 유지(고시형),104,감마리놀렌산,medium,,
산호분말,104,,uncertain,,
DL-알파-토코페릴초산염 혼합제제,102,,uncertain,,
히알루론산,101,히알루론산,high,,
유성 비타민A 지방산에스테르,99,비타민 A,medium,,
Lactobacillus delbrueckii ssp. bulgaricus(고시형),98,프로바이오틱스,high,,
Lactobacillus bulgaricus,96,프로바이오틱스,high,,
패각분말,96,,uncertain,,
인삼농축액,94,인삼,high,,
DL-알파-토코페롤(고시형),90,비타민 E,medium,,
피로인산제이철,89,철분,high,,
수산화마그네슘(고시형),88,마그네슘,high,,
옥타코사놀함유 유지(고시형),87,,uncertain,,
비타민 K(고시형),87,비타민 K,high,,
홍삼분말,87,홍삼,high,,
D-알파-토코페릴초산염혼합제제,85,,uncertain,,
밀크씨슬(고시형),84,밀크씨슬,high,,
L-젖산마그네슘,84,마그네슘,medium,,
비타민 B12,83,비타민 B12,high,,
공액리놀레산(고시형),83,,uncertain,,
효모식품,83,,uncertain,,
Lactobacillus bulgaricus(고시형),82,프로바이오틱스,high,,
Lactobacillus acidophilus분말(가루,81,프로바이오틱스,high,,
루테인지아잔틴복합추출물(기능성원료인정제2018-4호),81,루테인,medium,,
판토텐산(고시형),81,판토텐산,high,,
비타민 D3,80,비타민 D,high,,
황산아연,80,아연,high,,
요오드(고시형),79,요오드,high,,
스피루리나(고시형),79,,uncertain,,
인산철(고시형),77,,uncertain,,
젖산칼슘(고시형),77,칼슘,medium,,
콜레우스포스콜리추출물(기능성원료인정제2012-5호),77,,uncertain,,
니코틴산(고시형),76,나이아신,high,,
레몬추출분말,74,,uncertain,,
D-α-토코페롤,71,비타민 E,medium,,
Bifidobacteriumbreve(고시형),71,프로바이오틱스,high,,
Bifidobacteriumlongum(고시형),71,프로바이오틱스,high,,
저분자콜라겐펩타이드(제2023-33호),71,콜라겐,medium,,
ｄ-α-토코페릴호박산(고시형),71,,uncertain,,
분리대두단백분말,71,,uncertain,,
가르시니아캄보지아 추출물,71,가르시니아,high,,
철(고시형),70,,uncertain,,
조류추출유지,70,,uncertain,,
아세로라추출분말,69,,uncertain,,
레티닐 팔미트산염(고시형),69,,uncertain,,
Lactobacillus rhamnosus분말(가루,68,프로바이오틱스,high,,
L-아스코브산칼슘(고시형),66,칼슘,medium,,
우유단백,66,,uncertain,,
Lactobacillusacidophilus(고시형),65,프로바이오틱스,high,,
망간(고시형),65,망간,high,,
돌외잎주정추출분말(액티포닌®)(기능성원료인정제2013-8호),64,,uncertain,,
루테인(고시형),63,루테인,high,,
L-아스코브산나트륨,63,비타민 C,medium,,
디메틸설폰(Methyl sulfonylmethane,63,MSM,medium,,
Lactobacillus plantarum,62,프로바이오틱스,high,,
"락토바실루스 아시도필루스 유산균{LACTOBACILLUS ACIDOPHILUS의 생균으로 100,000,000,000개/g 이상",62,프로바이오틱스,high,,
L-아스코브산나트륨(고시형),61,비타민 C,medium,,
Lactobacillus plantarum분말(가루,61,프로바이오틱스,high,,
Streptococcus thermophilus분말(가루,61,프로바이오틱스,high,,
알로에베라(고시형),61,,uncertain,,
가르시니아캄보지아 추출물분말(가루,61,가르시니아,medium,,
알로에 겔(고시형),61,,uncertain,,
아라비아검 38%,59,,uncertain,,
Bifidobacterium longum분말(가루,58,프로바이오틱스,high,,
귀리식이섬유(고시형),58,식이섬유,medium,,
해조분말,57,,uncertain,,
알로에베라겔동결건조분말,57,,uncertain,,
저분자콜라겐펩타이드GT(기능성원료인정제2022-6호),57,콜라겐,medium,,
칼슘분말(고시형),57,칼슘,medium,,
자일로올리고당(xylooligosaccharide) 분말(기능성원료인정제2009-80호),56,프리바이오틱스,medium,,
루테인지아잔틴복합추출물(기능성원료인정제2018-11호),55,루테인,medium,,
강황추출물(제2023-5호),55,,uncertain,,
염화크롬(고시형),54,크롬,medium,,
토마토추출물(고시형),54,,uncertain,,
10종혼합유산균분말,53,IGNORE,skip,,
인삼(고시형),53,인삼,high,,
비타민 D3 혼합제제분말(가루,53,비타민 D,medium,,
스페인감초추출물(기능성원료인정제2014-4호),51,감초,medium,,
프로폴리스(고시형),51,프로폴리스,high,,
Enterococcus faecalis(고시형),50,프로바이오틱스,high,,
Bifidobacterium longum,50,프로바이오틱스,high,,
건조효모(비타민D2),50,비타민 D,medium,,
홍삼농축액(농축물)분말,50,홍삼,medium,,
비타민B12혼합분말,50,비타민 B12,medium,,
그린커피빈주정추출물(기능성원료인정제2018-6호),50,,uncertain,,
말토덱스트린 24.5%,50,,uncertain,,
빌베리 추출물(고시형),50,,uncertain,,
키토산(고시형),49,,uncertain,,
Bifidobacterium animalis spp. lactis분말(가루,49,프로바이오틱스,high,,
산양유분말,49,,uncertain,,
인산철,49,,uncertain,,
Bifidobacterium animalis ssp lactis분말(고시형),48,프로바이오틱스,high,,
분말비타민 A(고시형),47,비타민 A,medium,,
백수오 등 복합추출물(기능성원료인정제2010-20호),47,백수오등복합추출물,medium,,
은행잎추출물분말,47,은행잎,medium,,
제삼인산칼슘(고시형),47,칼슘,medium,,
테아닌,47,테아닌,high,,
옥수수전분 15.55%,47,,uncertain,,
파라다이스넛추출물분말,47,,uncertain,,
비타민 D 혼합제제,46,비타민 D,medium,,
HK 나토배양물(기능성원료인정제2009-50호),46,,uncertain,,
Lactobacillus acidophilus,46,프로바이오틱스,high,,
보라지 종자(고시형),46,,uncertain,,
비타민 D3 혼합분말,46,비타민 D,medium,,
리스펙타(Respecta®)[프로바이오틱스 등 복합물](기능성원료인정제2019-26호),46,프로바이오틱스,medium,,
차전자피분말(가루,46,차전자피,medium,,
유산균발효굴추출물(FGO)(제2024-26호),46,유산균,medium,,
헴철,46,철분,high,,
아프리카망고 종자추출물(IGOB131)(기능성원료인정제2015-14호),45,,uncertain,,
프로바이오틱스(드시모네)(기능성원료인정제2009-28호),45,프로바이오틱스,medium,,
Bifidobacterium infantis,44,프로바이오틱스,high,,
김치유산균혼합분말,44,유산균,medium,,
은행잎추출물,44,은행잎,high,,
발효홍삼농축액분말,44,홍삼,medium,,
탄산칼슘혼합제제,44,칼슘,medium,,
염화칼륨(고시형),44,칼륨,high,,
아라비아검 20%,44,,uncertain,,
마리골드꽃추출물(지아잔틴함유)(제2025-7호),44,루테인,medium,,
헴철(고시형),44,철분,high,,
제이인산칼슘(고시형),43,칼슘,medium,,
클로렐라(고시형),43,,uncertain,,
글루코사민황산염분말(고시형),43,글루코사민,medium,,
알로에겔분말농축(고시형),43,,uncertain,,
풋사과추출물 애플페논(Applephenon)(기능성원료인정제2015-9호),42,,uncertain,,
아쉬아간다 추출물(ShodenⓇ)(제2022-27호),42,아슈와간다,medium,,
프로폴리스추출물,42,프로폴리스,medium,,
변성전분 24.5%,42,,uncertain,,
녹차추출물,42,녹차 카테킨,high,,
레몬껍질추출물분말,41,,uncertain,,
비타민E,41,비타민 E,high,,
밀크씨슬(카라두스 마리아누스)추출물(고시형),41,밀크씨슬,medium,,
젖산칼슘,41,칼슘,medium,,
분말비타민 A,40,비타민 A,medium,,
5종혼합유산균,40,IGNORE,skip,,
말토덱스트린 47%,40,,uncertain,,
이산화규소 1%),40,,uncertain,,
수산화마그네슘,39,마그네슘,high,,
Enterococcusfaecium(고시형),39,프로바이오틱스,high,,
식품첨가물혼합제제,39,,uncertain,,
비타민 B12 혼합제제,39,비타민 B12,high,,
석류농축액(기능성원료인정제2014-22호),39,,uncertain,,
비타민 C(L-Ascorbic acid),39,비타민 C,medium,,
L-카르니틴 타르트레이트(기능성원료인정제2012-19호),39,,uncertain,,
비타민 B2(Riboflavin),39,비타민 B2,medium,,
스페인감초추출물(기능성원료인정제2019-7호),39,감초,medium,,
비타민D3,39,비타민 D,high,,
Streptococcusthermophilus(고시형),38,프로바이오틱스,high,,
Bifidobacterium bifidum분말(가루,38,프로바이오틱스,high,,
곤약감자추출물(고시형),38,,uncertain,,
D-알파-토코페롤 혼합제제,38,비타민 E,medium,,
몰리브덴산나트륨(고시형),38,,uncertain,,
니코틴산,38,나이아신,high,,
저분자콜라겐펩타이드 AG(제2023-10호),38,콜라겐,medium,,
감태추출물(기능성원료인정제2015-6호),37,,uncertain,,
미숙여주주정추출분말(기능성원료인정제2020-14호),37,여주,medium,,
인동덩굴꽃봉오리추출물(그린세라-F)(기능성원료인정제2019-14호),37,,uncertain,,
폴리덱스트로스(고시형),37,,uncertain,,
Lactobacillus rhamnosus,36,프로바이오틱스,high,,
셀렌산나트륨(고시형),36,,uncertain,,
L. curvatus HY7601와 L. plantarum KY1032의 프로바이오틱스 복합물(제2019-4호),36,프로바이오틱스,medium,,
베타글루칸분말(기능성원료인정제2020-10호),36,베타글루칸,medium,,
폴리감마글루탐산,36,,uncertain,,
알로에전잎(고시형),36,,uncertain,,
홍삼분말(가루,35,홍삼,medium,,
Bifidobacterium breve분말(가루,35,프로바이오틱스,high,,
모로오렌지추출분말(Morosil®)(기능성원료인정제2021-7호),35,,uncertain,,
마리골드 꽃(고시형),35,,uncertain,,
시서스추출물(기능성원료인정제2018-14호),35,,uncertain,,
인삼분말,35,인삼,medium,,
저분자콜라겐펩타이드(제2023-14호),35,콜라겐,medium,,
MSM)분말(고시형),35,MSM,medium,,
이산화규소 0.5%,35,,uncertain,,
Lactobacillushelveticus(고시형),34,프로바이오틱스,high,,
이눌린/치커리추출물(고시형),34,식이섬유,medium,,
분리유단백분말,34,,uncertain,,
비타민 E,34,비타민 E,high,,
비타민 C분말(가루,34,비타민 C,medium,,
완두단백,33,,uncertain,,
유단백가수분해물(락티움)(기능성원료인정제2020-2호),33,유단백가수분해물,medium,,
나토균배양분말(기능성원료인정제2013-6호),33,,uncertain,,
나이아신,33,나이아신,high,,
콜레우스 포스콜리 추출물(기능성원료인정제2012-5호),33,,uncertain,,
난소화성말토덱스트린분말(고시형),33,난소화성 말토덱스트린,medium,,
비타민C(L-Ascorbic acid),33,비타민 C,medium,,
비타민 E 혼합제제,33,비타민 E,high,,
Bifidobacterium breve B-3 프로바이오틱스(제2023-2호),32,프로바이오틱스,high,,
키토산분말(고시형),32,,uncertain,,
유산균배양건조물,31,유산균,medium,,
Lactobacillus casei분말(가루,31,프로바이오틱스,high,,
Lactobacillus helveticus,31,프로바이오틱스,high,,
태극삼(고시형),31,,uncertain,,
석류농축분말(기능성원료인정제2018-8호),31,,uncertain,,
석류추출물(기능성원료인정제2015-28호),31,,uncertain,,
가르시니아캄보지아추출물,31,가르시니아,high,,
자몽추출물등 복합물(Sinetrol)(기능성원료인정제2019-24호),30,자몽,medium,,
레몬 밤 추출물 혼합분말(기능성원료인정제2010-24호),29,,uncertain,,
비타민 A 아세테이트 분말,29,비타민 A,medium,,
타마린드강황주정추출복합물(TamaFlexⓇ)(제2024-12호),29,,uncertain,,
프로폴리스추출물분말(가루,29,프로폴리스,medium,,
홍미삼30%),29,,uncertain,,
젖산철(고시형),29,,uncertain,,
루테인지아잔틴복합추출물20%(기능성원료인정제2013-23호),29,루테인,medium,,
유청분말,29,,uncertain,,
마리골드꽃추출물(지아잔틴함유)(제2026-9호),29,루테인,medium,,
DL-알파-토코페롤 0.2%,29,비타민 E,medium,,
"락토바실루스 람노수스 유산균{LACTOBACILLUS RHAMNOSUS의 생균으로 100,000,000,000개/g 이상",28,프로바이오틱스,high,,
감마리놀렌산함유유지(고시형),28,감마리놀렌산,medium,,
Bifidobacterium bifidum,28,프로바이오틱스,high,,
비타민 B2 인산에스테르나트륨(고시형),28,비타민 B2,medium,,
미강주정추출물(기능성원료인정제2018-3호),28,,uncertain,,
미역 등 복합추출물(잔티젠)(기능성원료인정제2013-10호),28,,uncertain,,
유산균 혼합분말(가루,27,유산균,medium,,
비타민 A,27,비타민 A,high,,
비타민C혼합분말,27,비타민 C,medium,,
코엔자임 Q10,27,코엔자임 Q10,high,,
젖산철,27,,uncertain,,
풋사과추출물 애플페논(Applephenon)(기능성원료인정제2019-21호),27,,uncertain,,
옥수수전분 20%,27,,uncertain,,
옥타코사놀,27,,uncertain,,
Lactobacillus sakei Probio65(기능성원료인정제2013-17호),27,프로바이오틱스,high,,
꾸지뽕잎추출물(기능성원료인정제2021-16호),27,,uncertain,,
비타민 E 혼합분말,27,비타민 E,medium,,
호박씨추출물 등 복합물(기능성원료인정제2014-43호),27,,uncertain,,
Lactobacillusgasseri(고시형),26,프로바이오틱스,high,,
인삼,26,인삼,high,,
나토균배양분말(기능성원료인정제2012-7호),26,,uncertain,,
인삼농축액분말,26,인삼,medium,,
건조효모분말(가루,26,,uncertain,,
6년근농축액(농축물),25,IGNORE,skip,,
피쉬 콜라겐펩타이드(기능성원료인정제2019-12호),25,콜라겐,medium,,
보이차추출물(기능성원료인정제2014-7호),25,,uncertain,,
루바브뿌리추출물(기능성원료인정제2021-17호),25,,uncertain,,
Bifidobacterium lactis,25,프로바이오틱스,high,,
알로에아보레센스(고시형),25,,uncertain,,
보스웰리아추출물(SERRATRIN)(기능성 원료 인정서 제2022-17호),24,,uncertain,,
강황 추출물(터마신)(기능성원료인정제2014-2호),24,,uncertain,,
황기추출물 등 복합물(HT042)(기능성원료인정제2014-40호),24,,uncertain,,
"과립)(의 생균으로 100,000,000,000개/g 이상",24,,uncertain,,
비타민 A 혼합제제분말(가루,24,비타민 A,medium,,
수크로오스 38%,24,,uncertain,,
정제가공유지 7.5%,24,,uncertain,,
보스웰리아추출물등 복합물(Flexir)(기능성원료인정제2021-9호),24,,uncertain,,
유산균배양액,24,유산균,medium,,
레몬버베나추출물 등 복합물(티에뜨레Ⓡ)(제2022-13호),24,,uncertain,,
홍삼농축액(농축물)(진세노사이드 Rg1,23,홍삼,medium,,
비타민K1혼합분말,23,비타민 K,medium,,
분리유단백,23,,uncertain,,
산화아연분말(가루,23,아연,medium,,
DL-알파토코페롤 0.2%),23,비타민 E,medium,,
제삼인산칼슘,23,칼슘,medium,,
프로바이오틱스 HY7714(기능성원료인정제2015-1호),23,프로바이오틱스,medium,,
비타민 E 혼합제제분말(가루,23,비타민 E,medium,,
오미자추출물(기능성원료인정제2018-9호),23,,uncertain,,
그린커피빈추출물(기능성원료인정제2014-31호),23,,uncertain,,
비타민 D3 혼합제제(비타민D3 0.25%,23,비타민 D,medium,,
가공유지 7.5%,23,,uncertain,,
유산균,22,유산균,high,,
4년근(고시형),22,IGNORE,skip,,
당근추출분말,22,,uncertain,,
저분자 피쉬 콜라겐 펩타이드 (Naticol® BPMG)(제2023-25호),22,콜라겐,medium,,
HK표고버섯균사체(기능성원료인정제2010-35호),22,,uncertain,,
과채유래유산균(L.plantarum CJLP133)(기능성원료인정제2013-11호),22,유산균,medium,,
칼슘혼합제제,22,칼슘,medium,,
보스웰리아 추출물(Boswellia serrata R. extract)(기능성원료인정제2014-23호),22,,uncertain,,
기타 농산가공품,21,,uncertain,,
Lactiplantibacillus plantarum,21,프로바이오틱스,high,,
나토배양물분말,21,,uncertain,,
코엔자임Q10,21,코엔자임 Q10,high,,
난각칼슘,21,칼슘,medium,,
비타민B2혼합제제,21,비타민 B2,medium,,
보호제 및 희석제 적량}),21,,uncertain,,
과립)(비타민D3 0.25%,21,비타민 D,medium,,
달맞이꽃종자유,21,,uncertain,,
두나리엘라추출물,21,,uncertain,,
분리완두단백,21,,uncertain,,
귀리단백,21,,uncertain,,
비타민 B12 혼합분말,21,비타민 B12,medium,,
제이인산칼슘,21,칼슘,medium,,
마리골드꽃주정추출물(지아잔틴함유)(제2025-70호),21,,uncertain,,
보호제 및 희석제 적량},20,,uncertain,,
굴껍질분말,20,,uncertain,,
피크노제놀-프랑스해안송껍질추출물<PYCNOGENOL>(기능성원료인정제2006-1호),20,,uncertain,,
자당 38%,20,,uncertain,,
파크랜크랜베리분말(기능성원료인정제2014-34호),20,크랜베리,medium,,
대두이소플라본,20,이소플라본,high,,
나토배양물(분말)(기능성원료인정제2009-50호),19,,uncertain,,
"락토바실루스 플란타룸 유산균{LACTOBACILLUS PLANTARUM의 생균으로 100,000,000,000개/g 이상",19,프로바이오틱스,high,,
"스트렙토코쿠스 써모필루스 유산균{STREPTOCOCCUS THERMOPHILUS의 생균으로 100,000,000,000개/g 이상",19,프로바이오틱스,high,,
비타민미네랄혼합제제,19,,uncertain,,
Lactobacillus gasseri BNR17(기능성원료인정제2017-6호),19,프로바이오틱스,high,,
염화마그네슘(고시형),19,마그네슘,medium,,
공액리놀레산,19,,uncertain,,
Enterococcus faecium분말(가루,19,프로바이오틱스,high,,
쏘팔메토 열매추출물,19,쏘팔메토,high,,
초록입홍합추출오일(기능성원료인정제2009-49호),19,,uncertain,,
밀크씨슬(카르두스마리아누스)추출물분말(가루,19,밀크씨슬,medium,,
제일인산나트륨 0.031%,19,,uncertain,,
녹차추출물분말(가루,19,녹차 카테킨,medium,,
루테인지아잔틴복합추출물(기능성원료인정제2019-16호),19,루테인,medium,,
청국장균배양정제물(폴리감마글루탐산칼륨)(기능성원료인정제2012-25호),19,칼륨,medium,,
은행잎추출물분말(가루,19,은행잎,medium,,
Bifidobacterium breve,18,프로바이오틱스,high,,
"비피도박테리움 락티스 비피더스균{BIFIDOBACTERIUM LACTIS의 생균으로 100,000,000,000개/g 이상",18,프로바이오틱스,high,,
엽산혼합제제,18,,uncertain,,
염화칼륨,18,칼륨,high,,
글루코사민염산염분말(고시형),18,글루코사민,medium,,
레티닐 아세트산염(고시형),18,,uncertain,,
비타민 B2분말(가루,18,비타민 B2,medium,,
비타민 B6 염산염분말(가루,18,비타민 B6,medium,,
유단백가수분해물(고시형),18,유단백가수분해물,high,,
밀크씨슬(카르두스마리아누스)추출물,18,밀크씨슬,medium,,
농축유청,18,,uncertain,,
초산나트륨 0.01%,18,,uncertain,,
비타민C 0.003%,18,비타민 C,medium,,
제이인산나트륨 0.036%,18,,uncertain,,
참당귀 추출분말(Nutragen)(기능성원료인정제2014-44호),18,,uncertain,,
자주개자리농축분말,18,,uncertain,,
루테인지아잔틴추출복합물(제2025-35호),18,루테인,medium,,
기타 수산물가공품,18,,uncertain,,
설탕 38%,18,,uncertain,,
마늘(고시형),18,마늘,high,,
해조분말(비소성),17,,uncertain,,
흑삼,17,,uncertain,,
"비피도박테리움 롱굼 비피더스균{BIFIDOBACTERIUM LONGUM의 생균으로 100,000,000,000개/g 이상",17,프로바이오틱스,high,,
피브로인추출물 BF-7(기능성원료인정제2009-46호),17,,uncertain,,
구리(고시형),17,구리,high,,
비타민B6염산염혼합제제,17,비타민 B6,medium,,
가르시니아캄보지아껍질추출물분말,17,가르시니아,medium,,
흑삼분말,17,,uncertain,,
비타민E 0.001%,17,비타민 E,medium,,
땅콩기름 0.75%,17,,uncertain,,
생선젤라틴20%,17,,uncertain,,
비타민 K1,17,비타민 K,medium,,
N-아세틸글로코사민(고시형),17,,uncertain,,
파크랜 크랜베리 분말(기능성원료인정제2014-34호),17,크랜베리,medium,,
헛개나무과병추출분말(기능성원료인정제2016-10호),17,헛개나무,medium,,
구아바잎추출물 등 복합물(BENDU381)(기능성원료인정제2009-16호),17,,uncertain,,
dl-α-토코페릴아세테이트,17,,uncertain,,
DL-알파-토코페롤 1.5%,17,비타민 E,medium,,
핑거루트추출분말(판두라틴)(기능성원료인정제2013-5호),17,,uncertain,,
DL-α-토코페릴아세테이트,16,,uncertain,,
과.채가공품,16,,uncertain,,
Lactobacillusbulgaricus(고시형),16,프로바이오틱스,high,,
루테인지아잔틴복합추출물 20%(기능성원료 인정 제2013-23호),16,루테인,medium,,
"비피도박테리움 비피둠 비피더스균{BIFIDOBACTERIUM BIFIDUM의 생균으로 100,000,000,000개/g 이상",16,프로바이오틱스,high,,
"락토바실루스 카제이 유산균{LACTOBACILLUS CASEI의 생균으로 100,000,000,000개/g 이상",16,프로바이오틱스,high,,
카제인칼슘,16,칼슘,medium,,
L-아스코브산칼슘,16,칼슘,medium,,
난소화성말토덱스트린,16,식이섬유,high,,
4종혼합유산균,16,IGNORE,skip,,
"비피도박테리움 롱굼 비피더스균{BIFIDOBACTERIUM LONGUM의 생균으로 50,000,000,000개/g 이상",16,프로바이오틱스,high,,
Lactiplantibacillus plantarum HAC01 프로바이오틱스(제2022-21호),16,프로바이오틱스,high,,
저분자콜라겐펩타이드NS(기능성원료인정제2019-20호),16,콜라겐,medium,,
건조효모분말,16,,uncertain,,
과립)(DL-알파토코페릴아세테이트 50%,16,,uncertain,,
Lacticaseibacillus rhamnosus,16,프로바이오틱스,high,,
저분자콜라겐펩타이드(기능성원료인정제2013-30호),16,콜라겐,medium,,
와사비잎추출물(NCWL01)(제2023-17호),16,,uncertain,,
자일로올리고당분말(기능성원료인정제2009-80호),16,프리바이오틱스,medium,,
비타민K1(고시형),16,비타민 K,medium,,
락추로스파우더(기능성원료인정제2009-40호),16,,uncertain,,
카로틴,16,,uncertain,,
키토산분말(가루,16,,uncertain,,
돌외잎주정추출분말(기능성원료 인정 제2013-8호),15,,uncertain,,
비타민 D3분말(가루,15,비타민 D,medium,,
홍삼발효 농축액,15,홍삼,medium,,
허니부쉬추출발효분말(기능성원료인정제2017-3호),15,,uncertain,,
알콕시글리세롤 함유 상어간유(고시형),15,,uncertain,,
Bacillus coagulans SNZ 1969 프로바이오틱스(제2023-34호),15,프로바이오틱스,medium,,
들기름,15,,uncertain,,
비타민B1질산염혼합제제,15,비타민 B1,medium,,
분말비타민A(비타민A로서9.7%함유),15,비타민 A,medium,,
헛개나무과병추출분말(기능성원료인정제2008-55호),15,헛개나무,medium,,
보라지종자유,15,,uncertain,,
자주개자리추출분말,15,,uncertain,,
건조효모복합,15,,uncertain,,
인디안구스베리추출물,15,,uncertain,,
아세로라추출물(추출액)분말(분말 추출물),15,,uncertain,,
셀레늄함유건조효모,15,셀레늄,medium,,
마리골드꽃추출물(지아잔틴함유)(제2024-25호),15,루테인,medium,,
UREX 프로바이오틱스(기능성원료인정제2014-27호),15,프로바이오틱스,medium,,
Lactobacillus reuteri,15,프로바이오틱스,high,,
제이인산칼슘 99%),15,칼슘,medium,,
로즈마리추출물등복합물(기능성원료인정제2021-18호),15,,uncertain,,
보라지 종자유지(Oil),15,,uncertain,,
매스틱 검(기능성원료인정제2014-50호),15,,uncertain,,
피크노제놀-프랑스해안송껍질추출물(기능성원료인정제2006-1호),14,,uncertain,,
혼합유산균6종,14,유산균,medium,,
비타민 D3 혼합제제유지(Oil)(비타민D3 2.5%,14,비타민 D,medium,,
비타민E 0.25%),14,비타민 E,medium,,
스피루리나,14,,uncertain,,
"비피도박테리움 비피둠 비피더스균{BIFIDOBACTERIUM BIFIDUM의 생균으로 50,000,000,000개/g 이상",14,프로바이오틱스,high,,
달맞이꽃종자 추출물(고시형),14,,uncertain,,
베타카로틴혼합제제분말,14,비타민 A,medium,,
발효율피추출분말(기능성원료인정제2021-4호),14,,uncertain,,
아스코르빈산칼슘(고시형),14,칼슘,medium,,
엽산분말(가루,14,,uncertain,,
스피루리나원말,14,,uncertain,,
포도당시럽 1.585%,14,,uncertain,,
비타민 B12 혼합제제분말(가루,14,비타민 B12,medium,,
쏘팔메토열매(고시형),14,쏘팔메토,medium,,
정제수,14,,uncertain,,
참당귀추출분말(Nutragen)(기능성원료인정제2014-44호),14,,uncertain,,
콘드로이친황산염(제2025-63호),14,,uncertain,,
비타민K1,14,비타민 K,medium,,
Lactobacillus acidophilus YT1(기능성원료인정제2019-22호),14,프로바이오틱스,high,,
양송이버섯분말,14,,uncertain,,
Streptococcus thermophilus,14,프로바이오틱스,high,,
비타민B2(Riboflavin),14,비타민 B2,medium,,
대두단백분말,14,,uncertain,,
건조비타민D3,13,비타민 D,medium,,
중쇄중성지방산오일 97.25%,13,,uncertain,,
Lactiplantibacillus plantarum TWK10 프로바이오틱스(제2022-32호),13,프로바이오틱스,high,,
락티카제이바실러스 람노서스 아이디씨씨3201 열처리배양건조물(제2018-12호),13,,uncertain,,
1*10^9/g),13,IGNORE,skip,,
과립)(레티닐아세트산염 11.5%,13,,uncertain,,
B.breve IDCC 4401(BBR4401) 열처리배양건조물(기능성원료인정제2021-5호),13,,uncertain,,
대두레시틴(고시형),13,,uncertain,,
리프리놀-초록입홍합추출오일(기능성원료인정제2009-49호),13,,uncertain,,
MSM),13,MSM,medium,,
MSM,13,MSM,high,,
난각막가수분해물(NEM®)(제2024-9호),13,,uncertain,,
천마 등 복합추출물(HX106)(기능성원료인정제2015-17호),13,,uncertain,,
니코틴산아미드혼합제제,13,나이아신,medium,,
레몬밤민들레추출복합물(LD100)(기능성원료제2022-23호),13,,uncertain,,
옥타코사놀분말(가루,13,,uncertain,,
구절초추출물(기능성원료인정제2021-12호),13,,uncertain,,
대두단백,13,,uncertain,,
크랜베리 추출물(Cran-Max)(기능성원료인정제2010-39호),13,크랜베리,medium,,
비타민 K 혼합제제 분말,13,비타민 K,medium,,
탄산칼슘분말(가루,13,칼슘,medium,,
황산마그네슘,12,마그네슘,medium,,
Bifidobacterium animalis ssp. lactis분말(가루,12,프로바이오틱스,high,,
"비피도박테리움 브레브 비피더스균{BIFIDOBACTERIUM BREVE의 생균으로 100,000,000,000개/g 이상",12,프로바이오틱스,high,,
비타민B2인산에스테르나트륨,12,비타민 B2,medium,,
3종 혼합유산균,12,IGNORE,skip,,
호로파종자추출물(TestofenⓇ)(기능성원료인정제2019-15호),12,,uncertain,,
수국잎열수추출물(기능성원료인정제2020-7호),12,,uncertain,,
프로바이오틱스,12,프로바이오틱스,high,,
구아검가수분해물(고시형),12,,uncertain,,
배초향 추출물(Agatri)(기능성원료인정제2020-4호),12,,uncertain,,
크릴오일(SuperbaTM Boost)(제2023-13호),12,,uncertain,,
가르시니아캄보지아껍질추출물,12,가르시니아,high,,
혼합제제비타민E분말(비타민E초산에스테르50%,12,비타민 E,medium,,
밀크씨슬(카르두스 마리아누스) 추출물,12,밀크씨슬,medium,,
혼합제제비타민B,12,,uncertain,,
EPA 및 DHA 함유 유지,12,오메가-3,high,,
바나바추출물분말,12,,uncertain,,
홍삼농축액(진세노사이드 Rg1,12,홍삼,medium,,
차전자피분말,12,차전자피,medium,,
탄산마그네슘(고시형),12,마그네슘,high,,
까마귀쪽나무 열매 주정추출물(기능성원료인정제2015-23호),12,,uncertain,,
두나리엘라추출물(추출액)분말(분말 추출물),12,,uncertain,,
대두단백(고시형),12,,uncertain,,
비타민 B1염산염분말(가루,12,비타민 B1,medium,,
MSM)분말(가루,12,MSM,medium,,
작약추출물등복합물(HT074)(기능성원료인정제2020-3호),12,,uncertain,,
제이인산칼륨(고시형),12,칼륨,medium,,
옥수수전분 16.05%),12,,uncertain,,
글리세린지방산에스테르7.5%,12,,uncertain,,
구아바잎추출물 등 복합물(기능성원료인정제2009-16호),12,,uncertain,,
아스코르빈산칼슘,11,칼슘,medium,,
"과립)(생균으로 50,000,000,000개/g 이상",11,,uncertain,,
진세노사이드Rg1,11,,uncertain,,
차즈기추출물(기능성원료인정제2019-17호),11,,uncertain,,
로즈마리자몽추출복합물(Nutroxsun)(기능성원료인정제2019-25호),11,자몽,medium,,
헤모힘 당귀등 혼합추출물(기능성원료인정제2006-17호),11,,uncertain,,
Latilactobacillus curvatus LB-P9 프로바이오틱스(제2025-5호),11,프로바이오틱스,high,,
레몬 밤 추출물 혼합분말,11,,uncertain,,
클로렐라원말,11,,uncertain,,
식물성DHA오일,11,,uncertain,,
글루코사민염산염,11,글루코사민,high,,
회화나무열매추출분말,11,,uncertain,,
가르시니아캄보지아추출물분말,11,가르시니아,medium,,
유산균발효다시마추출물(기능성원료인정제2011-22호),11,유산균,medium,,
가수분해유청단백분말(가루,11,,uncertain,,
덱스트린30% 계100%),11,,uncertain,,
댕댕이나무열매(허니베리)추출분말(제2019-19호),11,,uncertain,,
달맞이 꽃 종자(고시형),11,,uncertain,,
자일로올리고당(기능성원료인정제2009-80호),11,프리바이오틱스,medium,,
회화나무열매추출물,11,회화나무열매추출물,high,,
포도과피 효소발효추출물(KL-GEFE)(기능성원료인정제2019-27호),11,,uncertain,,
홍미삼 30%),11,,uncertain,,
인삼농축액(농축물),11,인삼,medium,,
폴리덱스트로스,11,,uncertain,,
글루코사민염산염분말,11,글루코사민,medium,,
비타민 D2(고시형),11,비타민 D,medium,,
분말비타민A,11,비타민 A,medium,,
가다랑어 엘라스틴 펩타이드(VGPG Elastin®)(제2022-38호),11,,uncertain,,
변성전분24.5,11,,uncertain,,
말토덱스트린24.5,11,,uncertain,,
이산화규소1),11,,uncertain,,
D-α-토코페롤(비타민E 67%),11,비타민 E,medium,,
쌀단백분말,11,,uncertain,,
알로에 겔분말(가루,11,,uncertain,,
초유단백분말,11,,uncertain,,
구연산칼륨(고시형),11,구연산칼륨,high,,
L-아스코르빈산나트륨,11,비타민 C,medium,,
이산화규소 0.5%),11,,uncertain,,
유청칼슘분말(가루,11,칼슘,medium,,
솔잎증류농축액(기능성원료인정제2012-30호),10,,uncertain,,
Enterococcusfaecalis(고시형),10,프로바이오틱스,high,,
"스트렙토코쿠스 써모필루스 유산균{STREPTOCOCCUS THERMOPHILUS의 생균으로 50,000,000,000개/g 이상",10,프로바이오틱스,high,,
두나리엘라추출물분말,10,,uncertain,,
홍삼농축액(농축물)(홍삼근70%,10,홍삼,medium,,
"엔테로코쿠스 페슘 유산균{ENTEROCOCCUS FAECIUM의 생균으로 100,000,000,000개/g 이상",10,프로바이오틱스,high,,
진세노사이드 Rg1,10,,uncertain,,
건조효모(I),10,,uncertain,,
레몬추출물(추출액)분말(분말 추출물),10,,uncertain,,
우슬 등 복합물(HL-Joint100)(기능성원료인정제2018-13호),10,,uncertain,,
두류가공품,10,,uncertain,,
비타민E혼합제제DL-알파-토코페릴초산염,10,비타민 E,medium,,
혼합제제비타민D3분말(비타민D3 0.25%,10,비타민 D,medium,,
아라비아검 0.667%,10,,uncertain,,
감잎주정추출분말(제2022-18호),10,,uncertain,,
비타민E 0.2%),10,비타민 E,medium,,
과립)(비타민B12 1%,10,비타민 B12,medium,,
DL-알파토코페롤 1.5%),10,비타민 E,medium,,
원료삼배합비율 : 홍삼근류 70%,10,홍삼,medium,,
홍삼미류 30%),10,홍삼,medium,,
계100%),10,,uncertain,,
건조효모&#40;비타민D&#41;,10,비타민 D,medium,,
Bacillus natto,10,,uncertain,,
비타민 D3 혼합제제(비타민D3 0.25,10,비타민 D,medium,,
비타민 D 혼합,10,비타민 D,medium,,
천마추출물(제2024-19호),10,,uncertain,,
난각분말,10,,uncertain,,
자당38%,10,,uncertain,,
쏘팔메토열매추출물,10,쏘팔메토,high,,
덱스트린,10,,uncertain,,
희석제정량),10,,uncertain,,
L.Sakei Probio 65동결건조,10,,uncertain,,
파비플로라생강뿌리추출물(제2024-14호),10,,uncertain,,
황산마그네슘(고시형),10,마그네슘,medium,,
Bifidobacteriuminfantis(고시형),9,프로바이오틱스,high,,
Lactobacillus paracasei분말(가루,9,프로바이오틱스,high,,
Lactococcus lactis분말(가루,9,프로바이오틱스,high,,
Lactobacillus plantarum동결건조,9,프로바이오틱스,high,,
홍삼농축액(6년근),9,홍삼,medium,,
희석제(옥수수전분)},9,,uncertain,,
식물성DHA유지,9,,uncertain,,
d-α-토코페릴아세테이트,9,,uncertain,,
비타민E[비타민E(D-α-토코페롤)(비타민E-67%)],9,비타민 E,medium,,
키토올리고당분말(고시형),9,,uncertain,,
"과립)(BIFIDOBACTERIUM LONGUM의 생균으로 100,000,000,000개/g 이상",9,프로바이오틱스,high,,
비타민E 1.5%),9,비타민 E,medium,,
MS-10 엉겅퀴등복합추출물(기능성원료인정제2020-6호),9,,uncertain,,
비타민 B12분말(가루,9,비타민 B12,medium,,
유청분말(비소성),9,,uncertain,,
클로렐라,9,,uncertain,,
D-α-토코페롤(대두),9,비타민 E,medium,,
들깨추출유,9,,uncertain,,
석류추출물,9,,uncertain,,
구연산삼나트륨 3%,9,,uncertain,,
구연산 1%,9,,uncertain,,
옥수수배아추출물(기능성원료인정제2014-8호),9,,uncertain,,
아카시아검 0.667%,9,,uncertain,,
곰피추출물(기능성원료인정제2018-1호),9,,uncertain,,
올리브잎주정추출물(기능성원료인정제2014-9호),9,,uncertain,,
인삼분말(가루,9,인삼,medium,,
MSM분말(가루,9,MSM,medium,,
소연골추출분말,9,,uncertain,,
L.sakei Probio65(기능성원료인정제2013-17호),9,,uncertain,,
마카 젤라틴화 분말(기능성원료인정제2011-7호),9,,uncertain,,
구아바잎추출분말,9,,uncertain,,
아라비아검38%,9,,uncertain,,
말토덱스트린47,9,,uncertain,,
다래추출물(기능성원료인정제2009-58호),9,,uncertain,,
말토덱스트린 80%,9,,uncertain,,
Lactobacillus gasseri,9,프로바이오틱스,high,,
루바브뿌리추출물(ERr731Ⓡ)(제2024-17호),9,,uncertain,,
유산균혼합배양액,9,유산균,medium,,
이눌린치커리추출물분말(고시형),9,식이섬유,medium,,
락추로스 파우더(Lactulose Powder)(기능성원료인정제2009-40호),9,,uncertain,,
해조류추출분말,9,,uncertain,,
셀레늄함유건조효모분말(가루,9,셀레늄,medium,,
말토덱스트린24.5%,9,,uncertain,,
건조효모(셀렌),9,,uncertain,,
풋사과 농축분말(APPLOZIN®)(제2024-4호),9,,uncertain,,
프로폴리스,9,프로폴리스,high,,
아티초크 추출물(기능성원료인정제2010-8호),9,,uncertain,,
염화마그네슘,8,마그네슘,medium,,
필수지방산(고시형),8,,uncertain,,
비타민 E분말(가루,8,비타민 E,medium,,
Lactobacillus casei동결건조,8,프로바이오틱스,high,,
"비피도박테리움 인판티스 비피더스균{BIFIDOBACTERIUM INFANTIS의 생균으로 100,000,000,000개/g 이상",8,프로바이오틱스,high,,
AP 콜라겐 효소분해 펩타이드(기능성원료인정제2010-25호),8,콜라겐,medium,,
쌀가루,8,,uncertain,,
바나바잎(고시형),8,바나바잎,high,,
"과립)(LACTOBACILLUS ACIDOPHILUS의 생균으로 100,000,000,000개/g 이상",8,프로바이오틱스,high,,
"과립)(LACTOBACILLUS RHAMNOSUS의 생균으로 100,000,000,000개/g 이상",8,프로바이오틱스,high,,
"과립)(STREPTOCOCCUS THERMOPHILUS의 생균으로 100,000,000,000개/g 이상",8,프로바이오틱스,high,,
밀배유추출물(제2025-10호),8,,uncertain,,
L. plantarum IM76과 B.longum IM55 복합물(NVP1703)(기능성인정제2019-28호),8,,uncertain,,
비타민 B6 염산염(비타민B6 82%),8,비타민 B6,medium,,
라임과피추출물(제2025-26호),8,,uncertain,,
비타민 D 혼합제제분말,8,비타민 D,medium,,
가자추출물(Ayuflex®)(기능성원료인정제2022-12호),8,,uncertain,,
유당96.667% 계1,8,,uncertain,,
청호추출분말(리베라템)(제2021-19호),8,,uncertain,,
피니톨(기능성원료인정제2005-15호),8,,uncertain,,
감마리놀렌산(고시형),8,감마리놀렌산,high,,
키토올리고당(기능성원료인정제2018-10호),8,,uncertain,,
홍미삼 30%,8,,uncertain,,
홍미삼30%)),8,,uncertain,,
산화아연(아연 80%),8,아연,medium,,
지방산복합물 FAC(Fatty Acid Complex)(기능성원료인정제2012-16호),8,,uncertain,,
피롤로퀴놀린퀴논이나트륨염(NOVAQ®)(제2025-56호),8,,uncertain,,
솔잎 증류 농축액(기능성원료인정제2012-30호),8,,uncertain,,
미역 등 복합추출물(잔티젠)(기능성원료 인정 제2013-10호),8,,uncertain,,
베타카로틴혼합,8,비타민 A,medium,,
베타카로틴,8,비타민 A,high,,
다래추출물(기능성원료인정제2009-18호),8,,uncertain,,
레몬추출물,8,,uncertain,,
농축유단백,8,,uncertain,,
옥수수전분20,8,,uncertain,,
크레아틴,8,,uncertain,,
병풀추출분말(기능성원료인정제2021-24호),8,,uncertain,,
옥수수전분 4%,8,,uncertain,,
키토올리고당(고시형),8,,uncertain,,
아카시아검38%,8,,uncertain,,
루테인추출물,8,루테인,medium,,
비타민E(D-α-토코페롤),8,비타민 E,medium,,
분리유청단백분말(가루,8,,uncertain,,
비타민D3혼합제제(비타민D3 0.25%,8,비타민 D,medium,,
비타민B1혼합제제,8,비타민 B1,medium,,
콜레우스포스콜리추출물,8,,uncertain,,
쑥부쟁이추출분말(기능성원료인정제2021-13호),8,,uncertain,,
옥타코사놀 함유 유지,8,,uncertain,,
키토산,8,,uncertain,,
"과립)(생균으로 300,000,000,000개/g 이상",7,,uncertain,,
Lactobacillus acidophilus동결건조,7,프로바이오틱스,high,,
동결건조누에분말(기능성원료인정제2009-67호),7,,uncertain,,
Streptococcus thermophilus동결건조,7,프로바이오틱스,high,,
Lactobacillus rhamnosus동결건조,7,프로바이오틱스,high,,
표고버섯균사체(기능성원료인정제2008-78호),7,,uncertain,,
루테인추출물(고시형),7,루테인,medium,,
난황레시틴,7,,uncertain,,
홍삼(제2024-20호),7,홍삼,medium,,
건조효모(II),7,,uncertain,,
저분자콜라겐펩타이드SH(기능성원료인정제2022-5호),7,콜라겐,medium,,
건조효모(크롬),7,크롬,medium,,
정제어유(유지),7,오메가-3,medium,,
차전자피,7,차전자피,high,,
호로파종자 등 추출복합물(기능성원료 인정 제2017-5호),7,,uncertain,,
알로에전잎분말,7,,uncertain,,
비타민 D3유지(Oil),7,비타민 D,medium,,
유함유가공품,7,,uncertain,,
스피루리나분말,7,,uncertain,,
소연골분말,7,,uncertain,,
강황추출물(터마신)(기능성원료인정제2014-2호),7,,uncertain,,
천심련추출물(ParActinⓇ)(기능성원료인정제2022-3호),7,,uncertain,,
타히보 추출물 (TabetriⓇ)(기능성원료인정제2022-2호),7,,uncertain,,
석류농축액,7,,uncertain,,
무기질혼합용액,7,,uncertain,,
우유단백질,7,단백질,medium,,
글루코사민 황산염,7,글루코사민,high,,
라피노스(고시형),7,,uncertain,,
루테인,7,루테인,high,,
분말비타민A혼합제제[비타민A함량 9.75%(분말비타민A 11.5%,7,비타민 A,medium,,
옥수수전분 20%)],7,,uncertain,,
가수분해유청단백,7,,uncertain,,
유청단백,7,,uncertain,,
아라비아검 38,7,,uncertain,,
수크로오스 38,7,,uncertain,,
옥수수전분 15.55,7,,uncertain,,
DL-알파토코페롤 0.2),7,비타민 E,medium,,
아라비아검20,7,,uncertain,,
이산화규소0.5,7,,uncertain,,
덱스트린 30%),7,,uncertain,,
건조효모제품,7,,uncertain,,
피로인산제이철 혼합제제분말,7,철분,medium,,
양춘사추출물(제2023-6호),7,,uncertain,,
피리독신염산염,7,비타민 B6,high,,
알로에아보레센스분말,7,,uncertain,,
한삼덩굴추출분말(HSy2)(제2025-41호),7,,uncertain,,
락토페린(우유정제단백질)(기능성원료인정제2013-20호),7,단백질,medium,,
판토텐산칼슘분말(가루,7,칼슘,medium,,
유산균발효굴추출물(FGO)(제2024-27호),7,유산균,medium,,
혼합제제비타민D3분말,7,비타민 D,medium,,
비타민 B12 혼합,7,비타민 B12,medium,,
크레아틴 모노하이드레이트,7,,uncertain,,
탄산마그네슘,7,마그네슘,high,,
칸탈로프멜론추출물(기능성원료인정제2008-9호),7,,uncertain,,
기장밀추출복합물(KeranatTM)(제2024-16호),7,,uncertain,,
글리세린지방산에스테르 7.5%,7,,uncertain,,
프로테아제,7,,uncertain,,
비타민B6염산염(비타민B6 82%),7,비타민 B6,medium,,
참당귀황기추출복합물(SHPro®)(제2024-28호),7,,uncertain,,
"락토바실루스 람노수스 유산균{LACTOBACILLUS RHAMNOSUS의 생균으로 200,000,000,000개/g 이상",7,프로바이오틱스,high,,
Bifidobacterium longum동결건조,6,프로바이오틱스,high,,
Bacillus natto추출분말,6,,uncertain,,
Bifidobacterium infantis분말(가루,6,프로바이오틱스,high,,
비수리추출분말(제2022-40호),6,,uncertain,,
수입원료(제조용),6,,uncertain,,
귀리식이섬유,6,식이섬유,medium,,
"과립)(BIFIDOBACTERIUM BREVE의 생균으로 100,000,000,000개/g 이상",6,프로바이오틱스,high,,
트레할로스 6.225%,6,,uncertain,,
비타민혼합제제,6,,uncertain,,
발효쇠무릅뿌리추출고형분,6,,uncertain,,
옥수수전분 6.225%,6,,uncertain,,
L-아르기닌(기능성원료인정제2015-19호),6,아르기닌,medium,,
Lactiplantibacillus plantarum C29 프로바이오틱스와 발효대두분말의 복합물(DW2009)(제2022-43호),6,프로바이오틱스,high,,
MR-10 민들레등복합추출물(기능성원료인정제2013-31호),6,,uncertain,,
MR-10 민들레등복합추출물,6,,uncertain,,
비타민 A 혼합제제유지(Oil)(비타민A팔미테이트 55.5%,6,비타민 A,medium,,
땅콩유지 43.5%,6,,uncertain,,
DL-알파토코페롤 1%),6,비타민 E,medium,,
Rb1 및 Rg3의 합 5mg/g),6,,uncertain,,
사삼추출물(제2022-7호),6,,uncertain,,
Lactobacillus plantarum TWK10 프로바이오틱스(제2022-32호),6,프로바이오틱스,high,,
사군자추출분말(기능성원료인정제2021-3호),6,,uncertain,,
알로에베라겔농축분말,6,,uncertain,,
인삼(뿌리)농축액(농축물),6,인삼,medium,,
포도당시럽1.585%,6,,uncertain,,
헛개나무과병추출분말(기능성원료인정제2014-1호),6,헛개나무,medium,,
감국감태추출복합물(제2025-33호),6,,uncertain,,
보라지유,6,,uncertain,,
발효인삼농축액,6,인삼,medium,,
6년근분말(가루,6,IGNORE,skip,,
홍삼농축액(진세노사이드 Rg1과 Rb1 및 Rg3의 합 7mg/g),6,홍삼,medium,,
비타민K분말,6,비타민 K,medium,,
상어연골분말,6,,uncertain,,
초록입홍합추출오일복합물(기능성원료인정제2004-8호),6,,uncertain,,
비타민D3 오일,6,비타민 D,medium,,
스피루리나분말(가루,6,,uncertain,,
MR-10 민들레등복합추출물(기능성원료 인정 제2013-31호),6,,uncertain,,
분리유청단백,6,,uncertain,,
유단백분말,6,,uncertain,,
글리세린지방산에스테르 7.5,6,,uncertain,,
이산화규소 0.5,6,,uncertain,,
아미노산혼합제제,6,,uncertain,,
말토덱스트린47%,6,,uncertain,,
아라비아검20%,6,,uncertain,,
옥수수전분15.55%,6,,uncertain,,
아라비아검38,6,,uncertain,,
수크로오스38,6,,uncertain,,
옥수수전분15.55,6,,uncertain,,
굴(껍질,6,,uncertain,,
표고버섯균사체 AHCC(기능성원료인정제2008-78호),6,,uncertain,,
프락토올리고당분말(가루,6,프리바이오틱스,medium,,
혼합탈지분유(탈지분유 85%,6,,uncertain,,
홍삼근:홍미삼=70:30),6,홍삼,medium,,
이눌린/치커리추출물분말(가루,6,식이섬유,medium,,
로즈마리자몽추출복합물(기능성원료인정제2019-25호),6,자몽,medium,,
팔밋올레산 함유 명태(알래스카폴락)유래 정제어유(제2024-18호),6,오메가-3,medium,,
곡류 단백(고시형),6,,uncertain,,
중쇄중성지방 7.5%,6,,uncertain,,
돈태반 발효추출물(기능성원료인정제2019-31호),6,,uncertain,,
로즈힙분말(기능성원료 인정 제2013-1호),6,,uncertain,,
말토덱스트린 60%),6,,uncertain,,
프로바이오틱스분말(가루,6,프로바이오틱스,medium,,
Lactococcus lactis동결건조,6,프로바이오틱스,high,,
쇠비름주정추출분말(KDC16-2)(기능성원료인정제2019-18호),6,,uncertain,,
알로에겔분말,6,,uncertain,,
당귤농축분말(ROCH)(제2023-44호),6,,uncertain,,
풋사과추출물 애플페논(Applephenon)(기능성원료인정제2021-6호),6,,uncertain,,
비타민 B6 염산염 혼합제제,6,비타민 B6,medium,,
황산칼슘(고시형),6,칼슘,medium,,
이산화규소1%),6,,uncertain,,
대두유33%),6,,uncertain,,
건조맥주효모,6,,uncertain,,
비타민C(100%),6,비타민 C,medium,,
비타민B1(염산염78%),6,비타민 B1,medium,,
분말비타민 A(말토덱스트린 47%,6,비타민 A,medium,,
자당(설탕) 38%,6,,uncertain,,
에키네시아추출물(제2023-1호),6,에키네시아,medium,,
비타민 C(L-Ascorbic Acid),6,비타민 C,medium,,
액상 다래추출물(기능성원료인정제2009-58호),6,,uncertain,,
바나바잎추출물분말(가루,6,바나바잎,medium,,
홍국 분말(가루,6,홍국,medium,,
해조류(고시형),6,,uncertain,,
쌀단백,6,,uncertain,,
국산,6,,uncertain,,
향신료조제품,6,,uncertain,,
스쿠알렌(고시형),6,,uncertain,,
난소화성말토덱스트린분말(가루,6,난소화성 말토덱스트린,medium,,
칼슘분말(가루,6,칼슘,medium,,
프로폴리스 추출물(총폴라보노이드 50mg/1g 이상),6,프로폴리스,medium,,
비타민A유,6,비타민 A,medium,,
탈지분유 0.33%,6,,uncertain,,
하프물범(단,6,,uncertain,,
흰목이버섯효소분해추출물(Neu learn)(제2022-30호),6,,uncertain,,
비티진효소 홍삼농축액,6,홍삼,medium,,
국산),6,,uncertain,,
오메가-3 지방산 함유 유지,5,오메가-3,medium,,
Lactobacillus fermentum,5,프로바이오틱스,high,,
Bifidobacterium breve동결건조,5,프로바이오틱스,high,,
L아스코르빈산나트륨(고시형),5,비타민 C,medium,,
"과립)(Lactobacillus casei의 생균으로 100,000,000,000개/g 이상",5,프로바이오틱스,high,,
"과립)(Lactobacillus plantarum의 생균으로 100,000,000,000개/g 이상",5,프로바이오틱스,high,,
비타민A초산염,5,비타민 A,medium,,
아쉬아간다추출물(KSM-66®)(제2025-67호),5,아슈와간다,medium,,
피브로인추출물BF-7,5,,uncertain,,
Bacillus coagulans,5,,uncertain,,
"과립)(LACTOBACILLUS PLANTARUM의 생균으로 100,000,000,000개/g 이상",5,프로바이오틱스,high,,
"과립)(BIFIDOBACTERIUM LACTIS의 생균으로 100,000,000,000개/g 이상",5,프로바이오틱스,high,,
"과립)(Lactobacillus acidophilus의 생균으로 100,000,000,000개/g 이상",5,프로바이오틱스,high,,
프로폴리스추출액,5,프로폴리스,medium,,
탈지분유 1.587%,5,,uncertain,,
말토덱스트린 6.225%,5,,uncertain,,
건조효모(III),5,,uncertain,,
효모베타글루칸(β-glucan 780mg/g),5,베타글루칸,medium,,
"Lactobacillus delbrueckii ssp. bulgaricus 10,000,000,000/g이상 3%",5,프로바이오틱스,high,,
"Streptococcus thermophilus 10,000,000,000/g이상 3%",5,프로바이오틱스,high,,
Weissella cibaria JW15 프로바이오틱스(제2022-35호),5,프로바이오틱스,medium,,
Lactobacillus acidophilus YT1(HU038)(기능성원료인정제2019-22호),5,프로바이오틱스,high,,
DL-알파-토코페릴 초산염(고시형),5,,uncertain,,
두나리엘라추출물(추출액),5,,uncertain,,
구연산칼륨,5,구연산칼륨,high,,
치아씨앗오일,5,,uncertain,,
유산균발효마늘추출분말(제2016-16호),5,마늘,medium,,
Rb1 및 Rg3의 합 8mg/g),5,,uncertain,,
홍삼(진세노사이드 Rg1,5,홍삼,medium,,
식품첨가물,5,,uncertain,,
감마리놀렌산 함유 유지,5,감마리놀렌산,medium,,
말토덱스트린 30%),5,,uncertain,,
덖음귤피추출분말(JRC)(제2025-24호),5,,uncertain,,
알로에(고시형),5,,uncertain,,
β-카로틴,5,,uncertain,,
비타민 C 분말,5,비타민 C,medium,,
이산화규소,5,,uncertain,,
유청단백농축액(농축물)분말(단백질 80%이상),5,단백질,medium,,
우유 단백농축액(농축물)분말(단백질 80%이상),5,단백질,medium,,
유산균발효마늘추출물(기능성원료인정제2016-16호),5,마늘,medium,,
밀크씨슬,5,밀크씨슬,high,,
Compound K 5 mg/g),5,,uncertain,,
L-글루탐산,5,,uncertain,,
비오틴분말(가루,5,비오틴,medium,,
비타민미네랄혼합분말,5,,uncertain,,
홍삼(진세노사이드 Rg1과 Rb1의 합 16.26mg/g),5,홍삼,medium,,
홍삼농축액(농축물)(진세노사이드Rb1,5,홍삼,medium,,
Rg1 및 Rg3의합 4.5mg/g),5,,uncertain,,
태극삼분말(가루,5,,uncertain,,
홍삼농축액(농축물)(홍삼근 70%,5,홍삼,medium,,
6년근이상,5,IGNORE,skip,,
오메가3지방산(고시형),5,오메가-3,medium,,
하프물범유,5,,uncertain,,
타히보 추출물 (Tabetri®)(기능성원료인정제2022-2호),5,,uncertain,,
로즈힙분말(기능성원료인정제2014-17호),5,,uncertain,,
패각칼슘(비소성,5,칼슘,medium,,
구아바잎추출물 등 복합물(BENDU381),5,,uncertain,,
실크단백질 산가수분해물(Sil-Q1)(기능성원료인정제2021-1호),5,단백질,medium,,
홍삼농축액(고형분60%이상),5,홍삼,medium,,
레티닐 팔미트산염 혼합제제(레티닐팔미트산염 55.5%,5,,uncertain,,
DL-알파-토코페롤 1%,5,비타민 E,medium,,
곤약감자추출물분말,5,,uncertain,,
Collactive 콜라겐펩타이드(기능성원료인정제2012-24호),5,콜라겐,medium,,
글루코사민염산염분말(가루,5,글루코사민,medium,,
염화크롬,5,크롬,medium,,
콜레우스 포스콜리 추출물,5,,uncertain,,
HK 나토배양물,5,,uncertain,,
아세로라추출물,5,,uncertain,,
씨폴리놀 감태주정추출물(기능성원료인정제2012-28호),5,,uncertain,,
산화마그네슘분말(가루,5,마그네슘,medium,,
비타민 B1 질산염,5,비타민 B1,high,,
비타민 B2 인산에스테르나트륨,5,비타민 B2,medium,,
L.plantarum IM76과 B.longum IM55 복합물(NVP1703)(기능성원료인정제2019-28호),5,,uncertain,,
홍삼농축액(6년근,5,홍삼,medium,,
땅콩오일 43.5%,5,,uncertain,,
DL-알파-토코페롤 1%),5,비타민 E,medium,,
옥수수전분20%,5,,uncertain,,
DL-알파토코페롤1.5),5,비타민 E,medium,,
유단백가수분해물분말,5,유단백가수분해물,medium,,
피크노제놀-프랑스해안송껍질추출물,5,,uncertain,,
옥수수전분 20,5,,uncertain,,
국내산,5,,uncertain,,
효모베타글루칸,5,베타글루칸,medium,,
옥수수수염·레몬밤추출복합물(CL-5MoA)(제2023-7호),5,,uncertain,,
키토산분말&#40;고시형&#41;,5,,uncertain,,
홍삼농축액(기능성원료 인정 제2012-8호),5,홍삼,medium,,
DL-알파-토코페롤  0.2%,5,비타민 E,medium,,
원료삼배합비율 : 홍삼근류 70,5,홍삼,medium,,
홍삼미류 30),5,홍삼,medium,,
조류 DHA 유지(Oil),5,,uncertain,,
유산균 혼합,5,유산균,medium,,
로즈힙분말(기능성원료인정제2013-1호),5,,uncertain,,
변성전분24.5%,5,,uncertain,,
다이크로스타키스 글로메라타 추출물(DyglomeraⓇ)(제2023-9호),5,,uncertain,,
Latilactobacillus saeki LB-P12 프로바이오틱스(제2025-55호),5,프로바이오틱스,high,,
L.sakei Probio65(기능성원료 인정 제2013-17호),5,,uncertain,,
Lactobacillus paracasei,5,프로바이오틱스,high,,
Limosilactobacillus reuteri,5,프로바이오틱스,high,,
락토페린 (우유정제단백질)(기능성원료인정제2013-20호),5,단백질,medium,,
Lactiplantibacillus plantarum Q180(제2021-23호),5,프로바이오틱스,high,,
Lactiplantibacillus plantarum ATG-K2 프로바이오틱스(제2025-58호),5,프로바이오틱스,high,,
파라다이스넛추출물(추출액)분말(분말 추출물),5,,uncertain,,
비타민D3 0.25%,5,비타민 D,medium,,
해조분말분말(가루,5,,uncertain,,
"Lactobacillus rhamnosus(40,000,000,000cfu)",5,프로바이오틱스,high,,
"Bifidobacterium longum(25,000,000,000cfu)",5,프로바이오틱스,high,,
산화칼슘,5,칼슘,medium,,
정어리펩타이드 SP100N(기능성원료인정제2004-1호),5,,uncertain,,
난각분말(유기농난각칼슘),5,칼슘,medium,,
홍삼농축액(농축물)(고형분 60%,5,홍삼,medium,,
가공유지(팜유) 7.5%,5,,uncertain,,
아카시아 38%,5,,uncertain,,
엽산(100%),5,,uncertain,,
해조분말(해조칼슘),5,칼슘,medium,,
두나리엘라분말(가루,5,,uncertain,,
코엔자임 Q10분말(가루,5,코엔자임 Q10,medium,,
가르시니아 캄보지아 껍질추출물,5,가르시니아,high,,
포도당,5,,uncertain,,
효모추출물,5,,uncertain,,
백편두추출분말(NOVAponinⓇ)(제2024-6호),5,,uncertain,,
패각)분말(가루,5,,uncertain,,
양까막까치밥나무오일,5,,uncertain,,
호박씨유,5,,uncertain,,
아라비아검 33%,5,,uncertain,,
아스코브산칼슘,5,칼슘,medium,,
Bifidobacterium animalis ssp. lactis,5,프로바이오틱스,high,,
알로에 아보레센스분말(가루,5,,uncertain,,
해조분말(비소성,5,,uncertain,,
핑거루트뿌리,5,,uncertain,,
옥타코사놀분말,5,,uncertain,,
토마토추출물,5,,uncertain,,
홍삼농축액(농축물)(6년근),5,홍삼,medium,,
구아바잎 추출물(고시형),5,,uncertain,,
트레할로스 6.69%,5,,uncertain,,
말토덱스트린 3.34%,5,,uncertain,,
탈지분유 0.34%,5,,uncertain,,
말토덱스트린 5.63%,5,,uncertain,,
폴리코사놀-사탕수수 왁스알코올(총 지방족 알코올 함량 90% 이상,5,폴리코사놀,medium,,
제2006-4호),5,,uncertain,,
프로폴리스망고스틴껍질복합물(제2025-13호),5,프로폴리스,medium,,
미삼류 50%,5,,uncertain,,
홍미삼류 30%),5,,uncertain,,
콜라겐가수분해물,5,콜라겐,medium,,
Lactobacillus casei 1%,4,프로바이오틱스,high,,
비피더스균,4,,uncertain,,
6년근발효 농축액,4,IGNORE,skip,,
Bifidobacterium bifidum동결건조,4,프로바이오틱스,high,,
"과립)(생균으로 10,000,000,000개/g 이상",4,,uncertain,,
"락토코쿠스 락티스 유산균{LACTOCOCCUS LACTIS의 생균으로 100,000,000,000개/g 이상",4,프로바이오틱스,high,,
"과립)(Bifidobacterium lactis의 생균으로 100,000,000,000개/g 이상",4,프로바이오틱스,high,,
"과립)(Lactobacillus rhamnosus의 생균으로 100,000,000,000개/g 이상",4,프로바이오틱스,high,,
트레할로스 8.163%,4,,uncertain,,
아라비아검(고시형),4,,uncertain,,
비타민 B6,4,비타민 B6,high,,
Lactobacillus.delbrueckii spp. bulgaricus분말(가루,4,프로바이오틱스,high,,
"스트렙토코쿠스 페칼리스 유산균{STREPTOCOCCUS FAECALIS의 생균으로 100,000,000,000개/g 이상",4,프로바이오틱스,high,,
오메가3 혼합,4,오메가-3,medium,,
Enterococcus faecalis분말(가루,4,프로바이오틱스,high,,
"락토바실루스 파라카제이 유산균{LACTOBACILLUS PARACASEI의 생균으로 100,000,000,000개/g 이상",4,프로바이오틱스,high,,
홍삼추출분말,4,홍삼,medium,,
키틴,4,,uncertain,,
L. mucosae NK41과 B. longum NK46의 프로바이오틱스 복합물(NVP-2106)(제2025-15호),4,프로바이오틱스,medium,,
"과립)(BIFIDOBACTERIUM BIFIDUM의 생균으로 100,000,000,000개/g 이상",4,프로바이오틱스,high,,
홍삼농축액(농축물)(고형분 60% 이상),4,홍삼,medium,,
Lacticaseibacillus paracasei HY7017 프로바이오틱스(제2025-69호),4,프로바이오틱스,high,,
비타민 B1염산염(비타민B1 78%),4,비타민 B1,medium,,
MS-10 엉겅퀴등복합추출물(제2020-6호),4,,uncertain,,
Dimethylsulfone (MSM),4,MSM,medium,,
엠에스엠(MSM),4,MSM,medium,,
인삼다당체추출물(기능성원료인정제2015-11호),4,인삼,medium,,
PME-88 메론추출물,4,,uncertain,,
Weissella cibaria CMU 프로바이오틱스(제2026-2호),4,프로바이오틱스,medium,,
참나리추출분말(제2023-43호),4,,uncertain,,
알로에베라겔추출분말,4,,uncertain,,
유산균발효대두분말(제2024-38호),4,유산균,medium,,
L. plantarum LC27과 B. longum LC67의 프로바이오틱스 복합물(NVP-1702)(제2023-19호),4,프로바이오틱스,medium,,
아티초크추출물,4,,uncertain,,
과립)(총(-)-HCA 60% 이상),4,,uncertain,,
6년근농축액(농축물)분말,4,IGNORE,skip,,
니코틴산아미드분말(가루,4,나이아신,medium,,
홍삼발효 농축(액) 분말,4,홍삼,medium,,
영지버섯 자실체 추출물(고시형),4,,uncertain,,
비타민 E 혼합분말(가루,4,비타민 E,medium,,
인삼미삼 30%),4,인삼,medium,,
인삼농축액(진세노사이드 Rg1과 Rb1의합 9.0mg/g),4,인삼,medium,,
과립)(진세노사이드 Rg1,4,,uncertain,,
홍삼(진세노사이드 Rb1,4,홍삼,medium,,
4년근 홍삼농축액,4,IGNORE,skip,,
홍삼농축액(농축물)((진세노사이드 Rg1,4,홍삼,medium,,
Rb1 및 Rg3의 합 0.5%),4,,uncertain,,
홍삼농축액(홍삼성분70mg/g기준)(진세노사이드Rg1,4,홍삼,medium,,
Rb1 및 Rg3의 합 13mg/g),4,,uncertain,,
홍삼농축액(진세노사이드 Rg1과 Rb1및 Rg3의 합 7mg/g),4,홍삼,medium,,
N-아세틸글로코사민,4,,uncertain,,
크릴오일(FJH-KO)(제2022-41호),4,,uncertain,,
소연골추출물,4,,uncertain,,
혼합분말믹스,4,,uncertain,,
보스웰리아 추출물(기능성원료인정제2014-23호),4,,uncertain,,
D-α-토코페롤(D-α-토코페롤 67.1%,4,비타민 E,medium,,
녹용당귀등 복합추출물(제2023-16호),4,,uncertain,,
구기자나무뿌리껍질추출분말(제2026-12호),4,,uncertain,,
식물혼합추출물분말,4,,uncertain,,
밀단백,4,,uncertain,,
백수오등 복합추출물,4,백수오등복합추출물,high,,
땅콩오일 43.5%),4,,uncertain,,
결정셀룰로오스,4,,uncertain,,
커리플랜트잎,4,,uncertain,,
알로에겔농축(고시형),4,,uncertain,,
가르시니아캄보지아 추출물추출물(추출액)분말(분말 추출물),4,가르시니아,medium,,
맥류약엽(고시형),4,,uncertain,,
산양유,4,,uncertain,,
대두레시틴,4,,uncertain,,
현삼추출물(제2022-42호),4,,uncertain,,
미네랄혼합제제,4,,uncertain,,
판토텐산,4,판토텐산,high,,
나토균배양분말,4,,uncertain,,
단삼주정추출분말(SAGX)(제2025-16호),4,,uncertain,,
풋사과 추출 폴리페놀(Applephenon)(기능성원료인정제2015-9호),4,,uncertain,,
녹각효소분해추출물HP(NP-2007)(제2025-28호),4,,uncertain,,
자일리톨(기능성원료인정제2004-2호),4,,uncertain,,
녹용효소분해추출물(HENKIVⓇ)(제2024-2호),4,,uncertain,,
아마씨앗유,4,,uncertain,,
제3인산칼슘,4,칼슘,medium,,
비타민 E 혼합제제(DL-알파토코페릴아세테이트50,4,비타민 E,medium,,
과립)(DL-알파토코페릴아세테이트50,4,,uncertain,,
DL-알파토코페롤0.2),4,비타민 E,medium,,
다이크로스타키스 글로메라타 추출물(Dyglomera®)(제2023-36호),4,,uncertain,,
말토덱스트린 47,4,,uncertain,,
아라비아검 90%),4,,uncertain,,
칼륨(고시형),4,칼륨,high,,
밀 추출물(Ceratiq®)(기능성원료인정제2020-15호),4,,uncertain,,
동결건조마늘분말,4,마늘,medium,,
d-토코페롤(혼합형),4,비타민 E,medium,,
Lactobacillus bulgaricus분말,4,프로바이오틱스,high,,
옥수수전분 3.48%,4,,uncertain,,
자당 1.57%,4,,uncertain,,
자당 1.4%,4,,uncertain,,
유당 1%,4,,uncertain,,
영지버섯균사체추출분말(제2024-8호),4,,uncertain,,
분리대두단백(함량 90%이상),4,,uncertain,,
단삼주정추출분말(제2023-3호),4,,uncertain,,
베타카로틴분말(가루,4,비타민 A,medium,,
비타민 A 혼합제제(레티닐아세트산염11.5,4,비타민 A,medium,,
삼백초추출물(LHF618)(제2023-31호),4,,uncertain,,
헛개나무과병추출분말,4,헛개나무,medium,,
헛개나무과병추출분말&#40;기능성원료인정 제2016-10호&#41;,4,헛개나무,medium,,
L-테아닌,4,테아닌,medium,,
식이섬유(고시형),4,식이섬유,high,,
이산화규소 1%)),4,,uncertain,,
비타민 D3 혼합제제(비타민D 0.25%,4,비타민 D,medium,,
돌외잎주정추출분말,4,,uncertain,,
베타카로틴분말(고시형),4,비타민 A,medium,,
레몬 밤 추출물 혼합분말분말(가루,4,,uncertain,,
비타민A혼합제제(레티닐아세트산염11.5%,4,비타민 A,medium,,
비타민B6혼합제제,4,비타민 B6,medium,,
비타민 B1 혼합제제,4,비타민 B1,medium,,
아몬드분말,4,,uncertain,,
닭가슴살분말,4,,uncertain,,
유당96.667% 계,4,,uncertain,,
"락토바실루스 카제이 유산균{LACTOBACILLUS CASEI의 생균으로 200,000,000,000개/g 이상",4,프로바이오틱스,high,,
Lactobacillus rhamnosus 4.9%,4,프로바이오틱스,high,,
L.Sakei Probio 65동결분말,4,,uncertain,,
레티닐 아세트산염 혼합제제,4,,uncertain,,
옥수수전분 16.05%,4,,uncertain,,
"Lactobacillus plantarum(150,000,000,000cfu)",4,프로바이오틱스,high,,
"Lactobacillus acidophilus(50,000,000,000cfu)",4,프로바이오틱스,high,,
"Streptococcus thermophilus(100,000,000,000cfu)",4,프로바이오틱스,high,,
장미꽃잎추출물(NOVAROSE®)(제2025-2호),4,,uncertain,,
루바브뿌리추출물(제2022-28호),4,,uncertain,,
루테인지아잔틴추출복합물(제2021-21호),4,루테인,medium,,
비타민 B1분말(가루,4,비타민 B1,medium,,
분리대두단백분말(가루,4,,uncertain,,
현미단백분말,4,,uncertain,,
홍국추출물(고시형),4,홍국,medium,,
흰목이버섯추출분말(제2022-30호),4,,uncertain,,
분말),4,,uncertain,,
DL-알파-토코페릴초산염혼합제제(DL-알파-토코페릴초산염 50%,4,,uncertain,,
비타민E(D-α-토코페롤67%,4,비타민 E,medium,,
오메가3 지방산 함유 유지,4,오메가-3,medium,,
유단백가수분해물분말(가루,4,유단백가수분해물,medium,,
옥수수전분 16.05%)),4,,uncertain,,
옥수수전분 20%),4,,uncertain,,
비타민 B2(결정성분말),4,비타민 B2,medium,,
비타민 B12 혼합제제(비타민B12 1%,4,비타민 B12,medium,,
비타민 혼합제제분말,4,,uncertain,,
회화나무열매추출물(기능성원료인정제2011-26호),4,회화나무열매추출물,medium,,
풋사과 농축분말(제2024-4호),4,,uncertain,,
건조식용효모,4,,uncertain,,
효모베타글루칸(기능성원료 인정 제2013-34호),4,베타글루칸,medium,,
알로에베라겔분말,4,,uncertain,,
상황버섯추출물(고시형),4,,uncertain,,
견과류 단백(고시형),4,,uncertain,,
밀크시슬추출물,4,,uncertain,,
과립)(100%),4,,uncertain,,
굴,4,,uncertain,,
홍미삼류 40%),4,,uncertain,,
Rb1 및 Rg3의 합 5mg/g,4,,uncertain,,
패각칼슘,4,칼슘,medium,,
핑거루트추출물(판두라틴)(제2013-5호),4,,uncertain,,
대두 이소플라본,4,이소플라본,high,,
유단백추출물(기능성원료인정제2015-16호),4,,uncertain,,
김치유산균 혼합분말(가루,4,유산균,medium,,
은행잎 추출물분말(가루,4,은행잎,medium,,
삼씨앗유,4,,uncertain,,
참깨추출유,4,,uncertain,,
프로폴리스추출물추출물(추출액)(총플라보노이드 50mg/g),4,프로폴리스,medium,,
유성비타민에이지방산에스테르 11.5%,4,,uncertain,,
구연산 0.3%,4,,uncertain,,
비타민 B12 혼합제제(비타민B12 0.1%,4,비타민 B12,medium,,
비즈왁스알코올(Bees Wax Alcohol,4,,uncertain,,
BWA)(기능성원료인정제2010-1호),4,,uncertain,,
아스코르빈산(고시형),4,비타민 C,high,,
유청칼슘(비소성,4,칼슘,medium,,
패각분말(비소성),4,,uncertain,,
아마씨유,4,,uncertain,,
인삼농축액분말(진세노사이드 Rg1과 Rb1의 합 1.2%),4,인삼,medium,,
유청단백지질추출물(제2023-29호),4,,uncertain,,
제삼인산마그네슘(고시형),4,마그네슘,medium,,
호로파종자 등 추출복합물(기능성원료인정제2017-5호),4,,uncertain,,
클로렐라분말(가루,4,,uncertain,,
구연산 1%),4,,uncertain,,
말토덱스트린 95.9%,4,,uncertain,,
효모,4,,uncertain,,
홍삼농축액(농축물)(고형분 60%이상,4,홍삼,medium,,
Lactobacillus 복합물 HY7601 + KY1032(기능성원료인정제2019-4호),4,프로바이오틱스,high,,
자당 18%,4,,uncertain,,
자일리톨,4,,uncertain,,
Lacticaseibacillus paracasei,4,프로바이오틱스,high,,
홍미삼 25%),4,,uncertain,,
히알루론산분말(가루,4,히알루론산,medium,,
과립)((5Χ10(10) CFU/g 이상)),4,,uncertain,,
6년근,4,IGNORE,skip,,
저분자콜라겐펩타이드(기능성원료 인정 제2013-30호),4,콜라겐,medium,,
Lactobacillus plantarum분말,4,프로바이오틱스,high,,
대두추출물등 복합물(기능성원료인정제2019-29호),4,,uncertain,,
홍삼(6년근(홍삼근 70%,4,홍삼,medium,,
대두추출물분말,4,,uncertain,,
홍삼농축액(농축물)(원료삼배합비율: 홍삼근70%,4,홍삼,medium,,
식물성크림분말(물엿 60.999%,4,,uncertain,,
팜유 34%,4,,uncertain,,
옥수수전분 1.82%,4,,uncertain,,
원료삼 배합비율: 인삼근류 50%,4,인삼,medium,,
미삼류 50%),4,,uncertain,,
옥수수전분16.05%),4,,uncertain,,
황칠나무잎·줄기추출물(제2024-40호),4,,uncertain,,
농축대두단백,4,,uncertain,,
혼합제제비타민D3분말 (비타민D3 0.25%,4,비타민 D,medium,,
분말비타민A혼합제제(분말비타민A 11.5%,4,비타민 A,medium,,
비티진효소 홍삼농축액(-1),4,홍삼,medium,,
미삼류 30%),4,,uncertain,,
흑홍삼농축액,4,홍삼,medium,,
탈지분유,4,,uncertain,,
제이인산칼륨 3.75%,4,칼륨,medium,,
제일인산칼륨 2.29%),4,칼륨,medium,,
젖산칼슘분말(가루,4,칼슘,medium,,
키토올리고당분말(키토올리고당 함량 80%이상),4,,uncertain,,
프로폴리스추출물농축액(농축물),4,프로폴리스,medium,,
난백단백분말,4,,uncertain,,
헛개나무과병추출분말분말(가루,4,헛개나무,medium,,
홍경천추출물((분말),4,홍경천,medium,,
(로사빈)),4,,uncertain,,
HK표고버섯균사체((추출물분말),4,,uncertain,,
(베타글루칸)),4,베타글루칸,medium,,
홍삼농축액(농축물)(원료삼 배합비율: 홍삼근류 70%,4,홍삼,medium,,
홍삼추출 농축액(농축추출물),3,홍삼,medium,,
Lactobacillus brevis 1%,3,프로바이오틱스,high,,
땅콩유지 43.5,3,,uncertain,,
DL-알파토코페롤 1),3,비타민 E,medium,,
Lactobacillus fermentum분말(가루,3,프로바이오틱스,high,,
비타민C 0.4%),3,비타민 C,medium,,
비피도박테리움 롱굼 분말,3,,uncertain,,
락토바실러스 에시도필러스 분말,3,,uncertain,,
미삼50%),3,,uncertain,,
홍삼농축액(고형분60%,3,홍삼,medium,,
Rb1 및 Rg3의 합 5mg/g이상),3,,uncertain,,
"과립)(생균으로 200,000,000,000개/g 이상",3,,uncertain,,
Lactobacillus paracasei동결건조,3,프로바이오틱스,high,,
비타민B2인산에스테르나트륨(고시형),3,비타민 B2,medium,,
포도블루베리추출혼합분말(제2019-30호),3,,uncertain,,
과립)((-)-Hydroxycitric acid 60% 이상),3,,uncertain,,
말토덱스트린30%),3,,uncertain,,
로커스트콩검,3,,uncertain,,
펙틴,3,,uncertain,,
구아검(고시형),3,,uncertain,,
제이인산마그네슘(고시형),3,마그네슘,medium,,
비타민 B1,3,비타민 B1,high,,
저분자 피쉬 콜라겐 펩타이드 (Naticol® BPMG)(제2023-24호),3,콜라겐,medium,,
글루콘산칼슘,3,칼슘,medium,,
김치유산균분말(가루,3,유산균,medium,,
옥수수전분,3,,uncertain,,
"락토바실루스 불가리쿠스 유산균{LACTOBACILLUS BULGARICUS의 생균으로 10,000,000,000개/g 이상",3,프로바이오틱스,high,,
"과립)(Bifidobacterium longum의 생균으로 100,000,000,000개/g 이상",3,프로바이오틱스,high,,
옥수수전분 4.082%,3,,uncertain,,
"스트렙토코쿠스 페슘 유산균{STREPTOCOCCUS FAECIUM의 생균으로 100,000,000,000개/g 이상",3,프로바이오틱스,high,,
정제어유(EPA18%이상,3,오메가-3,medium,,
DHA12%이상),3,,uncertain,,
정제어유(EPA와 DHA의 합으로서 60%이상),3,오메가-3,medium,,
감마리놀렌산[달맞이꽃종자유(감마리놀렌산-9%)],3,감마리놀렌산,medium,,
알로에베라겔건조분말,3,,uncertain,,
),3,,uncertain,,
"Bifidobacterium longum 10,000,000,000/g이상 0.5%",3,프로바이오틱스,high,,
"비피도박테리움 브레브 비피더스균{BIFIDOBACTERIUM BREVE의 생균으로 50,000,000,000개/g 이상",3,프로바이오틱스,high,,
옥수수전분),3,,uncertain,,
L-글루탐산발효 가바분말(기능성원료인정제2022-19호),3,,uncertain,,
MR-10 민들레등복합추출물(Luteolin 0.06mg/g,3,,uncertain,,
비타민 A분말(가루,3,비타민 A,medium,,
비타민 B1질산염분말(가루,3,비타민 B1,medium,,
건조효모(망간),3,망간,medium,,
건조효모(몰리브덴),3,,uncertain,,
헛개나무과병추출물(기능성원료인정제2014-1호),3,헛개나무,medium,,
오미자·두충·구기자추출복합물(제2024-13호),3,,uncertain,,
말토덱스트린30),3,,uncertain,,
고올레산해바라기유 3.19%,3,,uncertain,,
로즈마리추출물 0.3%,3,,uncertain,,
D-토코페롤혼합형 0.21%,3,비타민 E,medium,,
아스코르빌파르미테이트 0.03%),3,,uncertain,,
"락토바실루스 델브루에키 불가리쿠스 유산균{LACTOBACILLUS BULGARICUS의 생균으로 10,000,000,000개/g 이상",3,프로바이오틱스,high,,
Lactobacillus gasseri BNR17(기능성원료인정제2014-5호),3,프로바이오틱스,high,,
두충우슬추출복합물(KGC08EA)(제2023-40호),3,,uncertain,,
맥류약엽분말(가루,3,,uncertain,,
"Lactobacillus acidophilus(300,000,000,000cfu이상)",3,프로바이오틱스,high,,
"Bifidobacterium bifidum(100,000,000,000cfu이상)",3,프로바이오틱스,high,,
참당귀·녹용·황기 복합추출물(제2023-23호),3,,uncertain,,
복분자 추출물(RE-20)(기능성원료인정제2021-2호),3,,uncertain,,
D-토코페롤(혼합형) 0.1%),3,비타민 E,medium,,
초산나트륨0.01%,3,,uncertain,,
비타민-C(L-Ascorbicacid),3,,uncertain,,
밀크씨슬추출물분말(가루,3,밀크씨슬,medium,,
인삼가수분해농축액(진세노사이드 Rg1 5 mg/g,3,인삼,medium,,
유산균 발효 다시마추출물(기능성원료인정제2011-22호),3,유산균,medium,,
밀크씨슬(카르두스마리아누스)추출물추출물(추출액)분말(분말 추출물),3,밀크씨슬,medium,,
이눌린/치커리추출물,3,식이섬유,medium,,
Lacticaseibacillus casei,3,프로바이오틱스,high,,
인삼농축액(농축물)(인삼근 70%,3,인삼,medium,,
고형분 60%이상,3,,uncertain,,
태극삼농축액(농축물)(고형분함량 70%,3,,uncertain,,
Rb1 및 Rg3의 합 3mg/g,3,,uncertain,,
홍삼농축액(고형분 65%이상),3,홍삼,medium,,
홍삼농축액(농축물)(고형분 60%이상),3,홍삼,medium,,
홍삼분말(진세노사이드 Rg1과 Rb1및 Rg3의 합 4mg/g),3,홍삼,medium,,
홍삼분말(진세노사이드 Rg1,3,홍삼,medium,,
Rb1 및 Rg3의 합 7mg/g),3,,uncertain,,
홍삼농축액(고형분 60%,3,홍삼,medium,,
Rb1 및 Rg3의 합 4mg/g),3,,uncertain,,
진세노사이드 Rg1과 Rb1 및 Rg3의 합 5㎎/g: 홍삼근 70%,3,홍삼,medium,,
콘드로이친황산염(제2026-16호),3,,uncertain,,
강황추출물(기능성원료인정제2014-2호),3,,uncertain,,
카제인나트륨,3,,uncertain,,
크릴오일등복합물(FlexPro MDⓇ)(제2022-39호),3,,uncertain,,
난각막분말(DEMⓇ)(제2023-35호),3,,uncertain,,
상어연골추출물분말,3,,uncertain,,
천심련추출물(ParActinⓇ)(제2022-37호),3,,uncertain,,
식물성유지(대두유 50%,3,,uncertain,,
카놀라유 50%) 32.9%),3,,uncertain,,
글루코사민(고시형),3,글루코사민,high,,
구기자추출물,3,,uncertain,,
"과립)(450,000,000,000 cfu/g 이상)",3,,uncertain,,
프로폴리스분말,3,프로폴리스,medium,,
아세로라추출물(추출액)분말(분말 추출물)(비타민C25%),3,비타민 C,medium,,
D-α-토코페롤유지(Oil),3,비타민 E,medium,,
두나리엘라,3,,uncertain,,
보리순분말,3,,uncertain,,
녹용유산균발효분말(제2025-45호),3,유산균,medium,,
정제어유(EPA 18%,3,오메가-3,medium,,
글루코사민황산염분말,3,글루코사민,medium,,
6년근 홍삼농축액,3,IGNORE,skip,,
DL-알파-토코페릴초산염(DL-알파-토코페릴초산염 50%,3,,uncertain,,
녹각분말,3,,uncertain,,
스피루리나속 조류(고시형),3,,uncertain,,
두나리엘라추출혼합분말,3,,uncertain,,
비타민 D2 혼합제제,3,비타민 D,medium,,
과립)(레티닐아세트산염11.5%,3,,uncertain,,
과립)(레티닐아세트산염11.5,3,,uncertain,,
과립)(비타민D3 0.25,3,비타민 D,medium,,
정제가공유지7.5,3,,uncertain,,
다래추출물(Quinic acid 17mg/g,3,,uncertain,,
Citric acid 23.5mg/g),3,,uncertain,,
비피더스균분말(Bifidobacterium longum 100억 이상/g),3,프로바이오틱스,high,,
Lactobacillus casei,3,프로바이오틱스,high,,
말토덱스트린20%),3,,uncertain,,
아라비아검 20,3,,uncertain,,
DL-알파토코페롤 1.5),3,비타민 E,medium,,
비타민 K 혼합제제 분말(가루,3,비타민 K,medium,,
과립)(비타민K1 5%,3,비타민 K,medium,,
수크로오스 5%,3,,uncertain,,
나토배양물,3,,uncertain,,
달맞이꽃종자 추출물분말(가루,3,,uncertain,,
대두레시틴(인지질 100%),3,,uncertain,,
글리세린지방산에스테르7.5,3,,uncertain,,
코팅유산균,3,유산균,medium,,
댕댕이나무열매추출분말(기능성원료인정제2019-19호),3,,uncertain,,
표고버섯균사체(추출물)(기능성원료인정제2009-3호),3,,uncertain,,
인디언구스베리추출물,3,,uncertain,,
발아발효콩추출물(제2022-8호),3,,uncertain,,
분말비타민 A분말(가루,3,비타민 A,medium,,
분말비타민 A([비타민A함량 9.75%(분말비타민A 11.5%,3,비타민 A,medium,,
옥수수전분 20%)]),3,,uncertain,,
DL-알파-토코페릴초산염 혼합제제((DL-알파-토코페릴초산염 50%,3,,uncertain,,
과립)(프로폴리스추출물분말 70%,3,프로폴리스,medium,,
비타민B6염산염(비타민B6로서 82.0%),3,비타민 B6,medium,,
동충하초 주정추출물(기능성원료 인정 제2013-16호),3,,uncertain,,
테아닌(테아닌 94%),3,테아닌,medium,,
현미발효분말,3,,uncertain,,
풋사과추출물 애플페논(Applephenon)(기능성원료인정제2020-9호),3,,uncertain,,
비타민 B2 혼합제제,3,비타민 B2,medium,,
제이인산마그네슘,3,마그네슘,medium,,
과립)(Lactobacillus plantarum (8×10의 11승/g) 20%,3,프로바이오틱스,high,,
말토덱스트린 52%,3,,uncertain,,
만니톨 20%,3,,uncertain,,
식물성크림 8%),3,,uncertain,,
락토바실러스 람노서스 생균 원말,3,,uncertain,,
"과립)(12종혼합유산균1[Lactobacillus rhamnosus(100,000,000,000cfu이상)",3,프로바이오틱스,high,,
"Lactobacillus acidophilus(100,000,000,000cfu이상)",3,프로바이오틱스,high,,
"Lactobacillus casei(100,000,000,000cfu이상)",3,프로바이오틱스,high,,
0,3,IGNORE,skip,,
말토덱스트린 95.4%),3,,uncertain,,
Enterococcus faecium 21.7%,3,프로바이오틱스,high,,
Bifidobacterium animalis spp. lactis 14.8%,3,프로바이오틱스,high,,
Lactococcus lactis 9.9%,3,프로바이오틱스,high,,
Streptococcus thermophilus 9.9%,3,프로바이오틱스,high,,
프로바이오틱스동결건조(Lactobacillus plantarum),3,프로바이오틱스,high,,
Lactiplantibacillus plantarum LMT1-48 프로바이오틱스(제2025-32호),3,프로바이오틱스,high,,
DHA오일(고시형),3,,uncertain,,
탄산수소칼륨(고시형),3,칼륨,medium,,
"Bifidobacterium bifidum(50,000,000,000cfu)",3,프로바이오틱스,high,,
피엘에이지(PLAG,3,,uncertain,,
1-palmitoyl-2-linoleoyl-3-acetyl-rac-glycerol),3,IGNORE,skip,,
루바브뿌리 추출물(기능성원료인정제2019-6호),3,,uncertain,,
헤마토코쿠스추출물분말(고시형),3,,uncertain,,
D-α-토코페롤),3,비타민 E,medium,,
오메가3지방산농축유지,3,오메가-3,medium,,
산수유추출물등복합물(리베스틴Ⓡ)(제2022-26호),3,,uncertain,,
와일드 망고 종자추출물(IGOB131)(기능성원료인정제2015-14호),3,,uncertain,,
유청단백분말(가루,3,,uncertain,,
"Enterococcus faecium(100,000,000,000cfu)",3,프로바이오틱스,high,,
황산칼슘,3,칼슘,medium,,
겨자씨앗추출분말,3,,uncertain,,
홍삼농축액(농축물)(홍삼농축액 90%,3,홍삼,medium,,
덱스트린 3%,3,,uncertain,,
매실추출물(구연산 330mg/g 이상),3,,uncertain,,
과립)(분리우유단백),3,,uncertain,,
비타민B2(리보플라빈),3,비타민 B2,medium,,
아세로라추출물(추출액)분말(분말 추출물)(비타민C 17%),3,비타민 C,medium,,
비타민 E 혼합제제(DL-알파-토코페릴초산염 50%,3,비타민 E,medium,,
비타민D3(0.25%),3,비타민 D,medium,,
제삼인산칼슘 0.5%,3,칼슘,medium,,
아라비아검 90%,3,,uncertain,,
베타카로틴혼합분말(가루,3,비타민 A,medium,,
판토텐산칼슘(판토텐산 91%),3,칼슘,medium,,
당근농축분말,3,,uncertain,,
비타민 E 혼합제제(DL-α-토코페릴아세테이트50%,3,비타민 E,medium,,
변성식용전분24.5%,3,,uncertain,,
비타민B1염산염(비타민B1 78%),3,비타민 B1,medium,,
건조효모(비활성),3,,uncertain,,
옥수수전분16.05% 계100%),3,,uncertain,,
덱스트린30%계100%),3,,uncertain,,
비타민B1염산염(비타민B1 78%함유),3,비타민 B1,medium,,
비타민E0.2%,3,비타민 E,medium,,
유성 비타민A 지방산에스테르(비타민A 30%),3,비타민 A,medium,,
DHA12%),3,,uncertain,,
톳분말,3,,uncertain,,
혼합제제비타민D,3,비타민 D,medium,,
루테인추출물(추출액),3,루테인,medium,,
표고버섯균사체 AHCC(표고버섯균사체배양물 76.7%,3,,uncertain,,
비타민 B1 혼합제제(글리세린지방산에스테르 66.7%,3,비타민 B1,medium,,
비타민 B1질산염 33.3%),3,비타민 B1,medium,,
식용건조효모,3,,uncertain,,
옥수수전분16.05%,3,,uncertain,,
홍삼농축액(농축물)(홍삼근:홍미삼=7:3),3,홍삼,medium,,
바이오게르마늄 효모,3,,uncertain,,
원료삼배합비율 : 홍삼근류 73,3,홍삼,medium,,
홍삼미류 27),3,홍삼,medium,,
백수오 등 복합추출물(기능성원료 인정 제2010-20호),3,백수오등복합추출물,medium,,
블랙커민추출분말(BCS-001F®)(제2025-4호),3,,uncertain,,
김치유산균추출분말,3,유산균,medium,,
d-α-토코페롤(비타민E 67%),3,비타민 E,medium,,
폴리코사놀-사탕수수왁스알코올{총 지방족 알코올 함량 90% 이상,3,폴리코사놀,medium,,
총 지방족 알코올 중 개별 지방족 알코올 함량(1-tetracosanol 0.01~2%,3,,uncertain,,
1-hexacosanol 3.0~10%,3,IGNORE,skip,,
1-heptacosanol 0.1~3.0%,3,IGNORE,skip,,
1-otacosanol 60~70%,3,IGNORE,skip,,
1-nonaco,3,IGNORE,skip,,
정제어유(정제어유 99.8%,3,오메가-3,medium,,
보스웰리아추출물(제2024-15호),3,,uncertain,,
설탕5%,3,,uncertain,,
두나리엘라(고시형),3,,uncertain,,
패각분말분말(가루,3,,uncertain,,
해바라기유,3,,uncertain,,
퀴노아가루,3,,uncertain,,
비타민 C 혼합제제(비타민C 97%,3,비타민 C,medium,,
L아스코브산나트륨(고시형),3,비타민 C,medium,,
칼슘 25%이상),3,칼슘,medium,,
뽕나무가지주정추출분말(제2021-15호),3,,uncertain,,
홍삼농축액(농축물)분말(6년근)(홍삼농축액분말(진세노사이드 Rg1,3,홍삼,medium,,
Rb1 및 Rg3의 합),3,,uncertain,,
홍삼농축액(농축물)분말(-1),3,홍삼,medium,,
홍삼추출농축액,3,홍삼,medium,,
상황버섯등 추출복합물(기능성원료인정제2019-8호),3,,uncertain,,
새싹보리추출물(RexcliverⓇ)(제2023-20호),3,,uncertain,,
과립)(패각칼슘),3,칼슘,medium,,
황산망간분말(가루,3,망간,medium,,
아스코브산칼슘(고시형),3,칼슘,medium,,
유당 0.87%,3,,uncertain,,
혼합탈지분유 3.4%,3,,uncertain,,
옥수수전분 3.6%,3,,uncertain,,
혼합탈지분유 1.78%,3,,uncertain,,
유당 0.9%,3,,uncertain,,
자당 0.82%,3,,uncertain,,
알긴산나트륨 0.14%,3,,uncertain,,
진주,3,,uncertain,,
유청단백지질추출물(제2023-30호),3,,uncertain,,
과립)(3.0E+11),3,,uncertain,,
과립)(1.0E+11),3,,uncertain,,
가공유지에스테르화유,3,,uncertain,,
Dl-α-토코페롤 1%),3,비타민 E,medium,,
해국추출물(제2022-36호),3,,uncertain,,
미역석류씨추출복합물(잔티젠)(제2013-10호),3,,uncertain,,
공액리놀레산(공액리놀레산 99.9%,3,,uncertain,,
토코페롤 0.1%),3,비타민 E,medium,,
허니부쉬추출발효분말,3,,uncertain,,
과립)(차전자피 식이섬유 함량 90%이상),3,차전자피,medium,,
쌀발효추출물분말,3,,uncertain,,
말토덱스트린 37%,3,,uncertain,,
올리브유 7%,3,,uncertain,,
비타민C 0.6%,3,비타민 C,medium,,
헤마토코쿠스추출물,3,,uncertain,,
과립)(99%),3,,uncertain,,
비타민E 0.3%,3,비타민 E,medium,,
식물혼합농축액,3,,uncertain,,
무수구연산,3,,uncertain,,
구연산삼나트륨,3,,uncertain,,
시클로덱스트린,3,,uncertain,,
아티초크추출물(기능성원료인정제2010-8호),3,,uncertain,,
알로에 겔농축액(농축물)분말(100:1),3,,uncertain,,
알로에 겔농축액(농축물)분말(200:1),3,,uncertain,,
해조칼슘(비소성,3,칼슘,medium,,
변성전분(옥테닐호박산나트륨전분)24.5%,3,,uncertain,,
과립)(비타민D 0.25%,3,비타민 D,medium,,
땅콩유 43.5%,3,,uncertain,,
Lactobacillus casei 1.2%,3,프로바이오틱스,high,,
Lactobacillus plantarum 1.2%,3,프로바이오틱스,high,,
Lactobacillus rhamnosus 1.2%,3,프로바이오틱스,high,,
Lactobacillus reuteri 1.2%,3,프로바이오틱스,high,,
라임카카오추출복합물(제2025-68호),3,,uncertain,,
홍삼농축액(농축물)(고형분함량 60%,3,홍삼,medium,,
원료삼 배합비율: 홍삼근류 60%,3,홍삼,medium,,
하프물범유(EPA 6%이상,3,,uncertain,,
DHA 6%이상),3,,uncertain,,
초유분말,3,,uncertain,,
sucrose 3.3%,3,,uncertain,,
쌀가루 3.3%),3,,uncertain,,
탈지분유 1.932%,3,,uncertain,,
만니톨 2.831%,3,,uncertain,,
트레할로스 3.06%,3,,uncertain,,
말토덱스트린 7.555%,3,,uncertain,,
트레할로스 8%,3,,uncertain,,
제이인,3,,uncertain,,
탈지분유 1.44%,3,,uncertain,,
만니톨 2.11%,3,,uncertain,,
인삼(진세노사이드 Rg1과 Rb1의 합 2.4%),3,인삼,medium,,
발효인삼추출물분말,3,인삼,medium,,
비타민B12 0.1%),3,비타민 B12,medium,,
양송이버섯분말(가루,3,,uncertain,,
난각분말분말(가루,3,,uncertain,,
유산균배양액분말(가루,3,유산균,medium,,
하프물범신제외)유지(Oil),3,,uncertain,,
홍삼농축액(Rg1,3,홍삼,medium,,
인삼농축액(농축물)(원료삼 배합비율: 인삼근류 50%,3,인삼,medium,,
비티진효소 홍삼농축액분말(가루,3,홍삼,medium,,
폴리코사놀-사탕수수왁스알코올(기능성원료인정제2006-4호),3,폴리코사놀,medium,,
젖산글루콘산칼슘,3,칼슘,medium,,
과립)(글루코사민 80% 이상),3,글루코사민,medium,,
프로폴리스추출물추출물(추출액),3,프로폴리스,medium,,
염화칼슘,3,칼슘,medium,,
트레할로스 8.0%,3,,uncertain,,
옥수수전분 4.0%,3,,uncertain,,
"락토바실루스 카제이 유산균{LACTOBACILLUS PLANTARUM의 생균으로 200,000,000,000개/g 이상",3,프로바이오틱스,high,,
홍삼근:홍미삼= 70:30,3,홍삼,medium,,
6년근(원료삼배합비율:홍삼근70%,3,IGNORE,skip,,
과립)(혼합),3,,uncertain,,
홍삼혼합농축액,3,홍삼,medium,,
홍삼농축액(농축물)분말(진세노사이드 Rg1,2,홍삼,medium,,
Lactobacillus lactis 1%,2,프로바이오틱스,high,,
Leuconostoc mesenteroides 1%,2,,uncertain,,
Pediococcus pentosaceus 1%,2,,uncertain,,
유산균김치배양물(김치80.37%,2,유산균,medium,,
식물유 38.5%,2,,uncertain,,
말토덱스트린 22.6%,2,,uncertain,,
락토바실러스 플랜타룸 분말,2,,uncertain,,
락토바실러스 카제이 분말,2,,uncertain,,
홍삼추출액,2,홍삼,medium,,
6년근농축액(농축물)(원료삼비율:홍삼근70%,2,IGNORE,skip,,
홍미삼30% 고형분60%이상),2,,uncertain,,
Bifidobacterium infantis동결건조,2,프로바이오틱스,high,,
Lactobacillus reuteri분말(가루,2,프로바이오틱스,high,,
쌀겨분말,2,,uncertain,,
이눌린(고시형),2,식이섬유,high,,
식물스테롤,2,,uncertain,,
글루콘산망간(고시형),2,망간,medium,,
치커리식이섬유(식이섬유90%함유),2,식이섬유,medium,,
차전자피분말(식이섬유90%함유),2,차전자피,medium,,
설탕,2,,uncertain,,
"스트렙토코쿠스 써모필루스 유산균{STREPTOCOCCUS STHERMOPHILUS의 생균으로 100,000,000,000개/g 이상",2,프로바이오틱스,high,,
"비피도박테리움 롱굼 비피더스균 {BIFIDOBACTERIUM LONGUM의 생균으로 100,000,000,000개/g 이상",2,프로바이오틱스,high,,
홍경천 추출물,2,홍경천,high,,
비타민E[D-알파-토코페롤(비타민E-67%)],2,비타민 E,medium,,
비타민C(L-아스코르빈산),2,비타민 C,medium,,
참당귀추출고형분,2,,uncertain,,
두충추출고형분,2,,uncertain,,
비타민 E 혼합,2,비타민 E,medium,,
정제어유(정제어유 99.9%,2,오메가-3,medium,,
비타민E 0.1%),2,비타민 E,medium,,
EPA와 DHA의 합[정제어유(EPA와 DHA의 합-25%)],2,오메가-3,medium,,
"과립)(Bifidobacterium breve의 생균으로 100,000,000,000개/g 이상",2,프로바이오틱스,high,,
"과립)(Streptococcus themrophilus의 생균으로 100,000,000,000개/g 이상",2,프로바이오틱스,high,,
원료삼 배합비율(%) : 홍삼근류 60,2,홍삼,medium,,
홍미삼류 40,2,,uncertain,,
"과립)(Lactobacillus plantarum의 생균으로 200,000,000,000개/g 이상",2,프로바이오틱스,high,,
"과립)(Enterococcus faecium의 생균으로 100,000,000,000개/g 이상",2,프로바이오틱스,high,,
혼합유당(유당 95%,2,,uncertain,,
Lactobacillus bulgaricus(락토바실러스 불가리쿠스),2,프로바이오틱스,high,,
가르시니아캄보지아껍질추출물-PE60,2,가르시니아,medium,,
표고버섯,2,,uncertain,,
4년근농축액(농축물),2,IGNORE,skip,,
"과립)(ENTEROCOCCUS FAECIUM의 생균으로 100,000,000,000개/g 이상",2,프로바이오틱스,high,,
"락토바실루스 아시도필루스 유산균{LACTOBACILLUS ACIDOPHILUS의 생균으로 150,000,000,000개/g 이상",2,프로바이오틱스,high,,
"락토바실루스 카제이 유산균{LACTOBACILLUS CASEI의 생균으로 150,000,000,000개/g 이상",2,프로바이오틱스,high,,
"락토바실루스 루테리 유산균{LACTOBACILLUS REUTERI의 생균으로 50,000,000,000개/g 이상",2,프로바이오틱스,high,,
대구간오일,2,,uncertain,,
건조효모(셀렌 0.1% 이상),2,,uncertain,,
엠에스엠분말(디메틸설폰98%이상),2,MSM,medium,,
Rain Nutrience DistilPureTM MSM,2,MSM,medium,,
MSM)(디메틸설폰 98% 이상),2,MSM,medium,,
비타민 C 혼합제제,2,비타민 C,medium,,
모로오렌지추출분말(Morosil®)(제2025-25호),2,,uncertain,,
Isoorientin 0.18mg/g),2,,uncertain,,
Akkermansia muciniphila HB05 열처리배양건조물(HB05P)(제2025-72호),2,,uncertain,,
희석제 (옥수수전분) 적량},2,,uncertain,,
"비피도박테리움 롱굼 피더스균{BIFIDOBACTERIUM LONGUM의 생균으로 100,000,000,000개/g 이상",2,프로바이오틱스,high,,
프로폴리스추출물분말(총플라보노이드6%),2,프로폴리스,medium,,
락티카제이바실러스 람노서스 아이디씨씨3201 열처리배양건조물(RHT3201®)(제2018-12호),2,,uncertain,,
"스트렙토코쿠스 써모필루스 유산균{STREPTOCOCCUS THERMOPHILUS의 생균으로 100,000,000,000개  /g 이상",2,프로바이오틱스,high,,
희석제(옥  수수전분) 적량},2,,uncertain,,
"락토바실루스 플란타룸 유산균{LACTOBACILLUS PLANTRUM의 생균으로 100,000,000,000개/g  이상",2,프로바이오틱스,high,,
"비피도박테리움 인판티스 비피더스균{BIFIDOBACTERIUM INFANTIS의 생균으로 100,000,000,000개/g   이상",2,프로바이오틱스,high,,
"비도박테리움 락티스 비피더스균{BIFIDOBACTERIUM LACTIS의 생균으로 100,000,000,000개/g 이상",2,프로바이오틱스,high,,
홍삼오일(KGC11o)(제2022-33호),2,홍삼,medium,,
스쿠알렌,2,,uncertain,,
B. breve IDCC 4401 열처리배양건조물(BBR®)(제2021-5호),2,,uncertain,,
D-알파-토코페릴 에시드 호박산(고시형),2,,uncertain,,
과립)(프로폴리스 70%,2,프로폴리스,medium,,
티아이소크라이시스루테아분말(제2025-9호),2,,uncertain,,
글루콘산망간,2,망간,medium,,
비타민 D3 혼합제제(아라비아검 38%,2,비타민 D,medium,,
가공유지7.5%,2,,uncertain,,
비타민E(디엘알파토코페롤)0.2%),2,비타민 E,medium,,
"Bifidobacterium breve(400,000,000,000cfu이상)",2,프로바이오틱스,high,,
공액리놀레산(홍화씨유 99.9%,2,,uncertain,,
D-α-토코페롤(D-α-토코페롤 72.7%,2,비타민 E,medium,,
대두유 27.3%),2,,uncertain,,
가르시니아캄보지아 추출물(60%),2,가르시니아,medium,,
과립)(단백질 80%이상),2,단백질,medium,,
땅콩기름0.75%,2,,uncertain,,
비타민C0.003%,2,비타민 C,medium,,
제이인산나트륨0.036%,2,,uncertain,,
분말비타민A(비타민A로서 9.7%함유),2,비타민 A,medium,,
유당96.667%,2,,uncertain,,
패각칼슘분말(비소성,2,칼슘,medium,,
칼슘으로서 38%함유),2,칼슘,medium,,
덱스트린30%),2,,uncertain,,
Rb1,2,,uncertain,,
HK표고버섯균사체,2,,uncertain,,
DL-알파-토코페롤 1 %,2,비타민 E,medium,,
땅콩오일 43.5 %),2,,uncertain,,
대웅 코엔자임 Q10,2,코엔자임 Q10,medium,,
감태추출물,2,,uncertain,,
제이인산칼슘99%),2,칼슘,medium,,
혼합분유,2,,uncertain,,
영지버섯 자실체 추출물,2,,uncertain,,
프로폴리스 분말(가루,2,프로폴리스,medium,,
인삼농축액(농축물)(인삼100%),2,인삼,medium,,
인삼분말(진세노사이드 Rg1과 Rb1의 합 4mg/g),2,인삼,medium,,
과립)(인삼근류100%),2,인삼,medium,,
인삼(진세노사이드 Rg1과 Rb1의 합 4mg/g),2,인삼,medium,,
인삼농축액(고형분 60%이상,2,인삼,medium,,
인삼농축액(진세노사이드 Rg1과 Rb1의 합 4.4mg/g),2,인삼,medium,,
인삼농축액(농축물)(태극삼농축액(진세노사이드 Rg1과 Rb1의 합 13mg/g,2,인삼,medium,,
원료삼 배합비율 : 미삼류 70%,2,,uncertain,,
인삼근류 30%)),2,인삼,medium,,
인삼(뿌리)분말(가루,2,인삼,medium,,
미삼30%),2,,uncertain,,
Rb1 및 Rg3의합7mg/g),2,,uncertain,,
홍삼농축액(농축물)(* 원료삼 배합비율: 홍삼근 70%,2,홍삼,medium,,
고형분 65%이상),2,,uncertain,,
고형분 65%이상,2,,uncertain,,
Rb1 및 Rg3의 합 0.4%),2,,uncertain,,
홍삼분말(진세노사이드 Rg1과 Rb1 및 Rg3의 합: 6.0mg/g),2,홍삼,medium,,
홍삼 (진세노사이드 Rg1과 Rb1 및 Rg3 합 3㎎/g 이상),2,홍삼,medium,,
홍삼농축액(고형분60%이상,2,홍삼,medium,,
미삼류 30%,2,,uncertain,,
Rb1 및 Rg3의 합 12mg/g),2,,uncertain,,
6년근농축액(농축물)(고형분60%이상,2,IGNORE,skip,,
Rg1,2,,uncertain,,
홍삼농축액(농축물)(고형분 68%이상,2,홍삼,medium,,
전호잎추출물(제2022-25호),2,,uncertain,,
N-아세틸글루코사민분말,2,글루코사민,medium,,
N-아세틸글루코사민(95%이상),2,글루코사민,medium,,
Opti-MSM,2,MSM,medium,,
CMO 함유 FAC(Fatty Acid Complex)(기능성원료인정제2014-26호),2,,uncertain,,
콘드로이친 황산염(제2020-1호),2,,uncertain,,
초록입홍합추출오일복합물(초록입홍합추출오일 32.25%,2,,uncertain,,
우슬등복합물(HL-Joint100)(기능성원료인정제2018-13호),2,,uncertain,,
강황추출물(터마신 기능성원료인정제2014-2호),2,,uncertain,,
eicosapentaenoic acid(EPA),2,,uncertain,,
dacosapentaenoic(DPA),2,,uncertain,,
a-Linolenic acid(ALA) 합으로 80.6mg/g 이상),2,,uncertain,,
가시오갈피등 복합추출물(Eleutheroside E 2.6mg/g,2,,uncertain,,
Baicalin 25mg/g),2,,uncertain,,
코엔자임 Q10(코엔자임Q10 98% 이상),2,코엔자임 Q10,medium,,
대두분리단백너겟,2,,uncertain,,
홍삼농축액(고형분 60%이상,2,홍삼,medium,,
"과립)(200,000,000,000 cfu/g 이상)",2,,uncertain,,
"과립)(100,000,000,000 cfu/g 이상)",2,,uncertain,,
황산제일철(고시형),2,철분,high,,
들깨추출물,2,,uncertain,,
글리세린지방산에스테르 5.3%,2,,uncertain,,
보라지종자유유지(Oil),2,,uncertain,,
영지자실체추출분말(영지버섯자실체추출물분말 30%,2,,uncertain,,
덱스트린 70%),2,,uncertain,,
전칠삼추출물 등 복합물,2,,uncertain,,
칼슘함량 38%),2,칼슘,medium,,
홍화씨,2,,uncertain,,
DHA 12%),2,,uncertain,,
글루코사민염산염분말(글루코사민함량 80%이상),2,글루코사민,medium,,
글루코사민,2,글루코사민,high,,
비타민 E(비타민E 67%),2,비타민 E,medium,,
HK 나토배양물분말(가루,2,,uncertain,,
과립)(MNY건조효모),2,,uncertain,,
비타민 C 혼합분말,2,비타민 C,medium,,
비타민 A 혼합분말,2,비타민 A,medium,,
비소성),2,,uncertain,,
레티닐팔미트산염혼합제제{비타민A함량 30%(레티닐팔미트산염 55.5%,2,비타민 A,medium,,
땅콩오일 43.5%)},2,,uncertain,,
까무까무열매분말,2,,uncertain,,
드럼스틱잎추출고형분,2,,uncertain,,
DL-알파-토코페롤 1.5%),2,비타민 E,medium,,
나이아신분말(가루,2,나이아신,medium,,
이산화규소0.5%,2,,uncertain,,
변성전분 24.5,2,,uncertain,,
말토덱스트린 24.5,2,,uncertain,,
이산화규소 1),2,,uncertain,,
비타민 B12 혼합제제(비타민B12 1,2,비타민 B12,medium,,
제이인산칼슘 99),2,칼슘,medium,,
가르시니아캄보지아 추출물(총 HCA 60% 이상),2,가르시니아,medium,,
Lactobacillus(고시형),2,프로바이오틱스,high,,
비타민 A 혼합제제(레티닐아세트산염 11.5,2,비타민 A,medium,,
비타민 K 혼합제제 (비타민K1 5,2,비타민 K,medium,,
아라비아검 38.0%,2,,uncertain,,
수크로오스 38.0%,2,,uncertain,,
회화나무열매추출물(기능성원료 인정 제2011-26호),2,회화나무열매추출물,medium,,
폴리덱스트로스분말(가루,2,,uncertain,,
글루콘산아연분말(가루,2,아연,medium,,
말토덱스트린 88%,2,,uncertain,,
알긴,2,,uncertain,,
유산균 혼합(Lactobacillus acidophilus(1x10(10)cfu/g이상) 1%,2,프로바이오틱스,high,,
Lactobacillus plantarum(1x10(10)cfu/g이상) 1.5%,2,프로바이오틱스,high,,
Lactobacillus casei(1x10(10)cfu/g이상) 1%,2,프로바이오틱스,high,,
Lactobacillus rhamnosus(1x10(10)cfu/g이상) 1%,2,프로바이오틱스,high,,
Lactobacillus paracasei(1x10(10)cfu/g,2,프로바이오틱스,high,,
과립)(식물류의 리그닌),2,,uncertain,,
D-α-토코페롤(D-알파토코페롤67.1%,2,비타민 E,medium,,
홍삼농축액(농축물)(고형분 함량 60% 이상,2,홍삼,medium,,
유청단백(함량 80%이상),2,,uncertain,,
난백단백(함량 80%이상),2,,uncertain,,
동우코엔자임Q10(동우코엔자임Q10 - 98%)(제2007-14호),2,코엔자임 Q10,medium,,
인디안 구스베리추출물(추출액)분말(분말 추출물),2,,uncertain,,
대두추출물등 복합물(메노세라)(제2019-29호),2,,uncertain,,
클로렐라 원말(엽록소 25mg/g),2,,uncertain,,
비타민 E 혼합제제(디엘알파토코페릴아세테이트50,2,비타민 E,medium,,
두나리엘라오일,2,,uncertain,,
비타민B1(B1 질산염 - 30.64%),2,비타민 B1,medium,,
비타민C(C- 99%),2,비타민 C,medium,,
비타민E[E - 33.3%],2,비타민 E,medium,,
비타민B6(B6염산염 - 27.3%),2,비타민 B6,medium,,
비타민B2(비타민B2 - 33.4%),2,비타민 B2,medium,,
아연(아연 - 80%),2,아연,medium,,
홍삼추출효소처리분말(제2024-33호),2,홍삼,medium,,
추출들깨유,2,,uncertain,,
치커리식이섬유,2,식이섬유,medium,,
사과식이섬유,2,식이섬유,medium,,
가수분해유청단백분말(WPH),2,,uncertain,,
나이아신 8.46%,2,나이아신,medium,,
판토텐산칼슘 3.58%,2,칼슘,medium,,
비타민B6염산염 1.24%,2,비타민 B6,medium,,
비타민B1염산염0.85%,2,비타민 B1,medium,,
산화아연((아연 80%)),2,아연,medium,,
비타민 D 혼합제제(비타민D3 0.25%,2,비타민 D,medium,,
곤약감자추출분말,2,,uncertain,,
마늘,2,마늘,high,,
비타민A아세테이트 11.5%),2,비타민 A,medium,,
인삼발효 농축액(발효태극삼농축액(진세노사이드 Rg1과 Rb1의 합 5mg/g,2,인삼,medium,,
미삼류 30%)),2,,uncertain,,
동충하초 주정추출물,2,,uncertain,,
Curry-Leaf Tree잎,2,,uncertain,,
꼬막,2,,uncertain,,
비타민 D,2,비타민 D,high,,
게),2,,uncertain,,
락토바실러스 에시도필러스 생균 원말,2,,uncertain,,
락토바실러스 카제이 생균 원말,2,,uncertain,,
락토바실러스 플랜타룸 생균 원말,2,,uncertain,,
"Lactobacillus fermentum(100,000",2,프로바이오틱스,high,,
Lactococcus lactis subsp. lactis,2,프로바이오틱스,high,,
락토분말,2,,uncertain,,
Lactococcus lactis,2,프로바이오틱스,high,,
과립)(Lactobacillus plantarum 21.7%,2,프로바이오틱스,high,,
Lactobacillus acidop,2,프로바이오틱스,high,,
저분자콜라겐펩타이드(제2024-35호),2,콜라겐,medium,,
Lactobacillus fermentum동결건조,2,프로바이오틱스,high,,
아카시아검 38%,2,,uncertain,,
분말비타민 A(비타민A아세테이트 11.5%,2,비타민 A,medium,,
과립)(말토덱스트린 95.9%,2,,uncertain,,
폴리덱스트로스(식이섬유함량 90%이상),2,식이섬유,medium,,
대두이소플라본(이소플라본 비배당체인 daidzein,2,이소플라본,medium,,
genistein의 합으로 30%),2,,uncertain,,
초록입홍합추출오일32.25%,2,,uncertain,,
올리브유64.53%,2,,uncertain,,
DL-알파-토코페롤1%,2,비타민 E,medium,,
Lactobacillus gasseri분말(가루,2,프로바이오틱스,high,,
산화아연(분말),2,아연,medium,,
메밀싹,2,,uncertain,,
메밀가루,2,,uncertain,,
비타민 E 혼합제제(DL-a-토코페릴아세테이트50%,2,비타민 E,medium,,
조류 DHA 추출물(추출액) 유지(oil),2,,uncertain,,
까막까치밥 종자(고시형),2,,uncertain,,
맥주효모추출물,2,,uncertain,,
전지분유,2,,uncertain,,
정제수 5%,2,,uncertain,,
팔라티노스2%),2,,uncertain,,
대두이소플라본(대두이소플라본 비배당체로서 187.5mg/g이상),2,이소플라본,medium,,
빌베리주정추출물,2,,uncertain,,
헴철(Fe 1%이상),2,,uncertain,,
푸마르산제일철(Fe 33%이상),2,철분,medium,,
진세노사이드 Rb1,2,,uncertain,,
Rg1 및 Rg3의 합 1% 이상),2,,uncertain,,
매실추출물(고시형),2,,uncertain,,
홍국쌀,2,홍국,medium,,
프로폴리스추출물분말(총플라보노이드6% 이상),2,프로폴리스,medium,,
크레아틴(기능성원료 인정 제2007-13호),2,,uncertain,,
판토텐산칼슘(판토텐산으로 91.59%),2,칼슘,medium,,
비타민B1질산염(비타민B1으로 80.76%),2,비타민 B1,medium,,
베타카로틴혼합분말,2,비타민 A,medium,,
산화아연(80%),2,아연,medium,,
황산망간(36%),2,망간,medium,,
비타민A(9.75%),2,비타민 A,medium,,
대두유 23.45%,2,,uncertain,,
푸마르산제일철(철 33%),2,철분,medium,,
과립)(크롬함유),2,크롬,medium,,
판토텐산칼슘(판토텐산 92%),2,칼슘,medium,,
비타민 B1염산염(결정성분말),2,비타민 B1,medium,,
비타민 B6 염산염(결정성분말),2,비타민 B6,medium,,
엽산(결정성분말),2,,uncertain,,
비타민 C(분말),2,비타민 C,medium,,
건조효모제품분말(가루,2,,uncertain,,
비타민 D 혼합제제((비타민D3 0.25%,2,비타민 D,medium,,
덱스트린 95.9%),2,,uncertain,,
유청칼슘(칼슘25%이상),2,칼슘,medium,,
비타민B6(염산염82%),2,비타민 B6,medium,,
비타민 E 혼합제제(비타민E초산에스테르50%,2,비타민 E,medium,,
비타민C(L-아스코르빈산100%),2,비타민 C,medium,,
분말비타민A(비타민A 9.7%함유),2,비타민 A,medium,,
연어(전체)유지(Oil)(EPA18%,2,,uncertain,,
가수분해유청단백30%,2,,uncertain,,
분리대두단백20%),2,,uncertain,,
비타민 D3 혼합제제((비타민D3 0.25%,2,비타민 D,medium,,
시클로덱스트린 23.3%),2,,uncertain,,
구연산삼나트륨3%,2,,uncertain,,
과립)(DL-a-토코페롤0.2%,2,비타민 E,medium,,
설탕38%옥수수전분16.05%),2,,uncertain,,
구연산24,2,,uncertain,,
DL-사과산24,2,,uncertain,,
덱스트린0.5,2,,uncertain,,
정제수0.5),2,,uncertain,,
달맞이꽃씨앗,2,,uncertain,,
BT-11원지추출분말(기능성원료 인정 제2009-12호),2,,uncertain,,
D-토코페롤 혼합제제,2,비타민 E,medium,,
비타민B12혼합분말(비타민B12 1%,2,비타민 B12,medium,,
말토덱스트린80%),2,,uncertain,,
비타민D3(비타민D3 0.25%,2,비타민 D,medium,,
폴리코사놀-사탕수수 왁스 알코올(1-hexacosanol 3-10%,2,폴리코사놀,medium,,
1-heptacosanol 0.1-3%,2,IGNORE,skip,,
1-octacosanol 60-70%,2,IGNORE,skip,,
1-nonacosanol 0.1-2%,2,IGNORE,skip,,
1-triacontanol 10-15%,2,IGNORE,skip,,
1-dotriacontanol 5-10%,2,IGNORE,skip,,
1-tetratriacontanol 0.1-5%,2,IGNORE,skip,,
총 지방족 알코올 90%),2,,uncertain,,
L-아스코르브산나트륨,2,,uncertain,,
알로에겔농축동결건조분말,2,,uncertain,,
감마리놀렌산 함유 유지(보라지종자유),2,감마리놀렌산,medium,,
아몬드,2,,uncertain,,
호박씨앗분말,2,,uncertain,,
CMO 함유 FAC(Fatty Acid Complex),2,,uncertain,,
드럼스틱잎,2,,uncertain,,
푸마르산제1철(철 32%),2,,uncertain,,
황산망간(망간 32%),2,망간,medium,,
헤마토코쿠스 추출물(헤마토코쿠스추출물 80%,2,,uncertain,,
비타민혼합분말,2,,uncertain,,
가르시니아캄보지아추출물분말(HCA60%이상),2,가르시니아,medium,,
과립)(우유 100%),2,,uncertain,,
"락토바실루스 플란타룸 유산균{LACTOBACILLUS PLANTARUM의 생균으로 200,000,000,000개/g 이상",2,프로바이오틱스,high,,
고형분60%이상,2,,uncertain,,
녹혈분말,2,,uncertain,,
대두이소플라본분말(가루,2,이소플라본,medium,,
홍국쌀(기능성원료인정제2009-19호),2,홍국,medium,,
백수오 등 복합추출물,2,백수오등복합추출물,high,,
Rb1및  Rg3의 합으로 2.5mg/g이상)),2,,uncertain,,
홍삼발효 농축액(진세노사이드 Rg1,2,홍삼,medium,,
칼슘 혼합분말(가루,2,칼슘,medium,,
에키네시아추출물(제2024-3호),2,에키네시아,medium,,
보라지 종자유지(Oil)(감마리놀렌산 20% 이상),2,감마리놀렌산,medium,,
꽃이끼,2,,uncertain,,
호로파종자추출물(제2019-15호),2,,uncertain,,
아세로라추출물(추출액)분말(분말 추출물)(비타민C17%),2,비타민 C,medium,,
조류추출베타카로틴(베타카로틴30%이상함유),2,비타민 A,medium,,
변성전분 62%,2,,uncertain,,
포도당시럽 20%,2,,uncertain,,
정제수 1.5%),2,,uncertain,,
키토산(키토산 92.5%,2,,uncertain,,
호박산 7.5%),2,,uncertain,,
구리,2,구리,high,,
과립)(식용건조효모),2,,uncertain,,
홍삼농축액(농축물)(진세노사이드 Rg1과 Rb1,2,홍삼,medium,,
Rg3의 합 4.2mg/g,2,,uncertain,,
원료삼배합비율 : 홍삼근류 80,2,홍삼,medium,,
홍삼미류 20),2,홍삼,medium,,
가시오가피숙지황 복합추출물,2,,uncertain,,
제이인산칼륨,2,칼륨,medium,,
분말한천(고시형),2,,uncertain,,
탈지분유12%,2,,uncertain,,
비타민 C(L-아스코르빈산),2,비타민 C,medium,,
L-아스코르빈산나트륨(비타민C나트륨),2,비타민 C,medium,,
디엘알파토코페롤 1%,2,비타민 E,medium,,
삼백초추출물 5%,2,,uncertain,,
포스파티딜세린20L{포스파티딜세린53%,2,,uncertain,,
정제가공유지47%},2,,uncertain,,
원지추출분말(기능성원료인정제2009-12호),2,,uncertain,,
난황레시틴(고시형),2,,uncertain,,
건조효모(비타민B1 0.20%,2,비타민 B1,medium,,
비타민B2 0.16%,2,비타민 B2,medium,,
나이아신 1.6%,2,나이아신,medium,,
비타민B6 0.22%,2,비타민 B6,medium,,
판토텐산 0.55%,2,판토텐산,medium,,
엽산 0.045%,2,,uncertain,,
비오틴 0.020%,2,비오틴,medium,,
셀레늄 0.01%,2,셀레늄,medium,,
크롬 0.01%,2,크롬,medium,,
아연 1.0%),2,아연,medium,,
큰달맞이꽃씨앗,2,,uncertain,,
디엘알파토코페롤 1.5%),2,비타민 E,medium,,
두나리엘라추출물(추출액)분말(분말 추출물)(말토덱스트린 37%,2,,uncertain,,
베타카로틴 1%,2,비타민 A,medium,,
아연,2,아연,high,,
식물혼합분말(가루,2,,uncertain,,
과립)(유기농구아바추출물 45%,2,,uncertain,,
유기농홀리바질추출물35%,2,,uncertain,,
유기농레몬추출물20%),2,,uncertain,,
인디안 구스베리(열매)추출물(추출액)분말(분말 추출물)(유기농),2,,uncertain,,
비피도박테리움 브레브 생균 원말,2,,uncertain,,
과립)(60%이상),2,,uncertain,,
이눌린치커리추출물(고시형),2,식이섬유,medium,,
우유분말,2,,uncertain,,
홍삼(6년근)(원료삼배합비율:홍삼근 70%,2,홍삼,medium,,
염화칼슘(고시형),2,칼슘,medium,,
맥주효모,2,,uncertain,,
건조효모(1),2,,uncertain,,
Lactobacillus helveticus분말(가루,2,프로바이오틱스,high,,
콜레우스포스콜리추출물(기능성원료인정제2009-47호),2,,uncertain,,
이산화규소 1.0%),2,,uncertain,,
세리포리아 락세라타 균사체 배양물(기능성원료인정제2018-5호),2,,uncertain,,
스쿠알렌(98%이상),2,,uncertain,,
알콕시글리세롤 함유 상어간유,2,,uncertain,,
알로에겔추출물(고시형),2,,uncertain,,
아쉬아간다추출물(Sensoril®)(제2024-30호),2,아슈와간다,medium,,
홍삼농축액 (진세노사이드 Rg1,2,홍삼,medium,,
Rb1 및 Rg3의 합 10mg/g),2,,uncertain,,
홍삼농축액(농축물)(진세노사이드 Rg1+Rb1+Rg3의 합으로 7mg/g이상),2,홍삼,medium,,
과일허브추출물분말,2,,uncertain,,
건조효모&#40;아연함유&#41;,2,아연,medium,,
유산균 발효 다시마추출물발효 추출물 분말,2,유산균,medium,,
대두레시틴유지(고시형),2,,uncertain,,
혼합탈지분유 3.76%,2,,uncertain,,
알긴산나트륨 0.32%],2,,uncertain,,
알긴산나트륨 0.2%)],2,,uncertain,,
말토덱스트린 81.8%)],2,,uncertain,,
밀크씨슬추출물(실리마린 50%),2,밀크씨슬,medium,,
헛개나무과병·오미자박추출복합물(제2025-12호),2,헛개나무,medium,,
자일로올리고당(xylooligosaccharide) 분말,2,프리바이오틱스,medium,,
홍경천추출물분말(가루,2,홍경천,medium,,
과립)(5.0E+10),2,,uncertain,,
엽록소(고시형),2,,uncertain,,
DL-알파-토코페롤 0.2%),2,비타민 E,medium,,
비타민 E 혼합제제(DL-알파토코페릴아세테이트 50%,2,비타민 E,medium,,
대두유33),2,,uncertain,,
동부테아닌,2,테아닌,medium,,
인디안구스베리·새싹보리추출복합물(IB Complex)(제2025-40호),2,,uncertain,,
CaHMB(Calcium β-Hydroxy-β-methylbutyrate)(제2023-26호),2,,uncertain,,
홍삼농축액(농축물)(-2),2,홍삼,medium,,
난소화성말토덱스트린(식이섬유 함량 85%),2,난소화성 말토덱스트린,medium,,
과채유래유산균(L.plantarum CJLP133)(기능성원료 인정 제2013-11호),2,유산균,medium,,
난소화성말토덱스트린(식이섬유 85%),2,난소화성 말토덱스트린,medium,,
치커리뿌리추출물분말,2,,uncertain,,
글루콘산철,2,,uncertain,,
초유단백,2,,uncertain,,
계100%],2,,uncertain,,
글리세린지방산에스테르(중쇄지방산) 7.5%,2,,uncertain,,
디알파토코페롤,2,비타민 E,medium,,
비타민 A 혼합제제(비타민A팔미테이트 55.5%,2,비타민 A,medium,,
땅콩유 43.5%),2,,uncertain,,
칼슘 32%이상),2,칼슘,medium,,
홍삼혼합분말(가루,2,홍삼,medium,,
비타민 D3유지(Oil)(비타민 D3 2.5%,2,비타민 D,medium,,
중쇄중성지방 97.25%),2,,uncertain,,
과립)(베타카로틴 1%,2,비타민 A,medium,,
아스크로빌팔미테이트 0.3%,2,,uncertain,,
이산화규소 0.2%,2,,uncertain,,
비타민 A 혼합제제(비타민A함량 30%),2,비타민 A,medium,,
헤마토코쿠스 추출물(아스타잔틴 5.0%),2,,uncertain,,
타우린,2,,uncertain,,
팔라티노스,2,,uncertain,,
홍삼농축액(농축물)분말(원료삼배합비율 : 홍삼근 75%,2,홍삼,medium,,
옥타코사놀 함유 유지분말(가루,2,,uncertain,,
DL-알파-토코페롤 0.25%),2,비타민 E,medium,,
알로에겔(총다당체 12%),2,,uncertain,,
과립)(200:1분말,2,,uncertain,,
총다당체 10%),2,,uncertain,,
패각분말(패각칼슘),2,칼슘,medium,,
디엘알파 토코페롤 1.5%),2,비타민 E,medium,,
Lactobacillus acidophilus 1.2%,2,프로바이오틱스,high,,
돌외잎주정추출분말(잎(엽))건조분말,2,,uncertain,,
프로폴리스 추출물,2,프로폴리스,medium,,
홍삼농축액(농축물)(고형분60%),2,홍삼,medium,,
열처리녹차추출물(제2022-34호),2,녹차 카테킨,medium,,
유청칼슘(칼슘함량 25%이상),2,칼슘,medium,,
프로바이오틱스(Lactiplantibacillus plantarum KC3)·익모초추출복합물(CKDB-315)(제2025-1호),2,프로바이오틱스,high,,
철갑상어추출물,2,,uncertain,,
중쇄중성지방7.5%,2,,uncertain,,
유당 96.667%,2,,uncertain,,
옥수수전분21.3%),2,,uncertain,,
우유 단백,2,,uncertain,,
단백질(난백파우더(난백액,2,단백질,medium,,
생이스트,2,,uncertain,,
구연산)),2,,uncertain,,
글루콘산칼슘(고시형),2,칼슘,medium,,
가오리연골분말,2,,uncertain,,
과립)(12%),2,,uncertain,,
엔테로코커스 페슘 생균 원말,2,,uncertain,,
비타민B2인산에스테르나트륨(비타민B2 79%),2,비타민 B2,medium,,
트레할로스 6.74%,2,,uncertain,,
말토덱스트린 3.37%,2,,uncertain,,
피크노제놀-프랑스해안송껍질추출물(2006-1),2,,uncertain,,
연어이리추출물(PRP연어핵산)(기능성원료인정제2019-5호),2,,uncertain,,
비타민C(함량 100%),2,비타민 C,medium,,
정제어유(유지)(50%이상),2,오메가-3,medium,,
정제어유(유지)(70%이상),2,오메가-3,medium,,
하프물범신제외)유지(Oil)(12%이상),2,,uncertain,,
비타민E유,2,비타민 E,medium,,
오미자박추출물(제2025-30호),2,,uncertain,,
옥타코사놀함유유지(미강),2,,uncertain,,
옻나무 추출분말(기능성원료인정제2014-64호),2,,uncertain,,
대두배아추출물12.5%),2,,uncertain,,
비타민 A 혼합제제(비타민A아세테이트 11.5,2,비타민 A,medium,,
DL-알파토코페롤 1.5,2,비타민 E,medium,,
아라비아검 20),2,,uncertain,,
대두이소플라본배당체 40mg/g),2,이소플라본,medium,,
크랜베리 추출물(Cran-Max)(총안토시아노사이드 2.5mg/g),2,크랜베리,medium,,
홍삼발효농축액(진세노사이드 Rg1,2,홍삼,medium,,
설탕 5%),2,,uncertain,,
비타민 K 혼합제제 (비타민K1 5%,2,비타민 K,medium,,
전분 24.5%,2,,uncertain,,
HK 나토배양물(나토배양물 79.4%,2,,uncertain,,
난소화성말토덱스트린 19.8% 아가리쿠스버섯균사체엑기스 0.8%),2,난소화성 말토덱스트린,medium,,
"비피도박테리움롱굼비피더스균[비피도박테리움롱굼비피더스균 2,000,000,000 CFU/g이상:비피도박테리움롱굼비피더스균분말(50,000,000,000/g이상) 4%",2,,uncertain,,
카제인,2,,uncertain,,
"락토바실루스아시도필루스유산균[락토바실루스아시도필루스유산균 2,000,000,000 CFU/g이상:락토바실루스아시도필루스유산균분말(100,000,000,000/g 이상) 2%",2,유산균,medium,,
감초추출물(기능성원료인정제2014-4호),2,감초,medium,,
황해쑥추출분말(제2024-21호),2,,uncertain,,
레몬추출물(추출액)분말(분말 추출물)(유기농),2,,uncertain,,
옥수수전분 2.442%,2,,uncertain,,
산,2,,uncertain,,
"락토바실루스 아시도필루스(Lactobacillus acidophilus의 생균으로 100,000,000,000개/g 이상:Lactobacillus acidophilus 유산균 60%",2,프로바이오틱스,high,,
유당 4%,2,,uncertain,,
유청 4%,2,,uncertain,,
비피더스균(Bifidobacterium infantis,2,프로바이오틱스,high,,
유산균(Lactobacillus casei,2,프로바이오틱스,high,,
유산균(Lactobacillus plantarum,2,프로바이오틱스,high,,
비피더스균(Bifidobacterium longum,2,프로바이오틱스,high,,
Bifidobacterium animalis ssp lactis분말,2,프로바이오틱스,high,,
프로폴리스추출물[프로폴리스 고형분 70% 이상,2,프로폴리스,medium,,
총플라보노이드함량(건고물로서) 4.5%이상],2,,uncertain,,
폴리코사놀-사탕수수 왁스 알코올(기능성원료인정제2006-4호),2,폴리코사놀,medium,,
헛개나무과병추출분말(Quercetin 7㎍/g),2,헛개나무,medium,,
고형분60%이상),2,,uncertain,,
히알우론산 HA-LF-P,2,,uncertain,,
Limosilactobacillus fermentum,2,프로바이오틱스,high,,
엽록소 함유 식물분말(가루,2,,uncertain,,
과립)(밀순),2,,uncertain,,
인삼가수분해농축액농축액(농축물)(진세노사이드 Rg1 5 mg/g,2,인삼,medium,,
인삼(뿌리)농축액(농축물)(고형분함량 60%,2,인삼,medium,,
굴껍질분말(소성),2,,uncertain,,
비타민D3혼합제제 (비타민D3 0.25%,2,비타민 D,medium,,
BT-11원지추출분말(기능성원료인정제2009-12호),2,,uncertain,,
과립)(비타민D3-0.25%,2,비타민 D,medium,,
DL-a-토코페롤0.2%,2,비타민 E,medium,,
설탕38%,2,,uncertain,,
인삼(진세노사이드 Rg1과 Rb1의 합 2.5%),2,인삼,medium,,
인삼(진세노사이드 Rg1과 Rb1의 합 0.5%),2,인삼,medium,,
밀크씨슬추출물(실리마린 500 ㎎),2,밀크씨슬,medium,,
희석제정량)50%,2,,uncertain,,
솔비톨 0.96%,2,,uncertain,,
솔잎증류농축액,2,,uncertain,,
홍삼농축액(농축물)(원료삼배합비율 : 홍삼근 75%,2,홍삼,medium,,
키토올리고당,2,,uncertain,,
옥수수전분 20%)분,2,,uncertain,,
비타민 B12 혼합제제(말토덱스트린 95.9%,2,비타민 B12,medium,,
시트르산삼나트륨 3%,2,,uncertain,,
MSM(엠에스엠,2,MSM,medium,,
디메틸설폰),2,MSM,medium,,
DL-알파토코페롤 0.2%,2,비타민 E,medium,,
회화나무 열매추출물분말(가루,2,회화나무열매추출물,medium,,
홍삼농축액(농축물)(원료삼배합비율:홍삼근70%,2,홍삼,medium,,
비타민E(비타민E로서 67%,2,비타민 E,medium,,
과립)(프로폴리스추출물 70%,2,프로폴리스,medium,,
지초추출물(기능성원료인정제2010-59호),2,,uncertain,,
인삼가수분해농축액(Compound K 5 ㎎/g,2,인삼,medium,,
진세노사이드 Rg1 5 ㎎/g),2,,uncertain,,
진세노사이드Rg1과 Rb1의 합 15mg/g),2,,uncertain,,
홍경천추출물(Rosavin 20~30mg/g),2,홍경천,medium,,
비타민 C(Ascorbyl Palmitate),2,비타민 C,medium,,
창녕양파추출액(기능성원료인정제2016-11호),2,,uncertain,,
알로에 겔(알로에베라겔농축(200:1)분말),2,,uncertain,,
인삼(뿌리)농축액(농축물)분말(고형분함량 60%,2,인삼,medium,,
표고버섯추출물 혼합분말,2,,uncertain,,
과립)(원료삼 배합비율: 태극삼근류 70%,2,,uncertain,,
미삼류 40%),2,,uncertain,,
홍삼농축액(진세노사이드 Rg1과 Rb1 및 Rg3의 합이 5.7 mg/g 이상),2,홍삼,medium,,
원료삼 배합비율: 태극삼근류 70%,2,,uncertain,,
헴철(철함량 1%이상),2,,uncertain,,
"Lactobacillus plantarum(500,000,000,000cfu이상)",2,프로바이오틱스,high,,
Lactobacillus delbrueckii,2,프로바이오틱스,high,,
콜라겐,2,콜라겐,high,,
유청칼슘(칼슘함량 25%),2,칼슘,medium,,
비타민C<비타민C 100%>(L-아스코르빈산),2,비타민 C,medium,,
비타민B1염산염(비타민B1으로서 78.0%),2,비타민 B1,medium,,
폴리코사놀-사탕수수 왁스알코올,2,폴리코사놀,medium,,
황기추출물등복합물(HT042)(Formononetin 0.08mg/g,2,,uncertain,,
Shanzhiside methyl ester 1.5mg/g,2,,uncertain,,
Eleutheroside E 3.6mg/g)(황기추출물 31.2%,2,,uncertain,,
속단추출물 26.5%,2,,uncertain,,
가시오갈피추출물 42.3%),2,,uncertain,,
말토덱스트린 3.39%,2,,uncertain,,
탈지분유 0.4%,2,,uncertain,,
비타민 D3 혼합제제((비타민D 0.25%,2,비타민 D,medium,,
녹각,2,,uncertain,,
셀룰라아제),2,,uncertain,,
요구르트향,2,,uncertain,,
털부처꽃추출물(제2024-37호),2,,uncertain,,
난각칼슘(비소성,2,칼슘,medium,,
과립)(13.7%),2,,uncertain,,
조류베타카로틴(카로틴1%함유),2,비타민 A,medium,,
토마토추출물(all-trans)-lycopene 60mg/g),2,,uncertain,,
정제어유(EPA와 DHA의 합 55% 이상),2,오메가-3,medium,,
계 100%),2,,uncertain,,
프로폴리스추출물분말(프로폴리스추출물50%,2,프로폴리스,medium,,
로커스트콩검50%),2,,uncertain,,
폴리코사놀-사탕수수 왁스알코올(2006-4),2,폴리코사놀,medium,,
프락토올리고당(프락토올리고당분말(프락토올리고당-90.0%이상),2,프리바이오틱스,medium,,
비타민C(L-Ascorbic acid) (비타민C 100%),2,비타민 C,medium,,
아라비아검 20%),2,,uncertain,,
과립)(총플라보노이드 8% 이상,2,,uncertain,,
프로폴리스추출물 70%,2,프로폴리스,medium,,
농축우유,2,,uncertain,,
대두레시틴유지(Oil)(인지질 60%),2,,uncertain,,
구연산나트륨 3%,2,,uncertain,,
프로폴리스추출물(고형분13%이상),2,프로폴리스,medium,,
비타민 C(비타민 C 100%),2,비타민 C,medium,,
과립)(퀘르세틴 7.4ug/g),2,,uncertain,,
키토올리고당분말(가루,2,,uncertain,,
(홍삼비율: 홍삼근70%,2,홍삼,medium,,
비타민B1질산염(비타민B1으로81.0 %),2,비타민 B1,medium,,
"Lactobacillus plantarum(100,000,000,000cfu/g)",2,프로바이오틱스,high,,
"Lactobacillus acidophilus(100,000,000,000cfu/g)",2,프로바이오틱스,high,,
유단백농축분말,2,,uncertain,,
유당 4.0%,2,,uncertain,,
유청 4.0%),2,,uncertain,,
트레할로스 5.63%,2,,uncertain,,
홍삼엑기스,2,홍삼,medium,,
홍미삼70%),2,,uncertain,,
홍삼농축액(농축물)(6년근)(진세노사이드 Rg1,2,홍삼,medium,,
"홍미삼30%
)",2,,uncertain,,
홍삼농축액(농축물)(고형분60%이상,2,홍삼,medium,,
과립)(원료삼배합비율 : 홍삼근 70%,2,홍삼,medium,,
홍삼농축액(농축물)(원료삼배합비율 홍삼근:70% 홍삼미:30%),2,홍삼,medium,,
과립)(* 원료삼 배합비율: 홍삼근 70%,2,홍삼,medium,,
황기추출물등복합물(HT042)분말(가루,2,,uncertain,,
홍삼농축액(농축물)분말(쓰리),2,홍삼,medium,,
Rb1 및 Rg3의 합 10.5mg/g),1,,uncertain,,
김치유산균 혼합(Lactobacillus plantarum 1%,1,프로바이오틱스,high,,
탈지분유혼합11.79%,1,,uncertain,,
말,1,,uncertain,,
구연산아연(고시형),1,아연,medium,,
루테인(루테인20,1,루테인,medium,,
올리브유80),1,,uncertain,,
정제어유(정제어유(정제어유99.7%,1,오메가-3,medium,,
D-토코페롤혼합형0.3%)99.8%,1,비타민 E,medium,,
대두레시틴0.2%),1,,uncertain,,
MSM(디메틸설폰),1,MSM,medium,,
제삼인산칼슘(비소성),1,칼슘,medium,,
구연산칼슘(비소성),1,칼슘,medium,,
정제어유(정제어유 99%,1,오메가-3,medium,,
디-토코페롤혼합형 1%),1,비타민 E,medium,,
두나리엘라추출물(추출액)(베타카로틴 30%,1,비타민 A,medium,,
올리브오일 70%),1,,uncertain,,
비타민 A 혼합제제유지(Oil)(비타민A 55.5,1,비타민 A,medium,,
비타민 D3 혼합제제유지(Oil)(비타민D3 2.5,1,비타민 D,medium,,
중쇄중성지방산오일 97.25,1,,uncertain,,
비타민E 0.25),1,비타민 E,medium,,
"Lactobacillus casei(생균으로 100,000,000,000개/g 이상",1,프로바이오틱스,high,,
Enterococcus faecium(5.0x10^11cfu/g 이상 원료 사용),1,프로바이오틱스,high,,
Enterococcus faecalis(5.0x10^11cfu/g 이상 원료 사용),1,프로바이오틱스,high,,
Bifidobacterium longum(4.0x10^11cfu/g 이상 원료 사용),1,프로바이오틱스,high,,
Lactobacillus acidophilus(2.0x10^11cfu/g 이상 원료 사용),1,프로바이오틱스,high,,
Streptococcus thermophilus(4.0x10^11cfu/g 이상 원료 사용),1,프로바이오틱스,high,,
Lactobacillus plantarum(4.0x10^11cfu/g 이상 원료 사용),1,프로바이오틱스,high,,
Lactobacillus casei(4.0x10^11cfu/g 이상 원료 사용),1,프로바이오틱스,high,,
Lactobacillus paracasei(4.0x10^11cfu/g 이상 원료 사용),1,프로바이오틱스,high,,
Lactobacillus rhamnosus(4.0x10^11cfu/g 이상 원료 사용),1,프로바이오틱스,high,,
Lactobacillus reuteri(1.0x10^11cfu/g 이상 원료 사용),1,프로바이오틱스,high,,
Lactobacillus.delbrueckii spp. bulgaricus(1.0x10^11cfu/g 이상 원료 사용),1,프로바이오틱스,high,,
Lactobacillus fermentum(1.0x10^11cfu/g 이상 원료 사용),1,프로바이오틱스,high,,
Bifidobacterium breve(1.0x10^11cfu/g 이상 원료 사용),1,프로바이오틱스,high,,
Bifidobacterium bifidum(1.0x10^11cfu/g 이상 원료 사용),1,프로바이오틱스,high,,
Bifidobacterium animalis spp. lactis(1.0x10^11cfu/g 이상 원료 사용),1,프로바이오틱스,high,,
Bifidobacterium animalis ssp. lactis(1.0 X 10^10cfu/g 이상 원료 사용),1,프로바이오틱스,high,,
Bifidobacterium breve(1.0 X 10^10cfu/g 이상 원료 사용),1,프로바이오틱스,high,,
Bifidobacterium bifidum(1.0 X 10^10cfu/g 이상 원료 사용),1,프로바이오틱스,high,,
Bifidobacterium longum(1.0 X 10^10cfu/g 이상 원료 사용),1,프로바이오틱스,high,,
Streptococcus thermophilus(1.0 X 10^10cfu/g 이상 원료 사용),1,프로바이오틱스,high,,
Lactococcus lactis(1.0 X 10^10cfu/g 이상 원료 사용),1,프로바이오틱스,high,,
Lactobacillus helveticus(1.0 X 10^10cfu/g 이상 원료 사용),1,프로바이오틱스,high,,
Lactobacillus salivarius(1.0 X 10^10cfu/g 이상 원료 사용),1,프로바이오틱스,high,,
Lactobacillus gasseri(1.0 X 10^10cfu/g 이상 원료 사용),1,프로바이오틱스,high,,
Lactobacillus fermentum(1.0 X 10^10cfu/g 이상 원료 사용),1,프로바이오틱스,high,,
Lactobacillus delbrueckii ssp. bulgaricus(1.0 X 10^10cfu/g 이상 원료 사용),1,프로바이오틱스,high,,
Lactobacillus reuteri(1.0 X 10^10cfu/g 이상 원료 사용),1,프로바이오틱스,high,,
Lactobacillus acidophilus(1.0 X 10^10cfu/g 이상 원료 사용),1,프로바이오틱스,high,,
Lactobacillus casei(1.0 X 10^10cfu/g 이상 원료 사용),1,프로바이오틱스,high,,
Lactobacillus rhamnosus(1.0 X 10^10cfu/g 이상 원료 사용),1,프로바이오틱스,high,,
Lactobacillus paracasei(1.0 X 10^10cfu/g 이상 원료 사용),1,프로바이오틱스,high,,
Lactobacillus plantarum(1.0 X 10^10cfu/g 이상 원료 사용),1,프로바이오틱스,high,,
과립)(프로바이오틱스 2 x 10^11 CFU/g)(Lactobacillus plantarum,1,프로바이오틱스,high,,
Streptococcus thermophilus 98.6%,1,프로바이오틱스,high,,
감자전분 1,1,,uncertain,,
Lactobacillus helveticus(락토바실러스 헬베티쿠스 1 x 10^8 CFU/g)(Lactobacillus helveticus 38.5%,1,프로바이오틱스,high,,
Bifidobacterium bifidum(비피도박테리움 비피덤 1x10^8 CFU/g)(Bifidobacterium bifidum 45.5%,1,프로바이오틱스,high,,
말토덱스트린 54.4%,1,,uncertain,,
비타민C 0.1%),1,비타민 C,medium,,
비타민 E 혼합제제(비타민 E로써 22.5% 이상),1,비타민 E,medium,,
비타민 A 혼합제제(비타민 A로써 9.75%이상),1,비타민 A,medium,,
꾸지뽕잎건조분말,1,,uncertain,,
레몬과즙분말,1,,uncertain,,
복숭아농축분말,1,,uncertain,,
청포도농축분말,1,,uncertain,,
인삼(뿌리)농축액(농축물)(원료삼비율: 인삼근50%,1,인삼,medium,,
홍삼농축액(농축물)(원료삼 비율: 홍삼근70%,1,홍삼,medium,,
홍미삼30%......100%),1,,uncertain,,
스트렙토코커스 써모필러스 분말,1,,uncertain,,
Rb1 및 Rg3의 합 6mg/g),1,,uncertain,,
6년근농축액(농축물)(고형분 60%이상),1,IGNORE,skip,,
홍삼발효 농축액(Rg1,1,홍삼,medium,,
Rb1 및 Rg3 합: 7mg/g),1,,uncertain,,
인삼(뿌리)농축액(농축물)(원료삼비율:인삼근50%,1,인삼,medium,,
인삼(뿌리)농축액(농축물)(고형분60%,1,인삼,medium,,
원료삼비율: 인삼근50%,1,인삼,medium,,
태극삼농축액(농축물)(원료삼배합비율: 태극삼근50%,1,,uncertain,,
태극미삼50%),1,,uncertain,,
홍삼농축액(농축물)(원료삼 비율 : 홍삼근70%,1,홍삼,medium,,
홍미삼30%...100%),1,,uncertain,,
희석제(옥수수전분),1,,uncertain,,
"과립)(생균으로 150,000,000,000개/g 이상",1,,uncertain,,
Lactobacillus delbrueckii ssp. bulgaricus분말(가루,1,프로바이오틱스,high,,
희석제(옥수수전분) 적량}  적량},1,,uncertain,,
"HK 나토배양물(피브린용해효소활성 14,000~22,000 U/g)",1,,uncertain,,
희석제(옥수수전분) 적량,1,,uncertain,,
쌀겨추출분말,1,,uncertain,,
락토바실러스 람노서스 분말,1,,uncertain,,
비피도박테리움 비피둠 분말,1,,uncertain,,
비피도박테리움 락티스 분말,1,,uncertain,,
비피도박테리움 브레브 분말,1,,uncertain,,
스트렙토코커스  써모필러스 분말,1,,uncertain,,
"스트렙토코쿠스 써모필루스 유산균 {STREPTOCOCCUS THERMOPHILUS의 생균으로 50,000,000,000개/g 이상",1,프로바이오틱스,high,,
"비피도박테리움 락티스 비피더스균 {BIFIDOBACTERIUM LACTIS의 생균으로 100,000,000,000개/g 이상",1,프로바이오틱스,high,,
"비피도박테리움 롱굼 비피더스균 {BIFIDOBACTERIUM LONGUM의 생균으로 50,000,000,000개/g 이상",1,프로바이오틱스,high,,
APIC 대두배아열수추출물 등 복합물(기능성원료 인정 제2008-6호),1,,uncertain,,
"과립)(Lactobacillus thamnosus의 생균으로 100,000,000,000개/g 이상",1,프로바이오틱스,high,,
코엔자임 Q10 혼합분말,1,코엔자임 Q10,medium,,
홍삼농축액(농축물)분말(홍미삼류 30%,1,홍삼,medium,,
홍삼근류 70%),1,홍삼,medium,,
"엔테로코쿠스 페슘 유산균{ENTEROCCUS FAECIUM의 생균으로 100,000,000,000개/g 이상",1,유산균,medium,,
Akkermansia muciniphila EB-AMDK19 열처리배양건조물(제2025-46호),1,,uncertain,,
Akkermansia muciniphila HB05 열처리배양건조물(HB05P)(제2025-71호),1,,uncertain,,
알팔파(고시형),1,,uncertain,,
"혼합유산균[혼합유산균으로 10,000,000,000 개/g 이상 함유:비피도박테리움롱굼 {Bifidobacterium longum의 생균으로 50,000,000,000개/g 이상 : Bifidobacterium longum비피더스균 81.632%",1,프로바이오틱스,high,,
옥수수,1,,uncertain,,
Enterococcus faecium(동결건조유산균분말[E.feacium 동결건조분말,1,프로바이오틱스,high,,
희석제(말토덱스트린) 정량),1,,uncertain,,
치커리식이섬유(식이섬유 90%함유),1,식이섬유,medium,,
BT-11원지추출분말,1,,uncertain,,
과립)(프로폴리스70%,1,프로폴리스,medium,,
기타엿,1,,uncertain,,
디-토코페롤혼합형,1,비타민 E,medium,,
닭연골,1,,uncertain,,
굴분말,1,,uncertain,,
탄산칼슘(소성),1,칼슘,medium,,
까무까무추출분말,1,,uncertain,,
프로폴리스추출물분말(총플라보노이드7.2%함유),1,프로폴리스,medium,,
폴리덱스트로스(식이섬유90%함유),1,식이섬유,medium,,
과립)(락토바실러스플란터럼(탈지분유,1,,uncertain,,
"Lactobacillus plantarum(10,000,000,000 cfu/g)50%",1,프로바이오틱스,high,,
류코노스톡 메센트로이드스(탈지분유,1,,uncertain,,
Leuconostoc mesentrojd,1,,uncertain,,
"과립)(Lactobacillus plantarum DK119 10,000,000,000cfu/g이상)",1,프로바이오틱스,high,,
"락토바실루스 델브에루키 불가리쿠스 유산균{LACTOBACILLUS DELBUEKII BULGARICUS의 생균으로 10,000,000,000개/g 이상",1,프로바이오틱스,high,,
"락토바실루스 불가리쿠스 유산균{LACTOBACILLUS BULGARICUS의 생균으로 1,000,000,000개/g 이상",1,프로바이오틱스,high,,
"비피도박테리움 비피둠 비피더스균{BIDIDOBACTERIUM BIFIDUM의 생균으로 100,000,000,000개/g 이상",1,,uncertain,,
"엔테로코쿠스페슘유산균 (Enterococcus faecium의 생균으로 100,000,000,000개/g 이상 Enterococcus faecium 유산균 77.808%",1,프로바이오틱스,high,,
말토덱스트린6.225%,1,,uncertain,,
옥수수전분6.225%,1,,uncertain,,
탈지분유1.587%,1,,uncertain,,
제이인산칼,1,,uncertain,,
"비피도박테리움 인판티스 비피더스균 {Bifidobacterium infantis의 생균으로 100,000,000,000개/g 이상 : Bifidobacterium infantis비피더스균 77.494%",1,프로바이오틱스,high,,
말토덱스트린 6.2%,1,,uncertain,,
옥수수전분 6.2%,1,,uncertain,,
트레할로스 6.2%,1,,uncertain,,
만니톨,1,,uncertain,,
"비피도박테리움 롱굼 비피더스균 {Bifidobacterium longum의 생균으로 50,000,000,000개/g 이상 Bifidobacterium longum 비피더스균 81.632%",1,프로바이오틱스,high,,
혼합유청분말 4.082%,1,,uncertain,,
혼합유당(,1,,uncertain,,
"비피도박테리움 비피둠 비피더스균 {Bifidobacterium bifidum의 생균으로 50,000,000,000개/g 이상 : Bifidobacterium bifidum 비피더스균 60.907%",1,프로바이오틱스,high,,
트레할로스 12.181%,1,,uncertain,,
말토덱스트린 12.181%,1,,uncertain,,
옥수수전분 4.872%,1,,uncertain,,
만니,1,,uncertain,,
"락토바실루스 델브루에키 불가리쿠스 유산균{LACTOBACILLUS DELBRUEKII BULGARICUS의 생균으로 10,000,000,000개/g 이상",1,프로바이오틱스,high,,
"엔테로코쿠스 페슘 유산균 {ENTEROCOCCUS FAECIUM의 생균으로 100,000,000,000개/g 이상",1,프로바이오틱스,high,,
정제어유(EPA 18%이상,1,오메가-3,medium,,
DHA 12%이상),1,,uncertain,,
EPA(고시형),1,,uncertain,,
"엔테로코쿠스 페칼리스 유산균{ENTEROCOCCUS FAECALIS의 생균으로 100,000,000,000개/g 이상",1,프로바이오틱스,high,,
Bifidobacterium longum(Bifidobacterium longum infantis,1,프로바이오틱스,high,,
Lactobacillus acidophilus(1*10^9/g),1,프로바이오틱스,high,,
Lactobacillus plantarum(1*10^9/g),1,프로바이오틱스,high,,
Enterococcus faecium(1*10^9/g),1,프로바이오틱스,high,,
Bifidobacterium breve(1*10^9/g),1,프로바이오틱스,high,,
Lactobacillus casei(1*10^9/g),1,프로바이오틱스,high,,
Bifidobacterium longum(1*10^9/g),1,프로바이오틱스,high,,
유산균혼합분말(총균수 2.0×E10cfu/g 이상) [유산균혼합분말(Lactobacillus plantarum(1.0×E10cfu/g 이상) 49.30%,1,프로바이오틱스,high,,
Lactobacillus rhamnosus(4.0×E09cfu/g 이상) 19.72%,1,프로바이오틱스,high,,
Bifidobacterium longum(2.0×E09cfu/g 이상) 9.86%,1,프로바이오틱스,high,,
Lactobacillus,1,프로바이오틱스,high,,
홍삼농축액(농축물)(고형분함량 60 %,1,홍삼,medium,,
Rb1 및 Rg3의 합 : 5 mg/g,1,,uncertain,,
홍삼발효 농축액(고형분함량 65 %,1,홍삼,medium,,
Rb1 및 Rg3의 합 : 3.7 mg/g,1,,uncertain,,
DL-알파-토코페롤 혼합제제,1,비타민 E,medium,,
크롬효모,1,크롬,medium,,
"락토바실루스 플란타룸 유산균(LACTOBACILLUS PLANTARUM의 생균으로 200,000,000,000개/g 이상 : LACTOBACILLUS PLANTARUM유산균 77.807%",1,프로바이오틱스,high,,
말토덱스트린 6.226%,1,,uncertain,,
"락토바실루스 아시도필루스 유산균{LACTOBACILLUS ACIDOPHILUS의 생균으로 100,000,000,000개/g 이상: LACTOBACILLUS PLANTARUM유산균 80.000%",1,프로바이오틱스,high,,
트레할로스 8.000%,1,,uncertain,,
옥수수전분 4.000%,1,,uncertain,,
덱스트린 5%),1,,uncertain,,
"락토바실루스 카제이 유산균(LACTOBACILLUS CASEI의 생균으로 100,000,000,000개/g 이상: LACTOBACILLUS CASEI유산균 76.033%",1,프로바이오틱스,high,,
트레할로스 6.083%,1,,uncertain,,
말토덱스트린 6.083%,1,,uncertain,,
옥수수전분 6.083%,1,,uncertain,,
만니톨 2.281%,1,,uncertain,,
탈지분유 1.,1,,uncertain,,
"엔테로코쿠스 페슘 유산균(ENTEROCOCCUS FAECIUM의 생균으로 100,000,000,000개/g 이상 : ENTEROCOCCUS FAECIUM유산균 77.808%",1,프로바이오틱스,high,,
제이인산,1,,uncertain,,
건조효모(Ⅳ),1,,uncertain,,
과립)(유산균(Lactobacillus acidophilus,1,프로바이오틱스,high,,
Bifidobacterium bofidum) 1*10의 10승/g 10%,1,프로바이오틱스,high,,
식물성분말크림(물엿 61.65%,1,,uncertain,,
정제가공유지 32%,1,,uncertain,,
카제인나트륨 2.25%,1,,uncertain,,
제2인산칼륨,1,칼륨,medium,,
"유산균 혼합(5종[Lactobacillus acidophilus 10,000,000,000/g이상 3%",1,프로바이오틱스,high,,
나토배양물 [ Bacillus subtlis natto,1,,uncertain,,
배지성분(탈지대두분 5%,1,,uncertain,,
말토스 1%,1,,uncertain,,
"물 94%)-혈전용해효소활성(U/ml):5,000]",1,,uncertain,,
① 표고버섯균사체분말 66.7%〔Lentinus edodes,1,,uncertain,,
"배지성분(보리100%)〕 
② 표고버섯균사체분말 33.3%〔Lentinus edodes",1,,uncertain,,
배지성분91.0% (탈지대두분 0.25%,1,,uncertain,,
황백당 2.5%,1,,uncertain,,
KH2PO4  0.0025%,1,,uncertain,,
MgSO4  0.0025%,1,,uncertain,,
물 97.245%),1,,uncertain,,
비타민 E 혼합제제(DL-알파-토코페릴 초산염 50%,1,비타민 E,medium,,
비타민 B1염산염(비타민 78%),1,비타민 B1,medium,,
비타민 B2(비타민B2 100%),1,비타민 B2,medium,,
비타민 B6 염산염(비타민 B6 82%),1,비타민 B6,medium,,
"과립)(생균으로 1,000,000,000개/g 이상",1,,uncertain,,
보호제 및 희석제 적량,1,,uncertain,,
다시마분말,1,,uncertain,,
"락토바실루스 카제이 유산균{LACTOBACILLUS ACSEI의 생균으로 200,000,000,000개/g 이상",1,프로바이오틱스,high,,
"과립)(ACTOBACILLUS PLANTARUM의 생균으로 100,000,000,000개/g 이상",1,,uncertain,,
비피도박테리움 락티스(Bifidobacterium lactis)비피더스균,1,프로바이오틱스,high,,
락토바실루스아시도필루스(Lactobacillus acidophilus)유산균,1,프로바이오틱스,high,,
락토바실루스카제이(Lactobacillus casei)유산균,1,프로바이오틱스,high,,
Lacticaseibacillus paracasei BEPC22와 Lactiplantibacillus plantarum BELP53의 프로바이오틱스 복합물(HH202-LB)(제2026-22호),1,프로바이오틱스,high,,
"비피도박테리움 롱굼 비피더스균{BIDIDOBACTERIUM LONGUM의 생균으로 100,000,000,000개/g 이상",1,,uncertain,,
"Lactobacillus acidophilus(생균으로 100,000,000,000개/g 이상",1,프로바이오틱스,high,,
분말결정포도당,1,,uncertain,,
D-알파-토코페릴 초산염(고시형),1,,uncertain,,
과립)(9종),1,,uncertain,,
루테인(루테인 15%),1,루테인,medium,,
Isoorientin 0.18mg/g,1,,uncertain,,
제2013-31호),1,,uncertain,,
글루콘산아연(아연 14%),1,아연,medium,,
쏘팔메토 열매추출물(로르산(Lauric acid) 27.5% 이상),1,쏘팔메토,medium,,
MSM(엠에스엠98%),1,MSM,medium,,
Dimethylsulfone(MSM),1,MSM,medium,,
N-아세틸글루코사민(N-아세틸글루코사민으로서 95% 이상),1,글루코사민,medium,,
"락토바실루스 람노수스 유산균{LACTOBACILLUS RHAMNOSUS의 생균으로 100,000,000,000개/g      이상",1,프로바이오틱스,high,,
"락토바실루스 아시도필루스 유산균{LACTOBACILLUS ACIDOPHILUS의 생균으로 100,000,000,000개/g      이상",1,프로바이오틱스,high,,
스피루리나분말(조단백질 50% 이상)(총엽록소0.5%이상),1,단백질,medium,,
참치오일,1,,uncertain,,
"스트렙토코쿠스 써모필루스 유산균 {STREPTOCOCCUS THERMOPHILUS의 생균으로 100,000,000,000개/g 이상",1,프로바이오틱스,high,,
"과립)(의 생균으로 100,000,000,000개/g  이상",1,,uncertain,,
보호 제 및 희석제 적량}),1,,uncertain,,
유산균[Lactobacillus acidophilus(3*10의8승/g 이상)50%Lactobacillus reuteri(3.5*10의8승/g 이상) 50%,1,프로바이오틱스,high,,
계 100%]20%,1,,uncertain,,
유산균(Lactobacillus reuteri(1.5×10의9승 CFU/g이상)],1,프로바이오틱스,high,,
유산균[Lactobacillus acidophilus(1.1*10의9승 CFU/g 이상)]20%,1,프로바이오틱스,high,,
유산균[Lactobacillus paracasei (1.1*10^9 CFU/g이상)]20%,1,프로바이오틱스,high,,
유산균분말[Lactobacillus plantarum(1.5×10의9승 CFU/g 이상)]20%,1,프로바이오틱스,high,,
유산균[(Enterococcus faecium 1.1*10의9승 CFU/g 이상)]20%,1,프로바이오틱스,high,,
유산균[Enterococcus faecalis (1.7×10의9승 CFU/g 이상)],1,프로바이오틱스,high,,
흰점박이꽃무지유충농축분말,1,,uncertain,,
과립)(총 플라보노이드 8%이상,1,,uncertain,,
프로폴리스70,1,프로폴리스,medium,,
토마토추출물(기능성원료인정제2008-51호),1,,uncertain,,
오메가3 지방산 함유 유지(EPA+DHA 50%,1,오메가-3,medium,,
조류DHA추출유지 96.27%,1,,uncertain,,
"스트렙토코쿠스 써모필루스균{STREPTOCOCCUS THERMOPHILUS의 생균으로 100,000,000,000개/g 이상",1,프로바이오틱스,high,,
"과립)(의 생균으로 100,000,000,000개/g      이상",1,,uncertain,,
난각막분말(제2023-35호),1,,uncertain,,
"락토바실루스 람노수스 유산균{LACTOBACILLUS ACIDOPHILUS의 생균으로 100,000,000,000개/g 이상",1,프로바이오틱스,high,,
"락토바실루스 아시도필루스 유산균{LACTOBACILLUS ACIDOPHILUS의 생균으로 130,000,000,000개/g 이상",1,프로바이오틱스,high,,
"락토바실루스 람노수스 유산균{LACTOBACILLUS RHAMNOSUS의 생균으로 130,000,000,000개/g 이상",1,프로바이오틱스,high,,
"락토바실루스 플란타룸 유산균{LACTOBACILLUS PLANTARUM의 생균으로 135,000,000,000개/g 이상",1,프로바이오틱스,high,,
홍삼팽화농축액(진세노사이드 Rg1,1,홍삼,medium,,
비타민 D3 혼합제제유지(Oil)(중쇄중성지방산오일 97.25%,1,비타민 D,medium,,
동충하초 유래 P. hepiali 균사체(Cs-4) 추출물(제2011-16호),1,,uncertain,,
스쿠알렌(스쿠알렌함량 98%이상),1,,uncertain,,
"유산균김치배양물 [락토바실러스 카제이(Lactobacillus casei 30,000,000,000/g이상)]",1,프로바이오틱스,high,,
만가닥버섯,1,,uncertain,,
홍삼농축액(진세노사이드Rg1과 Rb1 및 Rg3의 합=6mg/g),1,홍삼,medium,,
비타민 B1질산염(비타민으로80.76%),1,비타민 B1,medium,,
비타민 B2(리보플라빈100%),1,비타민 B2,medium,,
피리독신염산염(비타민B6으로서82.27%),1,비타민 B6,medium,,
비타민D30.25%,1,비타민 D,medium,,
비타민 B12 혼합제제(말토덱스트린95.9%,1,비타민 B12,medium,,
비타민 B12 0.1%),1,비타민 B12,medium,,
드럼스틱잎추출분말,1,,uncertain,,
쏘팔메토 열매 추출물추출물(추출액),1,쏘팔메토,medium,,
홍삼발효 분말,1,홍삼,medium,,
가르시니아캄보지아 껍질 추출분말,1,가르시니아,medium,,
가르시니아 캄보지아껍질 추출물,1,가르시니아,high,,
가시오가피숙지황 복합추출물추출물(추출액)분말(분말 추출물)(가시오가피숙지황복합추출물로서 800mg/일),1,,uncertain,,
프락토올리고당분말(프락토올리고당 90%함유),1,프리바이오틱스,medium,,
아라비아검0.667%,1,,uncertain,,
유당96.667% 계100%),1,,uncertain,,
젖산철(철로서20%함유),1,,uncertain,,
혼합제제비타민D분말(비타민D3 0.25%,1,비타민 D,medium,,
혼합제제비타민D3분말(비타민D 0.25%,1,비타민 D,medium,,
비타민C 0.003 %,1,비타민 C,medium,,
유당96.667% 계10,1,,uncertain,,
혼합제제분말비타민E(D-α-tocopherol,1,비타민 E,medium,,
비타민E 초산에스테르50%,1,비타민 E,medium,,
비타민-C(L-Ascorbic acid),1,,uncertain,,
혼합제제비타민D3분말 (비타민D3로서0.25%함유 비타민E 0.001%,1,비타민 E,medium,,
키토산분말(총글루코사민으로서100%),1,글루코사민,medium,,
Rg3의 합 12mg/g이상),1,,uncertain,,
표고버섯균사체추출물분말분말(가루,1,,uncertain,,
레티닐 팔미트산염 혼합제제(레티닐팔미트산염 55.5 %,1,,uncertain,,
결정셀룰로스,1,,uncertain,,
히드록시프로필메틸셀룰로스,1,,uncertain,,
카복시메틸셀룰로스칼슘,1,칼슘,medium,,
나트륨,1,,uncertain,,
생선콜라겐펩타이드,1,콜라겐,medium,,
호박산,1,,uncertain,,
HK표고버섯균사체(베타글루칸 13%),1,베타글루칸,medium,,
갈락토올리고당 분말(네오고스-P70)(기능성인정원료제2021-8호),1,프리바이오틱스,medium,,
보라지유(감마리놀렌산21.5%함유),1,감마리놀렌산,medium,,
달맞이꽃종자유(감마리놀렌산 9%),1,감마리놀렌산,medium,,
감마리놀렌산,1,감마리놀렌산,high,,
비타민 E 혼합유지(Oil),1,비타민 E,medium,,
달맞이꽃종자유 (감마리놀렌산 4.75%이상),1,감마리놀렌산,medium,,
달맞이꽃종자유(감마리놀렌산5%이상),1,감마리놀렌산,medium,,
감태추출물(제2015-6호),1,,uncertain,,
회화나무 열매추출물,1,회화나무열매추출물,high,,
회화나무열매추출물분말(가루,1,회화나무열매추출물,medium,,
옥타코사놀(미강),1,,uncertain,,
건조효모(Ⅰ),1,,uncertain,,
건조효모(Ⅱ),1,,uncertain,,
건조효모(Ⅲ),1,,uncertain,,
서목태(쥐눈이콩) 펩타이드 복합물(아르기닌 9 mg/g,1,아르기닌,medium,,
로이신 10 mg/g),1,,uncertain,,
홍삼분말(진세노사이드 Rg1과 Rb1 및 Rg3의 합 3.5mg/g,1,홍삼,medium,,
홍삼근류70%,1,홍삼,medium,,
홍삼미류30%),1,홍삼,medium,,
과립)(원료삼 배합비율 : 홍삼근 70%,1,홍삼,medium,,
영지버섯자실체 추출 농축액,1,,uncertain,,
인삼(※ 최종제품 : 인삼농축액(인삼사포닌 80.0㎎/g 이상,1,인삼,medium,,
고형분 60% 이상))(진세노사이드 Rg1과 Rb1의 합 14mg/g)100%,1,,uncertain,,
인삼농축액(농축물)(고형분 함량 60 % 이상,1,인삼,medium,,
원료삼 배합비율(%):인삼근류:미삼류=50:50,1,인삼,medium,,
진세노사이드 Rg1과 Rb1의 합: 25 ㎎/g),1,,uncertain,,
미삼(인삼농축액 - 진세노사이드 Rg1과 Rb1의 합 50mg/g),1,인삼,medium,,
인삼농축액(진세노사이드 Rg1과 Rb1의 합0.6%),1,인삼,medium,,
인삼농축액(농축물)(고형분 60%이상),1,인삼,medium,,
태극삼분말(진세노사이드 Rg1과 Rb1의 합 3mg/g),1,,uncertain,,
과립)(Ginsenoside Rg1,1,,uncertain,,
Rb1의 합 5mg/g,1,,uncertain,,
원료삼배합비율: 인삼근 100%),1,인삼,medium,,
인삼 (※ 최종제품 : 인삼분말(인삼사포닌 20.0㎎/g이상))(진세노사이드Rg1과 Rb1의 합: 5mg/g),1,인삼,medium,,
과립)(원료삼 배합비율: 인삼근류 100%),1,인삼,medium,,
인삼분말(진세노사이드 Rg1과 Rb1의 합),1,인삼,medium,,
발효인삼농축액분말,1,인삼,medium,,
인삼농축액(고형분60%이상),1,인삼,medium,,
인삼농축액(농축물)(인삼근100%),1,인삼,medium,,
인삼(인삼농축액(진세노사이드 Rg1과 Rb1의 합 1.5%),1,인삼,medium,,
인삼사포닌 80mg/g이상)(진세노사이드 Rg1과Rb1의 합 16.7mg/g),1,인삼,medium,,
인삼(뿌리)농축액(농축물)(진세노사이드 Rg1과 Rb1의 합 4.5mg/g,1,인삼,medium,,
원료삼배합비율 : 인삼근류70%,1,인삼,medium,,
인삼미류 30%),1,인삼,medium,,
인삼 농축액(진세노사이드 Rg1과 Rb1의 합0.6%),1,인삼,medium,,
인삼 농축액 (인삼성분80㎎/ｇ 기준)(진세노사이드Rg1과 Rb1의 합: 14mg/g)10%,1,인삼,medium,,
인삼농축액(고형분 60%이상),1,인삼,medium,,
인삼농축액(진세노사이드 Rg1과 Rb1의 합 8mg/g),1,인삼,medium,,
4년근농축액(농축물)(4년근이상),1,IGNORE,skip,,
인삼농축액(농축물)(고형분60%,1,인삼,medium,,
진세노사이드 Rg1+Rb1의 합 5.3mg/g(원료삼배합비율: 인삼(태극삼)근류 70%,1,인삼,medium,,
인삼(태극삼)미삼 30%)),1,인삼,medium,,
인삼(열매)농축액(농축물),1,인삼,medium,,
인삼농축액(진세노사이드 Rg1과 Rb1의 합: 0.45%),1,인삼,medium,,
인삼농축액(농축물)(진세노사이드 Rg1과 Rb1의 합 4.5mg/g,1,인삼,medium,,
홍삼농축액(농축물)(진세노사이드 Rg1과 Rb1 및 Rg3의 합,1,홍삼,medium,,
홍삼농축액(진세노사이드 Rg1과 Rb1 및 Rg3의 합: 0.4%),1,홍삼,medium,,
태극삼농축액(진세노사이드 Rg1과 Rb1의 합 0.4%)100%,1,,uncertain,,
태극삼농축액(농축물)((진세노사이드 Rg1과 Rb1의 합 10mg/g)),1,,uncertain,,
태극삼농축액(농축물),1,,uncertain,,
태극삼분말(진세노사이드 Rg1과 Rb1의 합 0.2%)100%,1,,uncertain,,
과립)(원료삼배합비율 : 태극삼근류 100% ),1,,uncertain,,
원료삼배합비율(%): 태극삼근류 70,1,,uncertain,,
"미삼류 30
)",1,,uncertain,,
인삼발효 농축액(고형분함량 65%,1,인삼,medium,,
원료삼배합비율(%): 인삼근류 50,1,인삼,medium,,
"미삼류 50
)",1,,uncertain,,
인삼농축액(농축물)((고형분 60%이상,1,인삼,medium,,
진세노사이드 Rg1+Rb1 합 6mg/g) 원료삼배합비율 (백삼근 70%,1,,uncertain,,
백미삼30%)....100%),1,,uncertain,,
인삼농축액(진세노사이드 Rg1과 Rb1의 합 0.4%),1,인삼,medium,,
과립)(인삼(태극삼)분말),1,인삼,medium,,
인삼분말(진세노사이드 Rg1과 Rb1의 합 0.15%),1,인삼,medium,,
태극인삼분말 (국산),1,인삼,medium,,
과립)(진세노사이드 Rg1과 Rb1의 합 3mg/g,1,,uncertain,,
원료삼 배합비율:인삼근류100%),1,인삼,medium,,
홍삼농축액 (진세노사이드 Rg1과 Rb1및 Rg3의 합 5mg/g),1,홍삼,medium,,
미삼 30%),1,,uncertain,,
홍삼농축액(농축물)(고형분 65%이상),1,홍삼,medium,,
홍삼농축액 (진세노사이드 Rg1과 Rb1및 Rg3의 합 7mg/g),1,홍삼,medium,,
홍삼농축액(진세노사이드 Rg1과 Rb1및 Rg3의 합 9mg/g),1,홍삼,medium,,
홍삼(4년근 이상),1,홍삼,medium,,
홍삼농충액(진세노사이드 Rg1과 Rb1 및 Rg3의 합 0.6%),1,홍삼,medium,,
홍삼농축액(농축물)((진세노사이드 Rg1과 Rb1 및 Rg3의 합 12mg/g,1,홍삼,medium,,
원료삼 배합비율 : 홍삼근류 70%,1,홍삼,medium,,
홍삼미류 30%)),1,홍삼,medium,,
홍삼농축액(농축물)(기능성원료[홍삼농축액(농축물)(구분:고시형원료/배합비:100%/기능(지표)성분:진세노사이드 Rg1과 Rb1 및 Rg3의 합 4%),1,홍삼,medium,,
Rb1 및 Rg3의 합 5.7mg/g,1,,uncertain,,
홍삼농축액(농축물)(고형분 함량 60 % 이상 원료삼 배합비율(%):홍삼근류:홍미삼류=70:30),1,홍삼,medium,,
홍삼농축액[홍삼근 70%,1,홍삼,medium,,
홍미삼 30%],1,,uncertain,,
홍삼농축액(진세노사이드 Rg1과 Rb1 및 Rg3의 합 10mg/g) * 원료삼배합비율: 홍삼근 70%,1,홍삼,medium,,
Rb1 및 Rg3의 합 10mg/g,1,,uncertain,,
원료삼배합비율 : 홍삼근 70%,1,홍삼,medium,,
홍삼미 30%),1,홍삼,medium,,
과립)(홍삼6년근,1,홍삼,medium,,
국산 (원료삼배합비율:홍삼근70%,1,홍삼,medium,,
Rb1 및 Rg3의 합 3mg/g),1,,uncertain,,
홍삼(홍삼근100%),1,홍삼,medium,,
홍삼근,1,홍삼,medium,,
6년근홍삼분말 (진세노사이드 Rg1과 Rb1 및 Rg3의 합0.7%),1,IGNORE,skip,,
홍삼분말(국산),1,홍삼,medium,,
홍삼농축액(진세노사이드 Rg1과 Rb1 및 Rg3의 합 6.4mg/g),1,홍삼,medium,,
홍삼농축액(진세노사이드 Rg1과 Rb1및 Rg3의 합 5mg/g),1,홍삼,medium,,
고려홍삼농축액,1,홍삼,medium,,
Rb1 및 Rg3의 합 0.7%),1,,uncertain,,
홍삼농축액(농축물)(원료삼비율: 홍삼근70%,1,홍삼,medium,,
홍삼농축액(진세노사이드 Rg1과 Rb1및 Rg3의 합 8mg/g),1,홍삼,medium,,
6년근농축액(농축물)((국산,1,IGNORE,skip,,
Rb1및 Rg3의합이 10mg/g이상,1,,uncertain,,
고형분 68%이상) 홍삼 100% (홍삼비율: 홍삼근70%,1,홍삼,medium,,
홍삼농축액(농축물)(원료삼 배합비율: 홈삼근류 70%,1,홍삼,medium,,
Rb1 및 Rg3의 합: 10mg/g),1,,uncertain,,
Rb1 및 Rg3의 합 5.5mg/g)),1,,uncertain,,
홍삼농축액(진세노사이드 Rg1과 Rb1및 Rg3의 합 6.5mg/g),1,홍삼,medium,,
홍삼농축액(농축물)(진세노사이드 Rg1과 Rb1및 Rg3의 합 7㎎/g: 홍삼근 70%,1,홍삼,medium,,
6년근홍삼농축액(고형분60%이상,1,IGNORE,skip,,
홍삼농축액(진세노사이드 Rg1과 Rb1및 Rg3의 합 6mg/g),1,홍삼,medium,,
홍삼농축액(진세노사이드 Rg1과 Rb1의 합 0.5%),1,홍삼,medium,,
6년근홍삼농축액(고형분60%이상),1,IGNORE,skip,,
6년근홍삼분말,1,IGNORE,skip,,
홍삼농축액(진세노사이드 Rg1과 Rb1 및 Rg3의 합 5mg/g),1,홍삼,medium,,
홍삼 농축액(진세노사이드 Rg1과 Rb1 및 Rg3의 합0.5%),1,홍삼,medium,,
Rb1 및 Rg3의 합 11mg/g),1,,uncertain,,
홍삼사포닌 70mg/g이상)(진세노사이드 Rg1과 Rb1의 합 11.2mg/g),1,홍삼,medium,,
홍삼농축액(홍삼성분70mg/g,1,홍삼,medium,,
고형분65%이상),1,,uncertain,,
흑삼농축액(농축물)분말,1,,uncertain,,
흑삼농축액(농축물),1,,uncertain,,
키토산분말(키토산 80% 이상),1,,uncertain,,
Rb1 및 Rg1의 합 7.5mg/g),1,,uncertain,,
피브로인추출물 BF-7(티로신 5.68 ~ 8.53mg/g,1,,uncertain,,
알라닌 6.7 ~ 10.05mg/g),1,,uncertain,,
골드키위유산균발효물(Kiwibiotics®)(제2025-22호),1,유산균,medium,,
MSM(MSM 98%이상),1,MSM,medium,,
나한과박추출분말(DKB131)(제2024-22호),1,,uncertain,,
MSM)분말,1,MSM,medium,,
강황 추출물,1,,uncertain,,
비타민무기질혼합제제,1,,uncertain,,
초록입홍합추출오일복합물원료,1,,uncertain,,
연어이리추출물(DOTTM연어핵산)(제2019-5호),1,,uncertain,,
전칠삼추출물 등 복합물(전칠삼추출물(뿌리),1,,uncertain,,
숙지황(지황의뿌리),1,,uncertain,,
가시오가피(줄기껍질)),1,,uncertain,,
D-알파-토코페롤 3.22%,1,비타민 E,medium,,
올리브오일 64.53%),1,,uncertain,,
콘드로이친(기능성원료인정제2020-1호),1,,uncertain,,
보스웰리아추출물(기능성원료인정제2014-23호),1,,uncertain,,
초록입홍합추출오일복합물(docosahexanoic acid(DHA),1,,uncertain,,
Ligustillide 4.0mg/g,1,,uncertain,,
대구뼈추출물,1,,uncertain,,
칼슘 39%이상),1,칼슘,medium,,
패각분말(패각칼슘(비소성)),1,칼슘,medium,,
홍삼사포닌 70mg/g이상(홍삼근40%,1,홍삼,medium,,
홍미삼60% - 진세노사이드 Rg1과 Rb1의 합 17mg/g)),1,,uncertain,,
난황레시틴(오리),1,,uncertain,,
루테인(루테인 20%),1,루테인,medium,,
자주개자리분말,1,,uncertain,,
쇠비름혼합유,1,,uncertain,,
풋사과추출폴리페놀(Applephenon)(기능성원료인정제2015-9호),1,,uncertain,,
달맞이꽃종자유(감마리놀렌산 4.75% 이상),1,감마리놀렌산,medium,,
피로인산제이철혼합제제(피로인산제이철 26.6%,1,철분,medium,,
덱스트린 59.7%,1,,uncertain,,
정제소금 7.1%,1,,uncertain,,
대두레시틴 1.3%),1,,uncertain,,
매실추출물(구연산 300mg/g이상),1,,uncertain,,
리포젠 공액리놀레산(유리지방산),1,,uncertain,,
비타민B6염산염(비타민B1으로서 82%),1,비타민 B6,medium,,
비타민B1염산염(비타민B1으로서 89%),1,비타민 B1,medium,,
난소화성말토덱스트린(식이섬유함량 85%이상),1,난소화성 말토덱스트린,medium,,
가리비조개칼슘(비소성,1,칼슘,medium,,
어골분말(소성,1,,uncertain,,
칼슘함량 36%),1,칼슘,medium,,
클로렐라(기능성원료 인정 제2010-52호)(고시형),1,,uncertain,,
피브로인추출물BF-7(기능성원료 인정 제2009-46호),1,,uncertain,,
저분자유청펩타이드(제2024-29호),1,,uncertain,,
발효굴추출물(FSO)(제2023-39호),1,,uncertain,,
밀납,1,,uncertain,,
초록입홍합동결건조분말,1,,uncertain,,
글루코사민염산염(98~102%),1,글루코사민,medium,,
글루코사민분말(글루코사민함량 98%이상),1,글루코사민,medium,,
글루코사민염산염분말(글루코사민염산염으로서 98%이상),1,글루코사민,medium,,
글루코사민(염산염),1,글루코사민,medium,,
글루코사민염산염분말(글루코사민함량 80.0%이상),1,글루코사민,medium,,
글루코사민황산염분말(글루코사민황산염 98%이상),1,글루코사민,medium,,
Rb1 및 Rg3의 합 4.0mg/g)),1,,uncertain,,
홍삼농축액농축액(농축물)(진세노사이드 Rg1과Rb1 및 Rg3의 합 6.0mg/g이상),1,홍삼,medium,,
Rb1 및 Rg3 의 합 4.5mg/g ),1,,uncertain,,
마카 젤라틴화 분말,1,,uncertain,,
은행잎추출물(플라보놀배당체 24%이상),1,은행잎,medium,,
정제어유(EPA 와 DHA의 합 30.0% 이상),1,오메가-3,medium,,
표고버섯균사체추출물분말,1,,uncertain,,
"김치유산균 동결분말[Lactobacillus plantarum(200,000,000,000cfu/g)",1,프로바이오틱스,high,,
까마귀쪽나무 열매 주정추출물,1,,uncertain,,
홍삼농축액농축액(농축물)(고형분60%이상),1,홍삼,medium,,
홍삼농축액(농축물)(분말),1,홍삼,medium,,
건조효모(크롬 0.2 %),1,크롬,medium,,
콜레우스포스콜리추출물(기능성원료 인정 제2012-5호),1,,uncertain,,
유산균 혼합([5종,1,유산균,medium,,
"Lactobacillus acidophilus 10,000,000,000/g이상 3%",1,프로바이오틱스,high,,
과립)(나토배양물(대두) 79.4%,1,,uncertain,,
아가리쿠스버섯균사체엑기스 0.8%,1,,uncertain,,
난소화성말토덱스트린 19.8%),1,난소화성 말토덱스트린,medium,,
과립)(나토배양물79.4%,1,,uncertain,,
아가리쿠스버섯균사체엑기스0.8%,1,,uncertain,,
난소화성말토덱스트린19.8%),1,난소화성 말토덱스트린,medium,,
난황분,1,,uncertain,,
식품첨가물혼합제제분말,1,,uncertain,,
인디안구스베리열매분말,1,,uncertain,,
옥타코사놀분말(미강유),1,,uncertain,,
비타민E(DL-알파토코페롤초산염 50%),1,비타민 E,medium,,
과립)(마그네슘:60%),1,마그네슘,medium,,
과립)(아연;80%),1,아연,medium,,
홍삼농축액(농축물)(고형분 50%),1,홍삼,medium,,
아선약추출물분말(18%),1,,uncertain,,
황금추출물분말(20%),1,,uncertain,,
합성 베타카로틴 혼합액,1,비타민 A,medium,,
삼씨앗,1,,uncertain,,
글루코사민염산염분말(100%),1,글루코사민,medium,,
밀크씨슬(카르두스마리아누스)추출물(추출액)분말(분말 추출물),1,밀크씨슬,medium,,
키토산분말(글루코사민으로서 850mg/g 이상),1,글루코사민,medium,,
유청혼합분말(칼슘으로서 27%),1,칼슘,medium,,
비타민A혼합제제(비타민A로서 10.02%),1,비타민 A,medium,,
알로에겔분말(200:1),1,,uncertain,,
셀레늄(식용건조효모(셀렌함유)),1,셀레늄,medium,,
녹차추출물(카테킨으로서 30.0% 이상),1,녹차 카테킨,medium,,
클로렐라원말(엽록소함량 10mg/g 이상),1,,uncertain,,
생선콜라겐펩타이드분말,1,콜라겐,medium,,
해조칼슘(칼슘함량 32%이상,1,칼슘,medium,,
유청칼슘(칼슘함량 27%이상,1,칼슘,medium,,
진세노사이드Rg1과 Rb1 Rg3의 합 4mg/g 이상,1,,uncertain,,
원료삼배합비율: 홍삼근 70%,1,홍삼,medium,,
녹차(잎(엽)),1,,uncertain,,
차나무잎,1,,uncertain,,
녹차추출농축액(고형분60%이상,1,,uncertain,,
카테킨200mg/g이상),1,,uncertain,,
녹차잎,1,,uncertain,,
HK표고버섯균사체 (인정번호:2010-35),1,,uncertain,,
HK표고버섯균사체(인정번호:2010-35),1,,uncertain,,
홍삼농축액(고형분64%),1,홍삼,medium,,
비타민 A 혼합제제(레티닐아세트산염(비타민 A 84.8%)11.5%,1,비타민 A,medium,,
DL-알파토코페롤(비타민E 50%)1.5%,1,비타민 E,medium,,
옥수수전분 20% 계: 100%),1,,uncertain,,
분말비타민A(비타민A로서 9.75%),1,비타민 A,medium,,
금잔화꽃분말,1,,uncertain,,
EPA 및 DHA 함유 유지(기능성원료인정제2015-20호),1,오메가-3,medium,,
알로에베라겔농축분말(200:1),1,,uncertain,,
비타민E혼합제제[dl-α-토코페릴아세테이트(비타민E로서45.65%) 50%,1,비타민 E,medium,,
이산화규소 1% ],1,,uncertain,,
대두이소플라본제품,1,이소플라본,medium,,
기타가공식품분말(가루,1,,uncertain,,
과립)(유단백가수분해물(농축유청단백질50%,1,유단백가수분해물,medium,,
가수분해유청단백질30%,1,단백질,medium,,
분리대두단백질20%)),1,단백질,medium,,
메밀씨앗,1,,uncertain,,
폴리덱스트로스(식이섬유 90%이상),1,식이섬유,medium,,
콜라겐(우피),1,콜라겐,medium,,
유청단백농축액(농축물)분말(농축유청단백)(유청단백농축 99%,1,,uncertain,,
레시틴 1%),1,,uncertain,,
비타민E호합제제,1,비타민 E,medium,,
"7종 혼합유산균(생균으로 42,700,000,000개/g 이상 - 락토바실루스아시도필루스유산균 3.11%",1,IGNORE,skip,,
락토바실루스람노수스유산균13.9%,1,유산균,medium,,
락토바실루스플란타룸유산균 30.2%,1,유산균,medium,,
스트렙토코쿠스써모필루스유,1,,uncertain,,
탄산칼륨(무수),1,칼륨,medium,,
D-알파-토코페릴초산염 혼합제제,1,,uncertain,,
아세로라추출물(추출액)분말(분말 추출물)(아세로라추출물분말70,1,,uncertain,,
DL-알파토코페롤1.5%),1,비타민 E,medium,,
수크로오스38%,1,,uncertain,,
정제가공유지7.5%,1,,uncertain,,
DL-알파토코페롤0.2%),1,비타민 E,medium,,
7종 혼합유산균(Lactobacillus acidophilus,1,IGNORE,skip,,
"Lactococcus lactis의 생균으로 42,700,000,000개/g 이상 함유)",1,프로바이오틱스,high,,
비타민 E 혼합제제(디엘알파토코페릴아세테이트 50,1,비타민 E,medium,,
레시틴,1,,uncertain,,
과립)( 추출물 70%,1,,uncertain,,
프로폴리스추출물분말[브라질산(프로폴리스추출물분말85%,1,프로폴리스,medium,,
말토덱스트린15%],1,,uncertain,,
패각)추출물(추출액)분말(분말 추출물),1,,uncertain,,
다래추출물(퀸산 1.7%,1,,uncertain,,
구연산 2.35%),1,,uncertain,,
와일드망고 종자추출물,1,,uncertain,,
호화쌀가루,1,,uncertain,,
혼합제제베타카로틴,1,비타민 A,medium,,
토날린 공액리놀레산 FFA(공액리놀레산 99.9%,1,,uncertain,,
Tocopherol 0.1%,1,,uncertain,,
홍화씨분말,1,,uncertain,,
리포젠공액리놀레산(유리지방산),1,,uncertain,,
가르시니아캄보지아추출물분말[총(-)-HCA60%이상],1,가르시니아,medium,,
파라다이스넛(견과)추출물(추출액)분말(파라다이스넛추출물80%,1,,uncertain,,
가르시니아캄보지아 추출물(가르시니아캄보지아 껍칠추출물 60%),1,가르시니아,medium,,
오메가3 지방산 함유 유지(EPA/DHA 의 합 70%),1,오메가-3,medium,,
바나바잎추출물(바나바잎추출물 100%),1,바나바잎,medium,,
HK표고버섯균사체(표고버섯 균사체 100%),1,,uncertain,,
PME88 메론추출물(0.8IU/mg 이상),1,,uncertain,,
건조효모(셀렌 함량 0.1%),1,,uncertain,,
산화아연(아연 함량 80%),1,아연,medium,,
액상 다래추출물,1,,uncertain,,
파라다이스넛(견과)추출물(추출액)분말(분말 추출물),1,,uncertain,,
나토균배양분말(기능성원료 인정 제2013-6호),1,,uncertain,,
파라다이스넛추출물(추출액)분말(분말 추출물)(파라다이스넛추출물분말 20,1,,uncertain,,
말토덱스트린 80),1,,uncertain,,
패각분말(소성),1,,uncertain,,
정제가공유지 7.5,1,,uncertain,,
아라비아검 90,1,,uncertain,,
수크로오스 5),1,,uncertain,,
패각분말(굴,1,,uncertain,,
소성),1,,uncertain,,
대두이소플라본(Daidzein,1,이소플라본,medium,,
Genistein,1,,uncertain,,
Glycitein의 합으로서 225 mg/g),1,,uncertain,,
파크랜 크랜베리 분말,1,크랜베리,medium,,
홍삼농축액(농축물)분말(고형분 60%이상),1,홍삼,medium,,
밀크씨슬(카르두스마리아누스)추출물(실리마린 40~60%),1,밀크씨슬,medium,,
난소화성말토덱스트린(식이섬유 85% 이상),1,난소화성 말토덱스트린,medium,,
리프리놀-초록입홍합추출오일,1,,uncertain,,
과립)(Lobacillus acidophilus(1.0 x 10의 9승/g 이상) 10%,1,,uncertain,,
유청분말 15%) 3.76%,1,,uncertain,,
유당 1.03%,1,,uncertain,,
알긴산,1,,uncertain,,
과립)(Bifidobacterium breve(5.0 x 10의 10승/g 이상) 4%,1,프로바이오틱스,high,,
유청분말 15%) 4%),1,,uncertain,,
과립)(Bifidobacterium bifidum(1.0 x 10의 9승/g 이상) 10%,1,프로바이오틱스,high,,
말토덱스트린 76.16%,1,,uncertain,,
유청분말 15%) 4.08%,1,,uncertain,,
소비톨 2.38%,1,,uncertain,,
자당 2.04%,1,,uncertain,,
유당 1,1,,uncertain,,
과립)(Lactobacillus plantarum(1.0 x 10의 9승/g 이상) 10%,1,프로바이오틱스,high,,
말토덱스트린 85.07%,1,,uncertain,,
옥수수전분 2.19%,1,,uncertain,,
유청분말 15%) 1.46%,1,,uncertain,,
자당 0.61%,1,,uncertain,,
유당 0.55%,1,,uncertain,,
과립)(Lactobacillus rhamnosus(1.0 x 10의 9승/g 이상) 10%,1,프로바이오틱스,high,,
유청분말 15%) 3.4%,1,,uncertain,,
알긴산나트륨,1,,uncertain,,
대두유 32.9%),1,,uncertain,,
체장메기,1,,uncertain,,
과립)(프로폴리스추출물분말90%,1,프로폴리스,medium,,
말토덱스트린10% /  합계 : 100%),1,,uncertain,,
생선콜라겐,1,콜라겐,medium,,
해바라기씨앗분말,1,,uncertain,,
바나바주정추출물 (제2005-3호,1,,uncertain,,
코로소린산함량 1.0%),1,,uncertain,,
귀리(귀리식이섬유,1,식이섬유,medium,,
20%이상),1,IGNORE,skip,,
달맞이꽃종자 추출물,1,,uncertain,,
바나바잎추출물(코로소린산 1.0~1.3%),1,바나바잎,medium,,
인삼농축액(진세노사이드 Rg1과 Rb1의 합 4mg/g),1,인삼,medium,,
홍삼농축액(진세노사이드 Rg1과 Rb1의 합 4mg/g)(홍삼근70%,1,홍삼,medium,,
L-글루타민,1,,uncertain,,
클로렐라(기능성원료인정제2014-60호),1,,uncertain,,
클로렐라 원말,1,,uncertain,,
코엔자임Q10제품,1,코엔자임 Q10,medium,,
조류 DHA 유지(Oil)(DHA 40% 이상,1,,uncertain,,
조류DHA유지 99.49%,1,,uncertain,,
D-α-토코페롤추출물유지 0.5%,1,비타민 E,medium,,
아스코르빌파르미테이트분말 0.01%),1,,uncertain,,
과립)(카로틴10,1,,uncertain,,
젤라틴49,1,,uncertain,,
올리브유23,1,,uncertain,,
자당12,1,,uncertain,,
아스코르빌팔미테이트4.6,1,,uncertain,,
D-토코페롤(혼합형)1,1,비타민 E,medium,,
이산화규소0.1),1,,uncertain,,
DL-알파토코페롤(비타민E)1.5),1,비타민 E,medium,,
DL-알파토코페롤(비타민E)0.2),1,비타민 E,medium,,
헛개나무과병추출물(기능성원료 인정 제2014-1호),1,헛개나무,medium,,
옥타코사놀분말(미강100%),1,,uncertain,,
Lactobacillus bulgaricus건조분말,1,프로바이오틱스,high,,
과립)(200:1),1,,uncertain,,
파라다이스넛,1,,uncertain,,
비타민 혼합제제(멀티비타민믹스(비타민C 65.1363%,1,비타민 C,medium,,
혼합제제비타민E 13%,1,비타민 E,medium,,
분말비타민A 4.75%,1,비타민 A,medium,,
혼합제제비타민D3 1.3%,1,비타민 D,medium,,
비타,1,,uncertain,,
기타가공식품(멀티미네랄믹스[해조분말(칼슘32%)72.806%,1,칼슘,medium,,
수산화마그네슘(마그네슘40%)20.022%,1,마그네슘,medium,,
젖산철2.874%,1,,uncertain,,
크롬함유효모1.82%,1,크롬,medium,,
셀렌함유효모1.82%,1,,uncertain,,
산화아연0.553%,1,아연,medium,,
황산망간0.096%,1,망간,medium,,
요오드칼륨0.009%]),1,요오드,medium,,
젖산철분말(가루,1,철분,medium,,
덖음귤피추출분말(JRC)(제2025-23호),1,,uncertain,,
산호분말(칼슘),1,칼슘,medium,,
Lactobacillus casei(1.0x10^9/g),1,프로바이오틱스,high,,
Bifidobacterium animalis spp. lactis(3.0x10^10),1,프로바이오틱스,high,,
Lactobacillus plantarum(1.0x10^11),1,프로바이오틱스,high,,
Bifidobacterium longum(1.0x10^9/g),1,프로바이오틱스,high,,
Bifidobacterium breve(1.0x10^9/g),1,프로바이오틱스,high,,
아카시아 검 38%,1,,uncertain,,
옥수수전분16.05% 계100% ),1,,uncertain,,
칼슘(해조),1,칼슘,medium,,
산화아연(아연으로서 80.0%),1,아연,medium,,
돌외잎주정추출분말(잎(엽))(돌외잎주정추출물 90%,1,,uncertain,,
덱스트린 10%),1,,uncertain,,
마늘동결분말,1,마늘,medium,,
건조마늘,1,마늘,medium,,
마늘(분말),1,마늘,medium,,
마늘동결건조,1,마늘,medium,,
분말비타민 A(말토덱스트린 47%. 옥수수전분 20%,1,비타민 A,medium,,
아라비안검 20%,1,,uncertain,,
원료삼 배합비율 : 인삼근류 70%,1,인삼,medium,,
원료삼배합비율 : 인삼근류 70%,1,인삼,medium,,
홍삼발효 농축액(진세노사이드 Rg1과 Rb1 및 Rg3의 합 5mg/g,1,홍삼,medium,,
동충하초 주정추출물(기능성원료인정제2013-16호),1,,uncertain,,
홍삼추출물(추출액)분말(분말 추출물),1,홍삼,medium,,
"비피도박테리움 인판티스 비피더스균{BIFIDOBACTERIUM INFANTIS의 생균으로 150,000,000,000개/g이상",1,프로바이오틱스,high,,
"비피도박테리움 비피둠 비피더스균{BIFIDOBACTERIUM BIFIDUM의 생균으로 150,000,000,000개/g 이상",1,프로바이오틱스,high,,
"비피도박테리움 브레브 비피더스균{BIFIDOBACTERIUM BREVE의 생균으로 150,000,000,000개/g 이상",1,프로바이오틱스,high,,
"비피도박테리움 롱굼 비피더스균{BIFIDOBACTERIUM LONGUM의 생균으로 150,000,000,000개/g 이상",1,프로바이오틱스,high,,
"비피도박테리움 락티스 비피더스균{BIFIDOBACTERIUM LACTIS의 생균으로 150,000,000,000개/g 이상",1,프로바이오틱스,high,,
"락토바실루스 파라카제이 유산균{LACTOBACILLUS PARACASEI의 생균으로 150,000,000,000개/g 이상",1,프로바이오틱스,high,,
"락토바실루스 람노수스 유산균{LACTOBACILLUS RHAMNOSUS의 생균으로 150,000,000,000개/g 이상",1,프로바이오틱스,high,,
"스트렙토코쿠스 써모필루스 유산균{STREPTOCOCCUS THERMOPHILUS의 생균으로 150,000,000,000개/g 이상",1,프로바이오틱스,high,,
"락토바실루스 플란타룸 유산균{LACTOBACILLUS PLANTARUM의 생균으로 150,000,000,000개/g 이상",1,프로바이오틱스,high,,
"락토바실루스 플란타룸 유산균{LACTOBACILLUS  PLANTARUM의 생균으로 100,000,000,000개/g 이상",1,프로바이오틱스,high,,
"락토바실루스 아시도필루스 유산균{LACTOBACILLUS ACIDOPHILUS의 생균으로 100,000,000,000개/g 
이상",1,프로바이오틱스,high,,
귀리,1,,uncertain,,
식물스테롤 에스테르,1,,uncertain,,
디메틸설폰(msm),1,MSM,medium,,
정제어유(DHA+EPA 35%이상),1,오메가-3,medium,,
코엔자임 Q10(코엔자임Q10함량 98%이상),1,코엔자임 Q10,medium,,
과립)(프로폴리스추출물70%,1,프로폴리스,medium,,
콜레우스 포스콜리 추출물 Forslean,1,,uncertain,,
구아바잎추출물(Guavarin),1,,uncertain,,
씨제이히비스커스등복합추출물{키토산 25.9%,1,,uncertain,,
"키토올리고당(평균분자량15,000±5,000) 13.0%",1,,uncertain,,
히비스커스 꽃 물 추출물 (히비스커스 꽃 물 추출물80%,1,,uncertain,,
말토덱스트린20%) 41.6%,1,,uncertain,,
L-카르니틴 19.5%},1,,uncertain,,
토마토추출물(제2008-51호),1,,uncertain,,
유성비타민A지방산에스테르(비타민A팔미트산염 55.5%,1,비타민 A,medium,,
가공유지 43.5%,1,,uncertain,,
토마토추출물((all-trans)-lycopene 5%이상),1,,uncertain,,
로즈힙분말(Hyperoside 0.07mg/g 이상),1,,uncertain,,
비타민 A 혼합제제(레티닐아세트산염(비타민A84.8%)11.5%,1,비타민 A,medium,,
DL-알파토코페롤(비타민E50%)1.5%,1,비타민 E,medium,,
옥수수전분20%  계:100%),1,,uncertain,,
비타민 E 혼합제제(D-알파 토코페릴아세테이트 50%(비타민E 45.5%),1,비타민 E,medium,,
이산화규소 1% ),1,,uncertain,,
하프물범유(EPA와 DHA의 합으로 120mg/g),1,,uncertain,,
정제어유(EPA와 DHA의 합으로  250mg/g),1,오메가-3,medium,,
피로인산제이철(혼합(피로인산제이철80,1,철분,medium,,
식물경화유20)),1,,uncertain,,
비타민 E 혼합제제(DL-a-토코페릴아세테이트50,1,비타민 E,medium,,
비타민E(DL-알파토코페롤)1.5),1,비타민 E,medium,,
비타민E(DL-알파토코페롤)0.2),1,비타민 E,medium,,
아라비아검90,1,,uncertain,,
수크로오스5),1,,uncertain,,
콩기름(대두유),1,,uncertain,,
어패류 단백(고시형),1,,uncertain,,
핑거루트추출분말(판두라틴),1,,uncertain,,
라임과피추출물,1,,uncertain,,
Latilactobacillus sakei LB-P12 프로바이오틱스(제2025-55호),1,프로바이오틱스,high,,
"혼합제제비타민E분말
(비타민E초산에스테르50%",1,비타민 E,medium,,
글루코사민염산염(글루코사민염산염98%이상),1,글루코사민,medium,,
글루코사민염산염(글루코사민염산염으로서 98%함유),1,글루코사민,medium,,
혼합제제비타민E분말(비타민E초산 에스테르 50%,1,비타민 E,medium,,
클로렐라원말(조단백질50%이상함유,1,단백질,medium,,
엽록소1000mg/100g 이상함유,1,,uncertain,,
철10mg/100g이상함유,1,,uncertain,,
비타민B2 2mg/100g이상함유),1,비타민 B2,medium,,
키토산(글루코사민으로서80%이상,1,글루코사민,medium,,
젖산철(철로서18%함유),1,,uncertain,,
푸마르산제일철(철로서32%함유),1,철분,medium,,
홍삼추출물(추출액)분말(분말 추출물)(진세노사이드Rb1,1,홍삼,medium,,
Rg1및Rg3의합 12mg/g),1,,uncertain,,
패각분말(칼슘 35% 이상),1,칼슘,medium,,
호프추출물(alpha acids와 iso-alpha acids의 합 30%),1,,uncertain,,
"과립)(Lactobacillus acidophilus AD031 (1g당 40,000,000,000개 이상) 40%",1,프로바이오틱스,high,,
"과립)(Enterococcus faecium BH06 (1g당 40,000,000,000개 이상) 40%",1,프로바이오틱스,high,,
"과립)(Bifidobacterium bifidum BGN4 (1g당 40,000,000,000개 이상) 40%",1,프로바이오틱스,high,,
"락토바시루스 람노수스 유산균{LACTOBACILLUS RHAMNOSUS의 생균으로 100,000,000,000개/g 이상",1,프로바이오틱스,high,,
과립)((12종)Lactobacillus acidophilus (1.0×10의 10승 cfu/g 이상) 1%,1,프로바이오틱스,high,,
Lactobacillus plantarum (1.0×10의 10승 cfu/g 이상) 1%,1,프로바이오틱스,high,,
Lactobacillus casei (1.0×10의 10승 cfu/g 이상) 1%,1,프로바이오틱스,high,,
Lactobacillus rhamnosus (1,1,프로바이오틱스,high,,
Lactobacillus gasseri(8.0 X 10^10cfu/g 이상 원료 사용),1,프로바이오틱스,high,,
"Lactobacillus rhamnosus(200,000,000,000cfu/g",1,프로바이오틱스,high,,
Lactobacillus reuteri분말,1,프로바이오틱스,high,,
"Lactobacillus bulgaricus(50,000,000,000 cfu/g",1,프로바이오틱스,high,,
Lactobacillus sakei,1,프로바이오틱스,high,,
"L.Sakei Probio 65동결분말(100,000,000,000 cfu/g 이상",1,,uncertain,,
희석제(프락토올리고당) 적량),1,프리바이오틱스,medium,,
"Lactobacillus salivarius(300,000,000,000cfu/g",1,프로바이오틱스,high,,
"Lactobacillus acidophilus(200,000,000,000 cfu/g",1,프로바이오틱스,high,,
"Lactobacillus casei(300,000,000,000cfu/g",1,프로바이오틱스,high,,
전분가공품,1,,uncertain,,
"프로바이오틱스동결분말(Lactobacillus plantarum 생균으로 200,000,000,000 CFU/g 이상",1,프로바이오틱스,high,,
희석제(결정셀룰로오스) 적량),1,,uncertain,,
"Lactobacillus plantarum(400,000,000,000cfu/g",1,프로바이오틱스,high,,
"락토바실루스 델브루에키 불가리쿠스유산균{Lactobacillus delbrueckii ssp. bulgaricus의생균으로10,000,000,000개/g이상",1,프로바이오틱스,high,,
희석제(옥수수전분)적량},1,,uncertain,,
락토바실루스 아시도필루스 (Lactobacillus acidophilus) 유산균,1,프로바이오틱스,high,,
"과립)(생균으로 330,000,000,000개/g 이상",1,,uncertain,,
락토바실루스 플란타룸 유산균,1,유산균,medium,,
Bifidobacterium animalis spp. lactis(비피도박테리움 락티스,1,프로바이오틱스,high,,
3 ×10^10 CFU/g)(비피도박테리움 락티스 BB-12 4.6%,1,IGNORE,skip,,
Lactobacillus casei(락토바실러스 카제이,1,프로바이오틱스,high,,
1 × 10^11 CFU/g)(락토바실러스 카제이 19%,1,IGNORE,skip,,
말토덱스트린 81%),1,,uncertain,,
"Lactobacillus plantarum(200,000,000,000마리이상/g",1,프로바이오틱스,high,,
희석제(결정셀룰로오스)적량),1,,uncertain,,
유단백가수분해물(락티움_αs1-casein 2.1%이상),1,유단백가수분해물,medium,,
Lactobacillus rhamnosus(1.0x10^10 cfu/g 원료사용),1,프로바이오틱스,high,,
비타민C(비타민C 100%),1,비타민 C,medium,,
L-아스코르빈산나트륨(비타민C88.9%),1,비타민 C,medium,,
들기름(들깨기름),1,,uncertain,,
부아메라오일,1,,uncertain,,
홍국분말(모나콜린-K 함량 0.065%),1,홍국,medium,,
폴리덱스트로스(식이섬유 90%함유),1,식이섬유,medium,,
홍삼농축액(진세노사이드 Rg1과 Rb1 및 Rg3의 합0.5%),1,홍삼,medium,,
황산제일철,1,철분,high,,
프락토올리고당분말(프락토올리고당90%이상),1,프리바이오틱스,medium,,
디엘-알파-토코페릴초산염,1,,uncertain,,
액상프락토올리고당(고형분기준 55%),1,프리바이오틱스,medium,,
대두 레시틴,1,,uncertain,,
발효홍삼분말,1,홍삼,medium,,
Enterococcus faecalis동결건조,1,프로바이오틱스,high,,
Bifidobacterium animalis spp. lactis동결건조,1,프로바이오틱스,high,,
Lactobacillus salivarius동결건조,1,프로바이오틱스,high,,
비타민 E(DL-알파토코페릴초산염 50%,1,비타민 E,medium,,
비타민 D3 혼합제제(비타민D로서 2.5 mg/g,1,비타민 D,medium,,
중쇄사슬오일 7.5%,1,,uncertain,,
DL-알파 토코페롤 1.5%),1,비타민 E,medium,,
PMO 정어리정제어유(DHA 12%,1,오메가-3,medium,,
EPA 28% 함유)(기능성원료 인정 제2007-3호),1,,uncertain,,
비타민B12분말 0.1%),1,비타민 B12,medium,,
진세노사이드 Rg1과 Rb1 및 Rg3의 합 8mg/g이상),1,,uncertain,,
루테인(마리골드추출물20%,1,루테인,medium,,
해바라기씨오일80%),1,,uncertain,,
베타카로틴용액(액),1,비타민 A,medium,,
마키베리추출물(제2025-8호),1,,uncertain,,
가리비조개분,1,,uncertain,,
로즈힙분말(Hyperoside 0.1㎎/g),1,,uncertain,,
구아바잎추출물(잎(엽))분말(가루,1,,uncertain,,
귀리추출물(추출액)분말(분말 추출물),1,,uncertain,,
피리독신염산염분말(가루,1,비타민 B6,medium,,
옥타코사놀혼합물분말(가루,1,,uncertain,,
홍삼팽화농축액(팽화발효홍삼농축액),1,홍삼,medium,,
올리브유 64.53%,1,,uncertain,,
d-a-토코페롤 3.22%),1,비타민 E,medium,,
초록입홍합추출오일복합물{건강기능식품기능성원료인정제2005-7호,1,,uncertain,,
EPA/DHA/DPA/알파-LINOLENIC ACID 80.6MG/G이상,1,,uncertain,,
비타민E(D-알파-토코페롤)3.22%},1,비타민 E,medium,,
프로바이오틱스(I)(Lactobacillus reuteri 1×10^10CFU/g이상,1,프로바이오틱스,high,,
Lactobacillus reuteri  10%,1,프로바이오틱스,high,,
무수결정포도당 80%,1,,uncertain,,
유청분말 15%) 3.7%,1,,uncertain,,
자당 1.1%,1,,uncertain,,
유당(유당95%,1,,uncertain,,
덱스트린 5%,1,,uncertain,,
프로바이오틱스(II)(Bifidobacterium animalis ssp,1,프로바이오틱스,high,,
lactis BB-12 3.0x10^10 CFU/g,1,,uncertain,,
비피도박테리움 락티스 BB-12 4.6%,1,,uncertain,,
프로바이오틱스(III)(Lactobacillus rhmnosus  2×10^11CFU/g이상 30%,1,프로바이오틱스,high,,
Bifidobacterium longum spp. infantis 1×10^11CFU/g이상  30%,1,프로바이오틱스,high,,
Lactobacillus ruteri 1×10^11CFU/g이상 10%,1,프로바이오틱스,high,,
과립)(L.reuteri LRT 동결건조물,1,,uncertain,,
희석제(말토덱스트린)),1,,uncertain,,
두나리엘라추출물분말(말토덱스트린37,1,,uncertain,,
아라비아검33,1,,uncertain,,
자당18,1,,uncertain,,
올리브유7,1,,uncertain,,
정제수2.3,1,,uncertain,,
베타카로틴1,1,비타민 A,medium,,
비타민C0.6,1,비타민 C,medium,,
아스코르빌파르미테이트0.3,1,,uncertain,,
비타민E0.3,1,비타민 E,medium,,
구연산0.3,1,,uncertain,,
이산화규소0.2),1,,uncertain,,
루테인복합물,1,루테인,medium,,
DL-알파토코페롤 1.0%),1,비타민 E,medium,,
루테인(마리골드꽃 헥산추출물20%,1,루테인,medium,,
올리브유80%),1,,uncertain,,
레티닐팔미트산염혼합제제 (레티닐팔미트산염55.5%,1,,uncertain,,
D-알파-토코페롤혼합제제(D-알파-토코페롤 72%,1,비타민 E,medium,,
대두유 28%),1,,uncertain,,
루테인(마리골드꽃추출물25%,1,루테인,medium,,
올리브유75%),1,,uncertain,,
니코틴산아미드(나이아신함량 99.0%),1,나이아신,medium,,
비타민E(비타민E함량 67%,1,비타민 E,medium,,
산화아연(아연함량 80.0%),1,아연,medium,,
글루콘산동(구리함량 14.0%),1,구리,medium,,
황산망간(망간함량 32.0%),1,망간,medium,,
비타민A유(비타민A함량 30%),1,비타민 A,medium,,
Lactobacillus복합물HY7601+KY1032(기능성원료인정제2019-4호),1,프로바이오틱스,high,,
파라다이스넛추출물분말(셀렌 0.095%,1,,uncertain,,
파라다이스넛추출고형분20.0%,1,,uncertain,,
말토덱스트린80.0%),1,,uncertain,,
산화아연(아연 80.0%),1,아연,medium,,
루테인분말(가루,1,루테인,medium,,
폴리코사놀-사탕수수왁스알코올,1,폴리코사놀,medium,,
비타민B6 염산염,1,비타민 B6,high,,
Lactobacillus salivarius분말(가루,1,프로바이오틱스,high,,
"과립)((DDS-1)300,000,000,000cfu)",1,,uncertain,,
"과립)(350,000,000,000cfu)",1,,uncertain,,
"Lactobacillus helveticus(50,000,000,000cfu)",1,프로바이오틱스,high,,
"Lactobacillus salivarius(500,000,000,000cfu)",1,프로바이오틱스,high,,
"과립)(300,000,000,000cfu)",1,,uncertain,,
"과립)(400,000,000,000cfu)",1,,uncertain,,
"과립)(200,000,000,000cfu)",1,,uncertain,,
"Bifidobacterium bifidum(100,000,000,000cfu)",1,프로바이오틱스,high,,
"과립)(250,000,000,000cfu)",1,,uncertain,,
"마그나스표고균사체추출물분말
(제2009-3호)",1,,uncertain,,
헛개나무과병추출분말(제2008-55호),1,헛개나무,medium,,
HK표고버섯균사체분말(가루,1,,uncertain,,
과립)(가르시니아캄보지아껍질추출물분말 60%),1,가르시니아,medium,,
달맞이꽃종자유유지(Oil),1,,uncertain,,
연어코연골추출물(제2025-42호),1,,uncertain,,
동충하초 발효 추출물(기능성원료인정제2011-16호),1,,uncertain,,
몰리브덴산나트륨,1,,uncertain,,
셀레늄(셀렌함유효모),1,셀레늄,medium,,
정어리펩타이드(기능성원료인정제2004-1호),1,,uncertain,,
"락토바실루스 카제이 유산균{LACTOBACILLUS PLANTARUM의 생균으로 100,000,000,000개/g 이상",1,프로바이오틱스,high,,
해바라기씨앗,1,,uncertain,,
혼합유산균분말(L.ACIDOPHILUS,1,유산균,medium,,
S.THERMOPHILUS,1,,uncertain,,
"B.LONGUM 1X1,000,000,000)",1,,uncertain,,
글루코사민염산염분말(글루코사민100%이상함유),1,글루코사민,medium,,
N-아세틸글루코사민분말(가루,1,글루코사민,medium,,
과립)(N-아세틸글루코사민 : 99%),1,글루코사민,medium,,
정제어유(EPA와 DHA의 합으로  25%),1,오메가-3,medium,,
비타민E[(D-알파토코페롤(비타민E-67%)],1,비타민 E,medium,,
키토올리고당분말(키토올리고당함량80%함유),1,,uncertain,,
산화마그네슘(분말),1,마그네슘,medium,,
비타민 E(D-α-Tocopherol,1,비타민 E,medium,,
비타민 B6(피리독신염산염,1,비타민 B6,medium,,
비타민 B1(비타민 B1염산염,1,비타민 B1,medium,,
비타민 B12(비타민 B12(Cyanocobalamin),1,비타민 B12,medium,,
우유단백가수분해물분말,1,유단백가수분해물,medium,,
마그네슘,1,마그네슘,high,,
피로인산제이철 (Fe 8%이상),1,철분,medium,,
DL-ALPHA 토코페릴 아세테이트,1,,uncertain,,
유청칼슘(칼슘 25%이상),1,칼슘,medium,,
인삼뿌리분말,1,인삼,medium,,
매실,1,,uncertain,,
매실추출물,1,,uncertain,,
사과시럽,1,,uncertain,,
과립)(비타민E로서 16.7%),1,비타민 E,medium,,
난황레시틴(인지질 36％ 이상,1,,uncertain,,
인지질중 포스파티콜린60.0%,1,,uncertain,,
콜레스테롤 1.0%이하),1,,uncertain,,
HK표고버섯균사체추출물(추출액)분말(분말 추출물),1,,uncertain,,
호로파종자추출물(기능성원료인정제2019-15호),1,,uncertain,,
DL-α-토코페릴아세테이트(DL-알파토코페릴초산염),1,,uncertain,,
비타민 E 혼합(Dry Vitamin E 50% CWS/S [비타민E함량 25% (DL-알파-토코페릴초산염 50%,1,비타민 E,medium,,
이산화규소 1%)]),1,,uncertain,,
비타민 D3 혼합제제(비타민 D3 혼합제제(((비타민D3 0.25%,1,비타민 D,medium,,
자당(설탕)38%,1,,uncertain,,
이산화규소0.5%)))),1,,uncertain,,
DL-α-토코페릴아세테이트(혼합제제),1,,uncertain,,
비타민E     분말(DL-알파-토코페릴초산염,1,비타민 E,medium,,
비타민E로서 37%),1,비타민 E,medium,,
D-알파-토코페릴초산염 혼합제제(DL-알파-토코페릴초산염 50%,1,,uncertain,,
비타민E혼합제제(DL-알파 토코페릴 초산염 50%),1,비타민 E,medium,,
겨자씨추출분말,1,,uncertain,,
칼슘-PGA(BLS),1,칼슘,medium,,
비타민 A 혼합제제(비타민A초산염 11.5%,1,비타민 A,medium,,
"비타민A(비타민A 97.5mg/g
)",1,비타민 A,medium,,
비타민B2(100%),1,비타민 B2,medium,,
요오드칼륨(요오드 76%),1,요오드,medium,,
비타민 D3 혼합제제((비타민D 0.25% 함유),1,비타민 D,medium,,
자당 36%,1,,uncertain,,
옥수수전분 27%,1,,uncertain,,
아라비아검 22%,1,,uncertain,,
코코넛유 10.6975%,1,,uncertain,,
정제수 3.5%,1,,uncertain,,
비타민D3유 0.275%,1,비타민 D,medium,,
DL-α-토코페롤 0.0275%),1,비타민 E,medium,,
비타민 K 혼합제제 ((비타민K1 5% 함유),1,비타민 K,medium,,
비타민K 5%,1,비타민 K,medium,,
자당 5%),1,,uncertain,,
과립)((비타민A 5% 함유),1,비타민 A,medium,,
젤라틴 50%,1,,uncertain,,
자당 14.7%,1,,uncertain,,
베타카로틴 10.05%,1,비타민 A,medium,,
D-α-토코페롤 1.8%),1,비타민 E,medium,,
황산동(구리 25%),1,구리,medium,,
탄산칼슘(칼슘 40%),1,칼슘,medium,,
산화마그네슘(마그네슘 60%),1,마그네슘,medium,,
비타민 E 혼합제제((비타민E 16.75% 함유),1,비타민 E,medium,,
DL-알파-토코페릴초산염 50%,1,,uncertain,,
황산망간(망간 36%),1,망간,medium,,
건조효모(크롬 0.2% 이상),1,크롬,medium,,
베타카로틴혼합제제(조류),1,비타민 A,medium,,
과립)(몰리브덴함유),1,,uncertain,,
L-아스코르빈산 나트륨(비타민C 89%),1,비타민 C,medium,,
비타민B6(비타민B6 82%),1,비타민 B6,medium,,
니코틴산아미드(나이아신 99%),1,나이아신,medium,,
니코틴산아미드(결정성분말),1,나이아신,medium,,
황산망간(분말),1,망간,medium,,
판토텐산칼슘(분말),1,칼슘,medium,,
푸마르산제일철(분말),1,철분,medium,,
건조효모((분말)Saccharomyces cerevisiae 100%),1,프로바이오틱스,high,,
건조효모(셀렌 0.1% 함유),1,,uncertain,,
건조효모(Cr 0.2%),1,,uncertain,,
DL-알파-토코페롤0.2%,1,비타민 E,medium,,
비타민A (9.75%),1,비타민 A,medium,,
비타민D3 (0.25%),1,비타민 D,medium,,
인디언구스베리,1,,uncertain,,
아세로라추출물분말,1,,uncertain,,
비타민 E 혼합제제((분말)(DL-알파-토코페릴초산염 50%,1,비타민 E,medium,,
"이산화규소 1%)
)",1,,uncertain,,
비타민 D3(결정),1,비타민 D,medium,,
비타민 B12 혼합제제((분말)비타민B12 0.1%,1,비타민 B12,medium,,
비오틴(결정성분말),1,비오틴,medium,,
혼합 제제비타민D3분말(비타민D3 0.25%,1,비타민 D,medium,,
유당 96.6,1,,uncertain,,
비타민E(DL- 알파-토코페롤초산염 50%이상),1,비타민 E,medium,,
엽산(엽산-91%),1,,uncertain,,
판토텐산칼슘(판토텐산-91.59%),1,칼슘,medium,,
혼합제재비타민E분말(비타민E-50%),1,비타민 E,medium,,
비타민B1염산염(비타민 B1 88%),1,비타민 B1,medium,,
니코틴산아미드(니코틴산아미드100%),1,나이아신,medium,,
비타민B2(Rivoflavin100%),1,비타민 B2,medium,,
비타민B2(리보플라빈100%),1,비타민 B2,medium,,
피리독신염산염(비타민B6으로서 82.27%),1,비타민 B6,medium,,
비타민E분말(비타민E로서 37%),1,비타민 E,medium,,
니코틴산아미드(니코틴산 아니드 100%),1,나이아신,medium,,
비타민C (비타민C로서 99% 이상),1,비타민 C,medium,,
비타민 혼합분말 (비타민E로서 32.21% 이상 : DL-알파-토코페릴아세테이트 50%,1,비타민 E,medium,,
호박산나트륨전분 24.5%,1,,uncertain,,
비타민 혼합분말 (비타민A로서 10.02% 이상 : 수크로오스 38.5%,1,비타민 A,medium,,
피쉬젤라틴 25.5%,1,,uncertain,,
옥수수전분 21.5%,1,,uncertain,,
비타민A아세테이트 11.5%,1,비타민 A,medium,,
땅콩오일 2%,1,,uncertain,,
니코틴산아미드 (니코틴산아미드로서 97.71% 이상),1,나이아신,medium,,
비타민B6염산염 (비타민B6로서 81.1% 이상),1,비타민 B6,medium,,
비타민B2 (비타민B2로서 98% 이상),1,비타민 B2,medium,,
비타민B1염산염 (비타민B1로서 78.67% 이상),1,비타민 B1,medium,,
엽산 (엽산으로서 98% 이상),1,,uncertain,,
산화아연(아연79%함유),1,아연,medium,,
김치유산균,1,유산균,medium,,
혼합제제비타민D3(비타민D0.25%,1,비타민 D,medium,,
비타민 D3유지(Oil)(비타민D 2.5%),1,비타민 D,medium,,
정제어유(정제어유(EPA+DHA 52% 이상) 99.8%,1,오메가-3,medium,,
비타민E(14% 이상) 0.2%/ 계 100%),1,비타민 E,medium,,
아연(황산아연(아연-22.7%)),1,아연,medium,,
자일리톨(2004-2),1,,uncertain,,
표고버섯균사체 AHCC(2008-78호),1,,uncertain,,
유단백가수분해물(농축유청단백50%,1,유단백가수분해물,medium,,
과립)(말토덱스트린 49.55%,1,,uncertain,,
전분 42.4%,1,,uncertain,,
자당 7.8%,1,,uncertain,,
비타민D3 0.25%),1,비타민 D,medium,,
셀렌분말(파라다이스넛추출분말),1,,uncertain,,
홍삼발효 농축(액) 분말(30),1,홍삼,medium,,
탄산칼슘(비소성),1,칼슘,medium,,
비타민B1질산염혼합제제[비타민B1으로서30.64%:비타민B1질산염33.3%,1,비타민 B1,medium,,
글리세린지방산에스테르66.7%],1,,uncertain,,
비타민B12혼합제제[비타민B12로서0.1%:말토덱스트린95.9%,1,비타민 B12,medium,,
구연산1%],1,,uncertain,,
비타민E혼합제제[비타민E로서33.3%:DL-α토코페릴초산염50%,1,비타민 E,medium,,
덱스트린24.5%,1,,uncertain,,
이산화규소1%],1,,uncertain,,
니코틴산아미드혼합제제[니코틴산아미드로서33.3%:니코틴산아미드33.3%,1,나이아신,medium,,
글리세린지방산에스테르65.7%이산화규소1%],1,,uncertain,,
판토텐산칼슘[판토텐산으로서91%이상],1,칼슘,medium,,
셀렌,1,셀레늄,high,,
비타민B2혼합제제[비타민B2로서33.4%:비타민B2-33.4%,1,비타민 B2,medium,,
옥수수전분10%,1,,uncertain,,
글리세린지방산에스테르56.6%],1,,uncertain,,
비타민B6염산염혼합제제[비타민B6염산염으로서27.3%:비타민B6염산염33.3%글리세린지방산에스테르66.7%],1,비타민 B6,medium,,
"프로바이오틱스(Bifidobacterium animalis spp. Lactis BB-12 3.0 x 100,000,000,000 CFU/g)",1,프로바이오틱스,high,,
탄산칼슘(혼합제제)(탄산칼슘51,1,칼슘,medium,,
비타민 A 혼합제제(레티닐아세테이트11.5,1,비타민 A,medium,,
아라비아검20 DL-알파토코페롤1.5),1,비타민 E,medium,,
칼슘[해조분말(비소성,1,칼슘,medium,,
칼슘-32%이상)],1,칼슘,medium,,
비타민B1염산염(비타민B1으로서 86%),1,비타민 B1,medium,,
비타민B6 염산염(비타민B6로서 80%),1,비타민 B6,medium,,
판토텐산칼슘(판토텐산으로서 90%),1,칼슘,medium,,
포도블루베리추출혼합분말(Memophenol TM)(기능성원료인정제2019-30호),1,,uncertain,,
락추로스분말(제2009-40호),1,,uncertain,,
바나바잎추출물(가루,1,바나바잎,medium,,
정제어유(정제어유 99.8,1,오메가-3,medium,,
토코페롤 0.2),1,비타민 E,medium,,
APIC 대두배아열수추출물 등 복합물(기능성원료인정제2008-6호),1,,uncertain,,
파라다이스넛추출물분말(파라다이스넛추출물분말20%,1,,uncertain,,
아카시아검38.0%,1,,uncertain,,
수크로오스38.0%,1,,uncertain,,
디엘알파토코페롤0.2%),1,비타민 E,medium,,
효모베타글루칸(기능성원료인정제2013-34호),1,베타글루칸,medium,,
프로폴리스추출물분말(총플라보노이드함량 6.5%이상),1,프로폴리스,medium,,
6년근농축액(농축물)((근70%,1,IGNORE,skip,,
미30%)),1,,uncertain,,
치커리,1,,uncertain,,
아마씨앗분말,1,,uncertain,,
목천료추출분말(제2024-10호),1,,uncertain,,
산화마그네슘(마그네슘 59%),1,마그네슘,medium,,
철갑상어,1,,uncertain,,
산화칼슘(고시형),1,칼슘,medium,,
풍화퇴적산호분말 (소성,1,,uncertain,,
칼슘 45%이상),1,칼슘,medium,,
풍화퇴적산호분말(소성,1,,uncertain,,
칼슘45%이상),1,칼슘,medium,,
쌀겨추출물(글루코실세라마이드 60 mg/g),1,,uncertain,,
홍화씨유 20%/ 아스타잔틴 5%),1,,uncertain,,
포도씨 효소분해 추출분말(기능성원료 인정 제2013-9호),1,,uncertain,,
포도씨 효소분해 추출 분말(기능성원료인정제2013-9호),1,,uncertain,,
키토올리고당추출물(추출액)분말(분말 추출물),1,,uncertain,,
미배아발효분말(제2025-66호),1,,uncertain,,
대두이소플라본(배당체(Daidzin,1,이소플라본,medium,,
Genistin,1,,uncertain,,
Glycitin)의 함 33%),1,,uncertain,,
Lactobacillus bulgaricus(II)(락토바실러스불가리쿠스),1,프로바이오틱스,high,,
Lactobacillus bulgaricus(I)(락토바실러스불가리쿠스),1,프로바이오틱스,high,,
"유산균분말[Lactobacillus rhamnosus 200,000,000/g이상]",1,프로바이오틱스,high,,
"유산균분말[Lactobacillus acidophilus 200,000,000/g이상]",1,프로바이오틱스,high,,
"비피더스균분말[Bifidobacterium longum 200,000,000/g이상]",1,프로바이오틱스,high,,
갈색거저리유충,1,,uncertain,,
밀크씨슬(카르두스마리아누스)추출물(실리마린 43~65% 이상),1,밀크씨슬,medium,,
과립)(코로솔산 10mg/g이상),1,,uncertain,,
"유산균 혼합(12종혼합유산균[Lactobacillus rhamnosus(200,000,000,000cfu)8%",1,프로바이오틱스,high,,
"Lactobacillus acidophilus(100,000,000,000cfu)5%",1,프로바이오틱스,high,,
"Lactobacillus casei(200,000,000,000cfu)8.5%",1,프로바이오틱스,high,,
"Lactobacillus fermentum(100,000,000,000cfu)1%",1,프로바이오틱스,high,,
Lactobacillus plantarum(,1,프로바이오틱스,high,,
키토산분말(게),1,,uncertain,,
크롬함유효모,1,크롬,medium,,
"비피도박테리움 롱굼 비피더스균{BIFIDOBACTEIUM LONGUM의 생균으로 50,000,000,000개/g 이상",1,,uncertain,,
바이오게르마늄 효모(제2007-15호),1,,uncertain,,
홍삼농축액(홍삼6년근,1,홍삼,medium,,
홍삼근70%,1,홍삼,medium,,
비타민E 0.2% )(비타민D함량 : 0.25%),1,비타민 E,medium,,
옥타코사놀혼합물,1,,uncertain,,
과립)(혼합유산균 9),1,유산균,medium,,
홍삼발효 농축액(6년근),1,홍삼,medium,,
"과립)(4종유산균[Lactobacillus acidophilus(1.0×10,000,000,000 cfu/g 이상)2.5%",1,프로바이오틱스,high,,
"Lactobacillus rhamnosus(1.0×10,000,000,000 cfu/g이상)2.5%",1,프로바이오틱스,high,,
"Lactobacillus  plantarum(1.0×10,000,000,000 cfu/g 이상 )2.5%",1,프로바이오틱스,high,,
발효생성아미노산 복합물(기능성원료인정제2011-40호),1,,uncertain,,
발효생성아미노산 복합물((L-이소로이신,1,,uncertain,,
L-발린,1,,uncertain,,
L-로이신)),1,,uncertain,,
인삼발효 농축액(고형분함량 60 % 이상,1,인삼,medium,,
진세노사이드 Rg1과 Rb1의 합: 6 ㎎/g,1,,uncertain,,
원료삼배합비율;인삼근류:미삼류= 50:50),1,인삼,medium,,
인삼(발효인삼농축액(진세노사이드 Rg1과 Rb1의 합0.6%),1,인삼,medium,,
발효홍삼액분말37%(진세노사이드  Rg1과 Rb1 및 Rg3의 합 11.8mg/g),1,홍삼,medium,,
홍삼발효 농축액(고형분함량 60 %,1,홍삼,medium,,
원료삼 배합비율: 홍삼근류 60 %,1,홍삼,medium,,
홍미삼류 40 %,1,,uncertain,,
진세노사이드 Rg1과 Rb1의 합 5mg/g),1,,uncertain,,
발효홍삼농축액(진세노사이드Rg1과 Rb1 및 Rg3의 합 5mg/g),1,홍삼,medium,,
유산균발효 홍삼농축액(농축물),1,홍삼,medium,,
홍삼(4년근이상),1,홍삼,medium,,
홍삼농축액(진세노사이드Rg1과 Rb1 및 Rg3의 합=5mg/g),1,홍삼,medium,,
홍삼농축액(농축물)(4년근이상(Rg1,1,홍삼,medium,,
Rg3(s)의 합=6 mg/g)),1,,uncertain,,
홍삼발효 농축액(고형분함량 60 % 이상),1,홍삼,medium,,
Rb1 및 Rg3의합이 0.8%),1,,uncertain,,
홍삼발효 농축액(원료삼 배합비율: 홍삼근류 60%,1,홍삼,medium,,
홍삼농축액(홍삼성분 120mg/g이상,1,홍삼,medium,,
고형분 60%이상)(진세노사이드Rg1과 Rb1 및 Rg3의 합 3.0mg/g),1,,uncertain,,
홍삼발효 농축액(원료삼배합비율: 홍삼근70%,1,홍삼,medium,,
홍미삼30% 고형분65% 이상),1,,uncertain,,
분말비타민A(비타민A로서 9.75%함유),1,비타민 A,medium,,
분말비타민 A(비타민A 9.75%),1,비타민 A,medium,,
레몬밤추출물분말,1,,uncertain,,
배초향·고지베리·무화과복합추출물(제2024-23호),1,,uncertain,,
Dimethylsulfone(MSM)분말(가루,1,MSM,medium,,
과립)(말뼈산야초칼슘),1,칼슘,medium,,
과립)(말뼈산야초추출물),1,,uncertain,,
홍삼농축액 진세노사이드Rg1과Rb1 및 Rg3 합이 (7mg/g)의 80%이상,1,홍삼,medium,,
백삼(고시형),1,,uncertain,,
나토균배양분말(난소화성말토덱스트린(배합비:70%),1,난소화성 말토덱스트린,medium,,
Bacillus subtilis natto (ATCC15245)배양분말(배합비:30%)(배지조성:대두분말 66%,1,,uncertain,,
옥수수전분 30%,1,,uncertain,,
대두유 3%,1,,uncertain,,
탄산칼슘 1%)),1,칼슘,medium,,
콜레우스 포스콜리 추출물(포스콜린 83~125 mg/g),1,,uncertain,,
공액리놀레산(홍화유 99.9%,1,,uncertain,,
비타민 C 혼합분말(가루,1,비타민 C,medium,,
"비피도박테리움 인판티스 비피더스균{BIFIDOBACTERIUM INFANTIS의 생균으로 100,000,000,000개/g  이상",1,프로바이오틱스,high,,
"스트렙토코쿠스 써모필루스 유산균 {STREPTOCOCCUS THERMOPHILUS의 생균으로 100,000,000,000개/ 이상",1,프로바이오틱스,high,,
EPA 및 DHA 함유 유지(조류 EPA 및 DHA함유 유지96.27%,1,오메가-3,medium,,
귀리분말,1,,uncertain,,
렌넷카제인,1,,uncertain,,
계란단백,1,,uncertain,,
아미노산혼합분말,1,,uncertain,,
베타카로틴혼합제제(베타카로틴 10%,1,비타민 A,medium,,
미디움체인트리글리세리드 4%,1,,uncertain,,
비타민E 2%,1,비타민 E,medium,,
보라지 종자유지(Oil)(20%이상),1,,uncertain,,
과립)(프로폴리스70,1,프로폴리스,medium,,
두나리엘라추출물(추출액)(베타카로틴30,1,비타민 A,medium,,
올리브오일70),1,,uncertain,,
패각분말(발효생성유기산칼슘){패각발효생성유기산칼슘95,1,칼슘,medium,,
덱스트린3,1,,uncertain,,
유당혼합분말(유당95,1,,uncertain,,
덱스트린5) 2}),1,,uncertain,,
토코페롤혼합형 0.2%),1,비타민 E,medium,,
D-α-토코페롤(D-α-토코페롤67%,1,비타민 E,medium,,
보리수나무열매추출물(Elaea)(제2025-59호),1,,uncertain,,
맥류약엽엽록소원말(총엽록소 240mg/100g이상),1,,uncertain,,
보스웰리아추출물등 복합물(Flexir)(기능성인정제2021-9호),1,,uncertain,,
글로빈가수분해물,1,,uncertain,,
파크랜크랜베리추출분말(기능성원료인정제2014-34호),1,크랜베리,medium,,
4년근분말(가루,1,IGNORE,skip,,
복분자추출분말분말(가루,1,,uncertain,,
건조효모복합(건조효모3-인테런스),1,,uncertain,,
해조분말(칼슘함량 32%이상),1,칼슘,medium,,
제삼인산칼슘(소성),1,칼슘,medium,,
과립)(소성),1,,uncertain,,
탄산칼슘(혼합제제,1,칼슘,medium,,
탄산칼슘51,1,칼슘,medium,,
글루코사민염산염분말(글루코사민 80%함유),1,글루코사민,medium,,
칼슘35%함유),1,칼슘,medium,,
D-알파-토코페롤 혼합제제(D-알파토코페롤 71.7%,1,비타민 E,medium,,
대두유 28.3%),1,,uncertain,,
히알루론산혼합제제,1,히알루론산,medium,,
과립)([(Lactobacillus plantarum 0.0002%,1,프로바이오틱스,high,,
"옥수수전분82.9998%)10,000,000,000cfu/g] 50%",1,,uncertain,,
Leuconostoc mesenteroides0.0002%,1,,uncertain,,
"옥수수전분82.9998%)100,000,000cfu",1,,uncertain,,
과립)([Lactobacillus plantarum 1%,1,프로바이오틱스,high,,
Lactococcus lactis 1%,1,프로바이오틱스,high,,
Leuconostoc mesenteroides  1%,1,,uncertain,,
Pediococcus Pentosaceus  1%,1,,uncertain,,
탈지,1,,uncertain,,
감마리놀렌산함유유지(기능성원료인정제2014-48호),1,감마리놀렌산,medium,,
석류농축분말,1,,uncertain,,
과립)(원료삼 배합비율: 홍삼근 70%,1,홍삼,medium,,
폴리덱스트로스(식이섬유함량90%이상),1,식이섬유,medium,,
홍삼농축액(농축물)((진세노사이드 RG1+Rb1=4mg/g,1,홍삼,medium,,
고형분 함량 60% 이상)),1,,uncertain,,
비타민A유(비타민A팔미테이트 55.5%,1,비타민 A,medium,,
피너츠오일 43.5%),1,,uncertain,,
프로폴리스추출물추출물(에탄올52%,1,프로폴리스,medium,,
프로폴리스40%,1,프로폴리스,medium,,
정제수8%),1,,uncertain,,
당귀등추출복합물(시클로덱스트린 48%,1,,uncertain,,
참당취추출물 40%,1,,uncertain,,
오미자추출물 5%,1,,uncertain,,
글리세린지방산에스테르 2%),1,,uncertain,,
비타민A혼합제제유(비타민A 팔미테이트 1.7MIU/g 55.5% 땅콩유 43.5% 비타민E 1%),1,비타민 A,medium,,
BT-11원지추출분말(2009-12호,1,,uncertain,,
TMCA 0.055%),1,,uncertain,,
루테인(추출복합물(올리브유 80%,1,루테인,medium,,
루테인 20%)),1,루테인,medium,,
당귀등추출복합물(덱스트린 50%,1,,uncertain,,
참당귀추출물 40%,1,,uncertain,,
오미자추출물 5%),1,,uncertain,,
테아닌(L-테아닌 90%),1,테아닌,medium,,
포스파티딜세린(포스파티딜세린함량40%),1,,uncertain,,
홍삼발효 농축(액) 분말(효소),1,홍삼,medium,,
비타민 E 혼합유지(Oil)(D-알파토코페롤67.1 식물유32.9),1,비타민 E,medium,,
비타민 A 혼합제제유지(Oil)(레티닐 팔미트산염 55.5,1,비타민 A,medium,,
포스파티딜세린(포스파티딜세린 53,1,,uncertain,,
정제가공유지 47),1,,uncertain,,
비타민 E 혼합유지(Oil)(D-알파토코페롤 67.1,1,비타민 E,medium,,
식물유 32.9),1,,uncertain,,
BT-11원지추출분말(TMCA 0.055),1,,uncertain,,
해조분말(칼슘 32%),1,칼슘,medium,,
유청칼슘(밀크칼슘,1,칼슘,medium,,
칼슘24%),1,칼슘,medium,,
아세로라추출물(추출액)분말(분말 추출물)(비타민C 함량 17%),1,비타민 C,medium,,
해조분말(칼슘 32%이상,1,칼슘,medium,,
마그네슘함량 2.2% 이상),1,마그네슘,medium,,
쌀(미강)(마그네슘함량 16%이상),1,마그네슘,medium,,
두나리엘라분말,1,,uncertain,,
비타민 E(D-α-토코페롤 70%,1,비타민 E,medium,,
해바라기유 30%),1,,uncertain,,
락토바실러스 불가리쿠스,1,,uncertain,,
마카 젤라틴화 분말(벤질헥사데칸아미드 145μg/g),1,,uncertain,,
비타민 E 혼합제제(디엘알파토코페릴아세테이트50.0%,1,비타민 E,medium,,
이산화규소1.0%),1,,uncertain,,
미강유(현미유),1,,uncertain,,
패각분말(이온칼슘),1,칼슘,medium,,
자당 16%,1,,uncertain,,
올리브유 8%,1,,uncertain,,
정제수 3.7%,1,,uncertain,,
아스코르빈산팔미테이트 0.5%,1,비타민 C,medium,,
D-α-토코페롤 0.3%,1,비타민 E,medium,,
알로에아보레센스분말(무수바바로인 4%),1,,uncertain,,
L-아스코르빈산나트륨(비타민C-88.9%),1,비타민 C,medium,,
비타민C혼합제제(L-아스코르빈산 94%),1,비타민 C,medium,,
하이드록시프로필메틸셀룰로오스 3%),1,,uncertain,,
파라다이스넛추출분말,1,,uncertain,,
비타민 C 혼합제제분말(가루,1,비타민 C,medium,,
비타민 D3 혼합제제(자당 38%,1,비타민 D,medium,,
비타민C혼합제제(L-아스코르빈산으로서 94%),1,비타민 C,medium,,
-아스코르빈산나트륨(비타민C-88.9%),1,비타민 C,medium,,
비타민 C(아스코르빈산),1,비타민 C,medium,,
비타민E( 비타민E서 67%),1,비타민 E,medium,,
D-α-토코페릴아세테이트(DL-알파-토코페릴 초산염),1,,uncertain,,
D-알파-토코페롤(비타민E로서60%),1,비타민 E,medium,,
식물혼합분말,1,,uncertain,,
분말비타민E(DL-α-토코페릴 초산염50%,1,비타민 E,medium,,
전분24.5%,1,,uncertain,,
이산화규소1%,1,,uncertain,,
분말비타민A(비타민A초산염11.5%,1,비타민 A,medium,,
DL-α-토코페롤1%,1,비타민 E,medium,,
땅콩오일2%,1,,uncertain,,
어류 젤라틴25.5%,1,,uncertain,,
슈크로스38.5%,1,,uncertain,,
옥수수전분21.5%,1,,uncertain,,
비타민C(비타민C 99%이상),1,비타민 C,medium,,
비타민B1(비타민B1염산염100%),1,비타민 B1,medium,,
니코틴산아미드(나이아신함량 99%),1,나이아신,medium,,
비타민C(비타민C함량 100%),1,비타민 C,medium,,
니코틴산아미드 혼합분말,1,나이아신,medium,,
비타민E(D-α토코페롤),1,비타민 E,medium,,
비타민E(D-α-토코페롤,1,비타민 E,medium,,
비타민E 0.67mg α-TE/mg),1,비타민 E,medium,,
혼합제제류,1,,uncertain,,
홍삼농축액분말(진세노사이드 Rg1과 Rb1 및 Rg3의 합 1%),1,홍삼,medium,,
비피더스균분말(Bifidobacterium longum 5×10의9승/g 이상),1,프로바이오틱스,high,,
비피더스균분말(Bifidobacterium breve 1×10의10승 이상),1,프로바이오틱스,high,,
Bifidobacterium animalis spp. lactis,1,프로바이오틱스,high,,
Bifidobacterium animalis ssp. lactis동결건조,1,프로바이오틱스,high,,
비피도박테리움 롱굼 원말,1,,uncertain,,
B. breve IDCC 4401(BBR4401) 열처리배양건조물(기능성원료인정제2021-5호),1,,uncertain,,
"과립)(생균으로 55,000,000,000개/g 이상",1,,uncertain,,
"Bifidobacterium breve(300,000,000,000cfu/g",1,프로바이오틱스,high,,
"Bifidobacterium bifidum(450,000,000,000cfu/g",1,프로바이오틱스,high,,
비피도박테리움 비피둠 생균 원말,1,,uncertain,,
"Bifidobacterium animalis ssp. lactis(500,000,000,000cfu/g",1,프로바이오틱스,high,,
비피도박테리움 인판티스(Bifidobacterium infantis)비피더스균,1,프로바이오틱스,high,,
Bifidobacterium infantis(1.0 X 10^10 cfu/g 이상 원말 사용),1,프로바이오틱스,high,,
가르시니아캄보지아껍질분말,1,가르시니아,medium,,
해초분말,1,,uncertain,,
과립)(우유100%[칼슘 25%이상]),1,칼슘,medium,,
과립)(탄산칼슘100%,1,칼슘,medium,,
[칼슘40%]),1,칼슘,medium,,
유청칼슘(칼슘 25%),1,칼슘,medium,,
홍삼분말(진세노사이드 Rg1과 Rb1 및 Rg3의 합 6mg/g),1,홍삼,medium,,
치커리뿌리추출분말(이눌린식이섬유 80%이상),1,식이섬유,medium,,
산딸기,1,,uncertain,,
왕느릅나무껍질,1,,uncertain,,
치자,1,,uncertain,,
표고버섯균사체 AHCC(α-glucan 280mg/g),1,,uncertain,,
(표고버섯균사체배양물 76.7,1,,uncertain,,
시클로덱스트린 23.3),1,,uncertain,,
삽주추출분말(제2026-8호),1,,uncertain,,
상어연골 ( * 최종제품 : 뮤코다당단백 100%),1,,uncertain,,
상엽추출물(기능성원료인정제2014-14호),1,,uncertain,,
헴철(철함량 1.0%이상),1,,uncertain,,
젖산철(철함량 20.0%이상),1,,uncertain,,
새싹인삼추출분말(제2023-27호),1,인삼,medium,,
산호분말(분말),1,,uncertain,,
블랙엘더베리추출물분말,1,,uncertain,,
과립)(Lactobacillus plantarum 1%,1,프로바이오틱스,high,,
유산균 김치배양물(김치 80.37%,1,유산균,medium,,
식,1,,uncertain,,
Streptococcus thermophilus(스트렙토코커스 써모필러스 3 × 10^10 CFU/g)(스트렙토코커스 써모필러스 TH-4 11%,1,프로바이오틱스,high,,
말토덱스트린 89%),1,,uncertain,,
Lactobacillus rhamnosus(락토바실러스 람노서스 3 × 10^10 CFU/g)(락토바실러스 람노서스 GG 6.4%,1,프로바이오틱스,high,,
말토덱스트린 93.6%),1,,uncertain,,
Bifidobacterium animalis ssp. lactis(비피도박테리움 락티스 3 × 10^10 CFU/g)(비피도박테리움 락티스 BB-12 4.6%,1,프로바이오틱스,high,,
회화나무열매추출물(기능성원료인정제2010-27호),1,회화나무열매추출물,medium,,
Lactobacillus salivarius,1,프로바이오틱스,high,,
과립)(7종알파),1,,uncertain,,
"과립)(50,000,000,000cfu 이상)",1,,uncertain,,
"과립)(25,000,000,000cfu이상)",1,,uncertain,,
과립)(DDS-1,1,,uncertain,,
"300,000,000,000cfu이상)",1,IGNORE,skip,,
"과립)(150,000,000,000cfu이상)",1,,uncertain,,
"과립)(50,000,000,000cfu이상)",1,,uncertain,,
"과립)(40,000,000,000cfu이상)",1,,uncertain,,
7종알파혼합유산균,1,IGNORE,skip,,
비피도박테리움에니멀리스SSP락티스,1,,uncertain,,
셀레늄(효모),1,셀레늄,medium,,
Rain Nutrience DistilPureTM MSM분말(가루,1,MSM,medium,,
혼합제제비타민E분말(비타민E초산에스테르,1,비타민 E,medium,,
생선젤라틴,1,,uncertain,,
덱스트린)분말비타민A(비타민A 9.7%함유) 0.12%,1,비타민 A,medium,,
혼합제제비타민D3【비타민D 0.25%,1,비타민 D,medium,,
비타민E0.001%,1,비타민 E,medium,,
아카시아검0.667%,1,,uncertain,,
제일인산나트륨0.031%,1,,uncertain,,
유당96.667%계100%】,1,,uncertain,,
상어간유(알콕시글리세롤함량 25.0%),1,,uncertain,,
알콕시글리세롤 함유 상어간유유지(Oil),1,,uncertain,,
상어연골추출물분말(뮤코다당·단백질함량 77%이상),1,단백질,medium,,
서목태(쥐눈이콩)펩타이드(기능성원료인정제2010-53호),1,,uncertain,,
스테아린산칼슘(고시형),1,칼슘,medium,,
감마리놀렌산 함유 유지(감마리놀렌산 9%),1,감마리놀렌산,medium,,
과립)(프로바이오틱스 2.5 x 10^10 CFU/g)(Streptococcus thermophilus 22.6%,1,프로바이오틱스,high,,
Lactobacillus.delbrueckii spp. bulgaricus 15.3%,1,프로바이오틱스,high,,
Lactobacillus paracasei 5.6%,1,프로바이오틱스,high,,
Lactobacillus acidophilus 4.7%,1,프로바이오틱스,high,,
Bifidobacterium animalis,1,프로바이오틱스,high,,
인삼농축액분말(인삼성분 12㎎/g이상)(진세노사이드Rg1+Rb1),1,인삼,medium,,
옥타코사놀분말[옥타코사놀(옥타코사놀함량 10.8%이상) 8.5%,1,,uncertain,,
말토덱스트린 91.5%],1,,uncertain,,
홍삼농축액(농축물)분말(진세노사이드Rg1,1,홍삼,medium,,
Rb1 및 Rg3의 합10mg/g이상),1,,uncertain,,
쌀겨추출물(글루코실세라마이드 6%),1,,uncertain,,
글루콘산 아연,1,아연,high,,
클로렐라(분말),1,,uncertain,,
정제어유(유지)유지(Oil),1,오메가-3,medium,,
표고버섯균사체AHCC{제2008-78호,1,,uncertain,,
α-glucan 280mg/g,1,,uncertain,,
(표고버섯균사체배양물 76.7%,1,,uncertain,,
시클로덱스트린 23.3%)},1,,uncertain,,
홍삼추출 농축액(농축추출물)(고형분(1.02%이상),1,홍삼,medium,,
정제수),1,,uncertain,,
파라다이스넛추출물(추출액)분말(분말 추출물)(셀레늄 0.1%),1,셀레늄,medium,,
과채가공품,1,,uncertain,,
저분자유청단백가수분해물(제2023-22호),1,,uncertain,,
파라다이스넛추출물분말 (셀렌함량 0.095%이상,1,,uncertain,,
파라다이스넛추출물분말20%,1,,uncertain,,
비타민 D 혼합제제분말(가루,1,비타민 D,medium,,
파라다이스넛분말(가루,1,,uncertain,,
소나무껍질추출물등복합물[프랑스해안송껍질추출물(2007-3) 2.6557%,1,,uncertain,,
비타민C(L-Ascorbic acid) 53.0966%,1,비타민 C,medium,,
비타민E(D-α-토코페롤) 8.8501%,1,비타민 E,medium,,
달맞이꽃종자유 35.3976%,1,,uncertain,,
분리대두단백(단백질 90% 이상),1,단백질,medium,,
락토바실러스카제이[(Lactobacillus casei 1×10(10)/g 이상) 10%,1,프로바이오틱스,high,,
락토바실러스람노수스[(Lactobacillus rhamnosus 1×10(10)/g 이상) 10%,1,프로바이오틱스,high,,
비피도박테리움롱검[(Bifidobacterium longum 1×10(10)/g 이상 10%,1,프로바이오틱스,high,,
D-소르비톨 0.96%,1,,uncertain,,
가르시니아캄보지아껍질추출분말(총 (-)-HCA 65%이상),1,가르시니아,medium,,
N-아세틸글루코사민(NAG 95%이상),1,글루코사민,medium,,
탄산칼륨(고시형),1,칼륨,medium,,
"상어연골분말
(뮤코다당.단백)",1,,uncertain,,
홍삼농축액(농축물)(고형분 함량 60%,1,홍삼,medium,,
홍삼근:홍미삼=7:3),1,홍삼,medium,,
은행잎추출물((플라보놀배당체240~300mg/g)),1,은행잎,medium,,
과립)(Rosavin으로 22.0~33.0mg/g),1,,uncertain,,
태극삼동결분말(진세노사이드Rg1및Rb1의합 20mg/g:태극근삼 70%,1,,uncertain,,
태극미삼30%)(99%,1,,uncertain,,
진세노사이드Rg1과Rb1ㅡ이합 - 2%)),1,,uncertain,,
유산균복합물(AB-LIFE®)(기능성원료인정제2022-15호),1,유산균,medium,,
헤마토코쿠스 추출물(헤마토코쿠스추출물 94.8%,1,,uncertain,,
올리브유 5%,1,,uncertain,,
로즈마리추출물 0.2%),1,,uncertain,,
클로렐라분말,1,,uncertain,,
루테인추출물(추출액) 유지(oil),1,루테인,medium,,
치커리(뿌리)추출물(추출액)분말(분말 추출물),1,,uncertain,,
피로인산제이철(피로인산제이철 26.6%,1,철분,medium,,
덱스트린 54.7%,1,,uncertain,,
정제소금 7.3%,1,,uncertain,,
효소분해레시틴(대두) 1.3%,1,,uncertain,,
정제수 4.8%),1,,uncertain,,
비타민 B12 혼합제제(비타민B12 0.1,1,비타민 B12,medium,,
덱스트린 95.9,1,,uncertain,,
구연산삼나트륨 3,1,,uncertain,,
구연산 1),1,,uncertain,,
베타카로틴혼합제제(베타카로틴 30,1,비타민 A,medium,,
옥수수유 69.3,1,,uncertain,,
DL-알파토코페롤 0.7),1,비타민 E,medium,,
베타카로틴혼합제제(베타카로틴 30%,1,비타민 A,medium,,
옥수수유 69.3%,1,,uncertain,,
DL-알파토코페롤 0.7%),1,비타민 E,medium,,
덱스트린 95.9%,1,,uncertain,,
식용해조분말 95%,1,,uncertain,,
옥수수전분 5%),1,,uncertain,,
비타민 E(DL-α-토코페릴아세테이트 50%,1,비타민 E,medium,,
분말비타민 A(비타민 A아세테이트 11.5%,1,비타민 A,medium,,
옥수수 전분 20%,1,,uncertain,,
비타민 B2(혼합제제,1,비타민 B2,medium,,
비타민 B2 33.4%,1,비타민 B2,medium,,
옥수수전분 10%,1,,uncertain,,
글리세린지방산에스테르 56.6%),1,,uncertain,,
비타민 B12 혼합제제(비타민 B12 0.1%,1,비타민 B12,medium,,
과립)(비타민 D3 0.25%,1,비타민 D,medium,,
옥수수 전분 16.05%,1,,uncertain,,
겨자 추출물,1,,uncertain,,
파라다이스넛추출물(추출액)분말(분말 추출물)(파라다이스넛추출분말 20%,1,,uncertain,,
말토덱스트린 80%),1,,uncertain,,
칼슘혼합액,1,칼슘,medium,,
비타민 A 혼합제제(비타민A 30%,1,비타민 A,medium,,
비타민A유 55.5%,1,비타민 A,medium,,
비타민 D3 혼합제제(비타민D 0.25% 함유,1,비타민 D,medium,,
디엘알파토코페롤 0.2%),1,비타민 E,medium,,
아마씨유(리놀렌산 55% 이상),1,,uncertain,,
아마씨유(리놀렌산 47% 이상),1,,uncertain,,
헴철(철 2%),1,,uncertain,,
비타민 B12 혼합제제(비타민B12 함량 1%,1,비타민 B12,medium,,
제이인산칼슘 99%,1,칼슘,medium,,
비타민B12 1%),1,비타민 B12,medium,,
글루콘산동(구리 14%),1,구리,medium,,
비타민 A 혼합제제(비타민A 9.8% 함유,1,비타민 A,medium,,
아카시아검 20%,1,,uncertain,,
레티닐아세트산염 11.5%,1,,uncertain,,
dl-알파-토코페롤 1.5%),1,비타민 E,medium,,
홍삼근:홍미삼=70:30)),1,홍삼,medium,,
L-테아닌분말(가루,1,테아닌,medium,,
칼슘,1,칼슘,high,,
비타민 E 혼합(D-알파-토코페롤67,1,비타민 E,medium,,
알콕시글리세롤(고시형),1,,uncertain,,
과립)(식이섬유소 800mg/g 이상 함유),1,식이섬유,medium,,
셀레늄,1,셀레늄,high,,
미강추출분말(옥타코사놀 12%이상),1,,uncertain,,
"Streptococcus thermophilus(400,000,000,000cfu/g",1,프로바이오틱스,high,,
비타민 A 혼합,1,비타민 A,medium,,
스피루리나원말(조단백질함량 50%이상,1,단백질,medium,,
엽록소a함량 500mg/100g이상),1,,uncertain,,
스피루리나원말(총엽록소 9mg/g이상),1,,uncertain,,
유기농스피루리나원말,1,,uncertain,,
가르시니아 캄보지아 추출물,1,가르시니아,high,,
과립)(19종[L. plantarum(4.0 x 10^11 cfu/g) 4 %,1,,uncertain,,
L. paracasei(4.0 x 10^11 cfu/g) 4 %,1,,uncertain,,
L. rhamnosus(4.0 x 10^11 cfu/g) 3 %,1,,uncertain,,
L. casei(4.0 x 10^11 cfu/g) 1.25 %,1,,uncertain,,
L. acidophilus(2.0 x 10^11 cfu/g) 0.25 %,1,,uncertain,,
L. reuteri(2.0 x 10^11 cfu/g) 0.25 %,1,,uncertain,,
L. delbrueckii ssp. bulgaricus(2.0 x 10^11 cfu/g) 0.25 %,1,,uncertain,,
L. fermentum(2.0 x 10^11 cfu/g) 0.25 %,1,,uncertain,,
L. gasseri(2.0 x 10^11 cfu/g) 0.25 %,1,,uncertain,,
L. salivarius(2.0 x 10^11 cfu/g) 0.25 %,1,,uncertain,,
L. helveticus(2.0 x 10^11 cfu/g) 0.25 %,1,,uncertain,,
L. lactis(2.0 x 10^11 cfu/g) 0.25 %,1,,uncertain,,
S. thermophilus(2.0 x 10^11 cfu/g) 2 %,1,,uncertain,,
E. faecium(5.0 x 10^11 cfu/g) 2.5 %,1,,uncertain,,
E. faecalis(5.0 x 10^11 cfu/g) 2.5 %,1,,uncertain,,
B. longum(4.0 x 10^11 cfu/g) 4 %,1,,uncertain,,
B. bifidum(2.0 x 10^11 cfu/g) 0.5 %,1,,uncertain,,
B. breve(1.0 x 10^11 cfu/g) 0.5 %,1,,uncertain,,
B. animalis ssp. lactis(1.0 x 10^11 cfu/g) 0.5 %,1,,uncertain,,
결정포도당 43.25 %,1,,uncertain,,
말토덱스트린 15 %,1,,uncertain,,
식물성크림 15 %]),1,,uncertain,,
L-카르니틴 타르트레이트(L-주석산 32%),1,,uncertain,,
핑거루트추출분말(판두라틴)(기능성원료 인정 제2013-5호),1,,uncertain,,
녹차추출물추출물(추출액)분말(분말 추출물),1,녹차 카테킨,medium,,
가르시니아캄보지아 추출물(HCA 함량 60%),1,가르시니아,medium,,
두나리엘라추출물(추출액)분말(분말 추출물)(베타카로틴 0.97%),1,비타민 A,medium,,
유기농 가르시니아캄보지아껍질추출물,1,가르시니아,medium,,
가르시니아캄보지아 추출물추출물(추출액)분말(분말 추출물)(HCA 60%이상),1,가르시니아,medium,,
유단백가수분해물,1,유단백가수분해물,high,,
L-카르니틴 타르트레이트(기능성원료 인정 제2012-19호),1,,uncertain,,
아스코르빈산팔미테이트(고시형),1,비타민 C,medium,,
폴리덱스트로스(식이섬유 75%),1,식이섬유,medium,,
폴리만뉴로닉산(식이섬유 70%),1,식이섬유,medium,,
이눌린/치커리추출물추출물(추출액)분말(분말 추출물)(식이섬유 함량 90% 이상),1,식이섬유,medium,,
폴리덱스트로스(식이섬유 90%),1,식이섬유,medium,,
치커리뿌리추출물,1,,uncertain,,
과립)(차전자피 식이섬유함량 90%이상),1,차전자피,medium,,
바나바잎추출물유지(Oil),1,바나바잎,medium,,
비타민B12혼합제제[비타민B12로서 0.1%: 비타민B12 0.1%,1,비타민 B12,medium,,
요오드칼륨분말(가루,1,요오드,medium,,
과립)(비타민C 99% 이상),1,비타민 C,medium,,
황산아연(아연 22% 이상),1,아연,medium,,
산호분말(칼슘 35%),1,칼슘,medium,,
루테인(루테인 20%,1,루테인,medium,,
올리브유 80%),1,,uncertain,,
감마리놀렌산(달맞이꽃종자유(감마리놀렌산-7%이상),1,감마리놀렌산,medium,,
글루코사민분말(글루코사민염분말-98%이상),1,글루코사민,medium,,
글루코사민염산염분말(글루코사민함량98% 이상),1,글루코사민,medium,,
씨폴리놀 감태주정추출물건조분말(지표성분 디엑콜 8.2%함유),1,,uncertain,,
패각칼슘(비소성칼슘함량 35%),1,칼슘,medium,,
해조칼슘(비소성칼슘 34%),1,칼슘,medium,,
두나리엘라추출혼합분말[베타카로틴 1%이상,1,비타민 A,medium,,
(조류추출베타카로틴(두나리엘라) 0.8%,1,비타민 A,medium,,
정제수 2.5%,1,,uncertain,,
아스코르빌파르미테이,1,,uncertain,,
L-아르기닌(제2015-19호),1,아르기닌,medium,,
아마씨유(리놀렌산 55%이상),1,,uncertain,,
아세로라농축액(농축물),1,,uncertain,,
헤마토코쿠스 추출물(헤마토코쿠스추출물97%,1,,uncertain,,
비타민E3%),1,비타민 E,medium,,
산화아연(산화아연(아연80%),1,아연,medium,,
대두유 32.9),1,,uncertain,,
유성 비타민A 지방산에스테르(비타민A팔미테이트 58%,1,비타민 A,medium,,
토코페롤 2%,1,비타민 E,medium,,
해바라기유 40%),1,,uncertain,,
루테인유지(Oil)(루테인추출물 20%,1,루테인,medium,,
해바라기유 80%),1,,uncertain,,
DL-알파-토코페롤 0.25%,1,비타민 E,medium,,
DL-알파- 토코페롤 0.25%,1,비타민 E,medium,,
비타민 E유지(Oil),1,비타민 E,medium,,
비타민B2(Ribofavin),1,비타민 B2,medium,,
커리리프(잎(엽))추출물(추출액),1,,uncertain,,
레몬추출물(추출액),1,,uncertain,,
파라다이스넛추출물(추출액)분말(분말 추출물)(파라다이스넛추출물20,1,,uncertain,,
말토덱스트린80),1,,uncertain,,
비타민A유(비타민A팔미테이트55.5%,1,비타민 A,medium,,
디엘알파토코페롤1%,1,비타민 E,medium,,
피너츠오일43.5%),1,,uncertain,,
비타민A,1,비타민 A,high,,
비타민C (L-Ascorbic acid),1,비타민 C,medium,,
루테인추출물(추출액)(마리골드꽃추출물 20%,1,루테인,medium,,
옥수수유 80%),1,,uncertain,,
허브향,1,,uncertain,,
이소말토올리고당,1,,uncertain,,
비타민A혼합제제(비타민A팔미테이트 55.5%,1,비타민 A,medium,,
헤마토코쿠스 추출물(헤마토코쿠스추출물94.8%(아스타잔틴10.6%),1,,uncertain,,
올리브유5%,1,,uncertain,,
로즈마리추출물0.2%),1,,uncertain,,
비타민 A 혼합제제유지(Oil)(비타민A팔미테이트55.5,1,비타민 A,medium,,
땅콩유지43.5,1,,uncertain,,
DL-알파토코페롤1),1,비타민 E,medium,,
피크노제놀-프랑스해안송껍질추출물(기능성원료 인정 제2006-1호),1,,uncertain,,
루테인지아잔틴추출복합물(기능성원료인정제2022-29호),1,루테인,medium,,
연어(전체)유지(Oil)((EPA 18%,1,,uncertain,,
DHA 12%)),1,,uncertain,,
빌베리 추출물(기능성원료인정제2019-10호),1,,uncertain,,
루테인추출물20%,1,루테인,medium,,
홍삼추출물(추출액),1,홍삼,medium,,
과립)(미강(쌀겨추출물)),1,,uncertain,,
유성 비타민A 지방산에스테르유지(Oil),1,비타민 A,medium,,
히알루론산 나트륨분말(가루,1,히알루론산,medium,,
아티초크추출물(기능성원료 인정 제2010-8호),1,,uncertain,,
KD-28복합추출분말((차조기26.7%,1,,uncertain,,
갈근20.0%,1,,uncertain,,
인진20.0%,1,,uncertain,,
덱스트린33.3%)(Puerarin-3.4%,1,,uncertain,,
Scopoletin-0.11%,1,,uncertain,,
Apigenin-0.005%),1,,uncertain,,
레티닐 팔미트산염 혼합제제(레티닐 팔미트산염 55.5 %,1,,uncertain,,
비타민 D 혼합제제(글리세린 지방산 에스테르 97.25%,1,비타민 D,medium,,
비타민D3 2.5%,1,비타민 D,medium,,
인삼가수분해농축액(진세노사이드 Rg1 5.0 mg/g,1,인삼,medium,,
Compound K 5.0 mg/g),1,,uncertain,,
홍국추출물분말(고시형),1,홍국,medium,,
베타카로틴혼합제제(두나리엘라조류추출카로틴 1.4%),1,비타민 A,medium,,
가르시니아캄보지아 추출물(가르시니아캄보지아 껍질추출물 60%),1,가르시니아,medium,,
당근추출물(추출액)분말(분말 추출물),1,,uncertain,,
액상 다래추출물(Quinic acid 18mg/g,1,,uncertain,,
Citric acid 24mg/g),1,,uncertain,,
구아바잎추출물 등 복합물(BENDU381)(Ellagic acid 2.5mg/g,1,,uncertain,,
EGCG 100mg/g,1,,uncertain,,
Gallic acid 2.2mg/g),1,,uncertain,,
과립)(알로에베라겔 분말),1,,uncertain,,
알로에 베라 겔 농축(100:1)분말,1,,uncertain,,
과립)(유기농알로에베라겔분말 200:1,1,,uncertain,,
총다당체함량 10%),1,,uncertain,,
알로에겔분말 200:1,1,,uncertain,,
알로에베라겔분말(200:1,1,,uncertain,,
총다당체 80mg/g이상),1,,uncertain,,
홍삼오일,1,홍삼,medium,,
식물스테롤에스테르,1,,uncertain,,
포도씨앗유,1,,uncertain,,
칼슘함량 32%),1,칼슘,medium,,
비타민B1(비타민B1염산염,1,비타민 B1,medium,,
비타민B1으로서 89%),1,비타민 B1,medium,,
홍화씨유 20%),1,,uncertain,,
과립)(DL-a-토코페롤 0.2%,1,비타민 E,medium,,
비타민A초산염 11.5%,1,비타민 A,medium,,
Dl-알파토코페롤 1.5%),1,비타민 E,medium,,
올리브정제오일 7%,1,,uncertain,,
물2.3%,1,,uncertain,,
L-아스코르브산 0.6%,1,,uncertain,,
아스코르빌팔,1,,uncertain,,
글리세린지방산 에스테르(중쇄지방산) 7.5%,1,,uncertain,,
D-α-토코페롤유지(Oil)(D-α-토코페롤 67.2%,1,비타민 E,medium,,
soybean oil 32.8%),1,,uncertain,,
비타민K혼합제제(비타민K 5%,1,비타민 K,medium,,
아리비아검 90%,1,,uncertain,,
수크로오스 5%),1,,uncertain,,
루테인(해바라기씨유 79%,1,루테인,medium,,
루테인 20%,1,루테인,medium,,
유성 비타민A 지방산에스테르(비타민A 팔미테이트 55.5%,1,비타민 A,medium,,
D-α-토코페롤(D-알파-토코페롤 67.2%,1,비타민 E,medium,,
대두유 32.8%),1,,uncertain,,
액상 다래추출물(퀸산 1.8%,1,,uncertain,,
구연산 2.4%),1,,uncertain,,
비타민 B1(염산염),1,비타민 B1,medium,,
식물성유지(대두유50%,1,,uncertain,,
카놀라유50%)32.9%),1,,uncertain,,
피로인산제이철(피로인산제일철80%,1,철분,medium,,
식물성경화유20%),1,,uncertain,,
과립)((10종)Streptococcus thermophilus 2%,1,프로바이오틱스,high,,
Bifidobacterium longum 0.5%,1,프로바이오틱스,high,,
산화아연(아연79%),1,아연,medium,,
비타민 E(D-α-토코페롤67%,1,비타민 E,medium,,
발효인삼농축액(진세노사이드 Rg1과 Rb1의 합 0.6%),1,인삼,medium,,
옥타코사놀(미강 유래),1,,uncertain,,
아세로라추출물(추출액)분말(분말 추출물)(비타민C 17% 이상),1,비타민 C,medium,,
과립)(베라 1),1,,uncertain,,
과립)(베라 2),1,,uncertain,,
어린도두꼬투리추출물(제2025-60호),1,,uncertain,,
과립)(비타민B12 1,1,비타민 B12,medium,,
제이인산칼슘99),1,칼슘,medium,,
"Lactobacillus fermentum(100,000,000",1,프로바이오틱스,high,,
00,1,IGNORE,skip,,
홍삼농축액(농축물)(홍삼금70%,1,홍삼,medium,,
Rb1 및 Rg3의 합 16mg/g),1,,uncertain,,
Rb1 및 Rg3의 합 25mg/g),1,,uncertain,,
오미자박추출물(제2025-31호),1,,uncertain,,
비타민E분말(dl-alpha-Tocopherylacetate,1,비타민 E,medium,,
"함량50%,500 IU/g)",1,,uncertain,,
베타카로틴혼합제제[카로틴10.05%,1,비타민 A,medium,,
젤라틴(돼지)50%,1,,uncertain,,
수크로오스14.7%,1,,uncertain,,
혼합토코페롤1.8%],1,비타민 E,medium,,
"과립)(10종혼합유산균{Lactobacillus plantarum(100,000,000,000cfu이상)23%",1,프로바이오틱스,high,,
트레할로즈29.16%,1,,uncertain,,
혼합탈지분유20.8%,1,,uncertain,,
자당20.8%,1,,uncertain,,
알긴산나트륨2.08%,1,,uncertain,,
비타민C4.16%]15%,1,비타민 C,medium,,
"[Lactobacillus paracasei(100,000",1,프로바이오틱스,high,,
"과립)(10종혼합유산균-G(Lactobacillus plantarum 1 X 100,000,000,000/g 이상(유산균 23%",1,프로바이오틱스,high,,
트레할로즈 29.16%,1,,uncertain,,
혼합탈지분유 20.8%,1,,uncertain,,
자당 20.8%,1,,uncertain,,
알긴산나트륨 2.08%,1,,uncertain,,
비타민 C 4.16%) 15%,1,비타민 C,medium,,
Lactob,1,,uncertain,,
"과립)(10종혼합유산균[100,000,000,000cfu/g이상(Lactobacillus acidophilus 1.2%",1,프로바이오틱스,high,,
Streptococcus the,1,프로바이오틱스,high,,
"과립)(17종혼합유산균[100,000,000,000cfu/g이상(Lactobacillus plantarum 5%",1,프로바이오틱스,high,,
Lactobacillus paracasei 5%,1,프로바이오틱스,high,,
Lactobacillus rhamnosus 5%,1,프로바이오틱스,high,,
Lactobacillus casei 1.5%,1,프로바이오틱스,high,,
Lactobacillus acidophilus 0.25%,1,프로바이오틱스,high,,
Lactobacillus reuter,1,프로바이오틱스,high,,
과립)((HCA 60%)),1,,uncertain,,
레몬껍질분말,1,,uncertain,,
퀴노아(발아)분말(가루,1,,uncertain,,
건조효모(MNY건조효모),1,,uncertain,,
폴리덱스트로스(식이섬유 70%이상함유),1,식이섬유,medium,,
난소화성말토덱스트린(식이섬유90%이상함유),1,난소화성 말토덱스트린,medium,,
차전자피분말(식이섬유 90%함유),1,차전자피,medium,,
과립)(홍삼분말(Rg1+Rb1+Rg3의 합 30mg/g)13%,1,홍삼,medium,,
D-말티톨77%,1,,uncertain,,
유당10% ),1,,uncertain,,
비타민 A 혼합유지(Oil)(레티닐팔미테이트 55.5,1,비타민 A,medium,,
과립)(DDS-1),1,,uncertain,,
D-α-토코페롤(d-α-토코페롤72.7%,1,비타민 E,medium,,
대두유27.3%,1,,uncertain,,
식용정제어유(연어유),1,오메가-3,medium,,
다래추출물분말(가루,1,,uncertain,,
칼슘(해조칼슘 - 32%),1,칼슘,medium,,
칼슘(패각칼슘 - 35%),1,칼슘,medium,,
수산화마그네슘분말(가루,1,마그네슘,medium,,
칼슘 (유청칼슘(칼슘24%이상),1,칼슘,medium,,
칼슘 (해조칼슘(칼슘함량 30%이상),1,칼슘,medium,,
비타민 A(땅콩),1,비타민 A,medium,,
하프물범유(EPA6%이상,1,,uncertain,,
DHA6%이상,1,,uncertain,,
DPA3%이상),1,,uncertain,,
마골분,1,,uncertain,,
무기질혼합용액(액),1,,uncertain,,
히알루론산(기능성원료인정제2017-2호),1,히알루론산,medium,,
비타민 B12(비타민B12 0.1%,1,비타민 B12,medium,,
말토덱스트린95.9%,1,,uncertain,,
구연산1%),1,,uncertain,,
비타민 D3(설탕38%,1,비타민 D,medium,,
비타민D3(콜레칼시페롤)0.25%,1,비타민 D,medium,,
DL-ALPHA-토코페롤0.2%),1,비타민 E,medium,,
은행잎추출물추출물(추출액)분말(분말 추출물),1,은행잎,medium,,
파라다이스넛추출물(추출액)분말(분말 추출물)((셀렌)),1,,uncertain,,
과립)((셀렌)),1,,uncertain,,
비타민 E 혼합제제(비타민E초산에스테르 50%,1,비타민 E,medium,,
변성전분 21.5%,1,,uncertain,,
포도당 1.585%,1,,uncertain,,
땅콩유 0.75%,1,,uncertain,,
인산이나트륨 0.036%,1,,uncertain,,
인산일나트륨 0.031%,1,,uncertain,,
디엘알파토코페롤 0.001%),1,비타민 E,medium,,
비타민 A 혼합제제(비타민A아세테이트11.5%,1,비타민 A,medium,,
디엘알파토코페롤1.0%,1,비타민 E,medium,,
땅콩유2.2%,1,,uncertain,,
어류젤라틴25.6%,1,,uncertain,,
설탕38.4%,1,,uncertain,,
베타카로틴혼합(베타카로틴30.0%,1,비타민 A,medium,,
콘오일69.3%,1,,uncertain,,
디엘알파토코페롤0.7%),1,비타민 E,medium,,
비타민 A 혼합제제(비타민A팔미테이트55.5%,1,비타민 A,medium,,
DL-알파토코페롤1%,1,비타민 E,medium,,
마리골드추출물(추출액)(마리골드추출물 20%,1,,uncertain,,
홍화유80%),1,,uncertain,,
과립)(엽록소함량 10mg/g 이상(총엽록소 1%)),1,,uncertain,,
나토균배양분말(나토균배양분말 50%,1,,uncertain,,
덱스트린 50%),1,,uncertain,,
달맞이꽃종자유(감마리놀렌산함량 9.0%이상),1,감마리놀렌산,medium,,
기타식물성유지,1,,uncertain,,
프로폴리스추출물분말(프로폴리스추출물80%,1,프로폴리스,medium,,
포스파티딜세린용액(액)(포스파티딜세린54%(포스파티딜세린으로서40%),1,,uncertain,,
정제가공유지 47%),1,,uncertain,,
루테인(루테인20%(루테인 으로서 100%),1,루테인,medium,,
올리브오일80%),1,,uncertain,,
시클로덱스트린 23.3%,1,,uncertain,,
α-glucan 280mg/g),1,,uncertain,,
스피루리나원말(총엽록소5mg/g이상),1,,uncertain,,
쌀겨(미강)유추출물,1,,uncertain,,
표고버섯균사체 AHCC(α-glucan 300mg/g,1,,uncertain,,
표고버섯균사체배양물 76.7%,1,,uncertain,,
시클로덱스트린 23.3% 제2008-78호),1,,uncertain,,
Enterococcus faecalis,1,프로바이오틱스,high,,
홍삼분말가루,1,홍삼,medium,,
블랙커민추출물(FJ)(제2025-4호),1,,uncertain,,
비타민B1염산염(비타민B1 78%)비타,1,비타민 B1,medium,,
"엘엠씨520 비피더스균(프로바이오틱스 Bifidobacterium breve 300,000,000,000 CFU/g 이상)",1,프로바이오틱스,high,,
유산균 혼합(혼합유산균NE12 (Lactobacillus rhamnosus 8%,1,프로바이오틱스,high,,
Lactobacillus acidophilus 5%,1,프로바이오틱스,high,,
Lactobacillus casei  8.5%,1,프로바이오틱스,high,,
Lactobacillus plantarum 30%,1,프로바이오틱스,high,,
Lactobacillus fermentum 1%,1,프로바이오틱스,high,,
Bifidobacterium longum 2%,1,프로바이오틱스,high,,
Bifidobacterium animalis spp. Lactis 13.5%,1,프로바이오틱스,high,,
Enterococcus faecalis(엔테로코커스페칼리스FL유산균(Enterococcus faecalis  83.6%,1,프로바이오틱스,high,,
제일인산칼륨 2.29%,1,칼륨,medium,,
제이인산칼륨 3.75%)),1,칼륨,medium,,
Lactobacillus paracasei(락토바실러스파라카제이PS유산균(Lactobacillus paracasei  84.26%,1,프로바이오틱스,high,,
제일인산칼륨 2%,1,칼륨,medium,,
제이인산칼륨 3.29%)),1,칼륨,medium,,
Lactobacillus.delbrueckii spp. bulgaricus(불가리커스유산균A(Lactobacillus delbrueckii ssp. Bulgaricus  10%,1,프로바이오틱스,high,,
혼합탈지분유(유청분말 15%) 5%,1,,uncertain,,
옥수수전분 3%,1,,uncertain,,
자당 1%,1,,uncertain,,
유당(덱스트린 5%) 0.6%,1,,uncertain,,
과립)(L. acidophilus 2.0x10^11cfu/g이상),1,,uncertain,,
과립)(E. faecalis 4.0x10^11cfu/g 이상),1,,uncertain,,
과립)(B. longum 1.0x10^11cfu/g 이상),1,,uncertain,,
조류베타카로틴(총카로틴으로서 1%이상함유),1,비타민 A,medium,,
수용성비타민혼합제제,1,,uncertain,,
옵티 엠에스엠(Opti MSM),1,MSM,medium,,
과립)(엽산 100 % ),1,,uncertain,,
과립)(산화아연 100% (아연 80%)),1,아연,medium,,
레몬추출물(추출액)분말(분말 추출물)(엽산 5% 함유),1,,uncertain,,
건조효모(비타민D 0.02% 함유),1,비타민 D,medium,,
살라시아레티큘라타추출물(제2025-39호),1,,uncertain,,
유청칼슘(칼슘함량20%이상),1,칼슘,medium,,
나이아신(함량 100%),1,나이아신,medium,,
영지버섯자실체추출물,1,,uncertain,,
영지버섯자실체추출물 (베타글루칸으로서 53mg/g 이상),1,베타글루칸,medium,,
인삼가수분해농축액(진세노사이드 Rg1 5 ㎎/g,1,인삼,medium,,
Compound K 5 ㎎/g),1,,uncertain,,
인삼가수분해농축액,1,인삼,medium,,
비타민 C(비타민C 100%),1,비타민 C,medium,,
과립)(베타카로틴1%),1,비타민 A,medium,,
구연산망간(고시형),1,망간,medium,,
오리난황레시틴,1,,uncertain,,
오리난황레시틴 (인지질100%),1,,uncertain,,
가르시니아캄보지아 추출물추출물(추출액)분말(분말 추출물)(60%),1,가르시니아,medium,,
하프물범유(EPA와 DHA의 합으로서 14%이상),1,,uncertain,,
오메가3 지방산 함유 유지유지(Oil)(EPA와 DHA의 합 55% 이상),1,오메가-3,medium,,
과립)(코엔자임Q10 98% 이상),1,코엔자임 Q10,medium,,
하프물범유(EPA6%,1,,uncertain,,
DHA8%이상함유),1,,uncertain,,
정제어유(EPA 와 DHA의 합 55% 이상),1,오메가-3,medium,,
오메가3 지방산 함유 유지(참치유),1,오메가-3,medium,,
헤마토코쿠스 추출물유지(Oil),1,,uncertain,,
오메가-3 지방산함유유지(참치유),1,오메가-3,medium,,
헤마토코쿠스 추출물,1,,uncertain,,
정제어유(EPA17%이상,1,오메가-3,medium,,
DHA11%이상),1,,uncertain,,
정제어유(EPA7%이상,1,오메가-3,medium,,
DHA 7%이상),1,,uncertain,,
DHA 12% 이상),1,,uncertain,,
EPA와 DHA의합[정제어유(EPA와 DHA의합-25%)],1,오메가-3,medium,,
비타민E[D-알파토코페롤(비타민E-67%)],1,비타민 E,medium,,
비타민E(토코페롤혼합형) 0.2%),1,비타민 E,medium,,
천연 토코페롤 혼합형 0.2%),1,비타민 E,medium,,
파라다이스넛추출물(추출액),1,,uncertain,,
하프물범유(EPA와 DHA의 합-12%이상),1,,uncertain,,
D-α-토코페롤유지,1,비타민 E,medium,,
오메가3 지방산 함유 유지(정제어유/EPA와 DHA의 합 55%),1,오메가-3,medium,,
오미자추출물(기능성원료인정제2016-21호),1,,uncertain,,
녹차추출물추출물(추출액)분말(분말 추출물)(카테킨 50%),1,녹차 카테킨,medium,,
레몬 밤 추출물 혼합분말(기능성원료 인정 제2010-24호),1,,uncertain,,
과립)(식이섬유 800 mg/g 이상),1,식이섬유,medium,,
가수분해유청단백농축액(농축물)분말,1,,uncertain,,
가공유지 97.25%,1,,uncertain,,
과립)(산호칼슘(풍화퇴적)),1,칼슘,medium,,
과립)(해조칼슘),1,칼슘,medium,,
미강추출물(추출액)분말(분말 추출물),1,,uncertain,,
쌀겨왁스추출물분말(옥타코사놀10%함유),1,,uncertain,,
6년근농축액(농축물)(진세노사이드 Rg1과 Rb1 및 Rg3의 합),1,IGNORE,skip,,
어유(생선유지)(고시형),1,,uncertain,,
MSM(MSM 99.8%),1,MSM,medium,,
마리골드추출물,1,,uncertain,,
정제어유(EPA18%,1,오메가-3,medium,,
옻나무 추출분말,1,,uncertain,,
과립)(함량0.1%),1,,uncertain,,
비타민 B6분말(가루,1,비타민 B6,medium,,
과립)(함량99%),1,,uncertain,,
과립)(함량98%),1,,uncertain,,
과립)(농도98.5%),1,,uncertain,,
와일드 망고 종자추출물(IGOB131),1,,uncertain,,
홍삼(홍삼근 40%,1,홍삼,medium,,
홍미삼 60%){최종제품 : 홍삼농축액(고형분 60%이상,1,홍삼,medium,,
홍삼사포닌 120mg/g이상)   100%}(진세노사이드Rg1과 Rb1 및 Rg3의 합 15mg/g),1,홍삼,medium,,
"과립)(5종혼합유산균[Lactobacillus acidophilus 10,000,000,000/g이상 3%",1,프로바이오틱스,high,,
Bifidobacterium,1,프로바이오틱스,high,,
호박씨추출물등 복합물({(호박씨추출물87.5%,1,,uncertain,,
(Polyphenolderivatives(피로갈롤:Pyrogallol)1.8%대두이소플라본배당체4.0%)}),1,이소플라본,medium,,
호박씨추출물등 복합물(Polyphenol derivatives(피로갈롤: Pyrogallol) 18mg/g,1,,uncertain,,
호박씨추출물등 복합물(피로갈롤: Pyrogallol) 18mg/g,1,,uncertain,,
Rb1 및 Rg3의 합 1.5% 이상),1,,uncertain,,
홍삼발효 농축(액) 분말(혼합(진세노사이드 Rg1,1,홍삼,medium,,
Rb1 및 Rg3의 합 0.3% 이상,1,,uncertain,,
덱스트린 40%,1,,uncertain,,
Rb1 및 Rg3의 합 0.8% 이상) 30%,1,,uncertain,,
Rb1 및 Rg3,1,,uncertain,,
산호칼슘,1,칼슘,high,,
비타민D3분말{비타민D3(비타민D100%) 0.25%,1,비타민 D,medium,,
가공유지 7.5%.이산화규소 0.5%,1,,uncertain,,
DL-α 토코페롤 0.2%},1,비타민 E,medium,,
비타민D3혼합제제{비타민D함량 0.25% (비타민D3 0.25%,1,비타민 D,medium,,
이산화규소 0.5%)},1,,uncertain,,
분말비타민A혼합제제{비타민A함량 9.75% (분말비타민A 11.5%,1,비타민 A,medium,,
DL-알파-토코페롤1.5%,1,비타민 E,medium,,
말토덱스트린 47.0%,1,,uncertain,,
아라비아검 20.0%,1,,uncertain,,
옥수수전분20.0%)},1,,uncertain,,
프로폴리스추출물(총플라보노이드함량1%이상),1,프로폴리스,medium,,
홍삼(진세노사이드 Rb1+Rg1+Rg3의 합으로 4.5mg/g이상),1,홍삼,medium,,
감마리놀렌산함유유지(보라지종자유),1,감마리놀렌산,medium,,
조제해수염화마그네슘(해양심층수),1,마그네슘,medium,,
비타민 A 혼합제제(분말비타민A 11.5%,1,비타민 A,medium,,
비타민 K 혼합제제 (비타민 K1 5%,1,비타민 K,medium,,
과립)((200:1분말,1,,uncertain,,
총다당체 10%)),1,,uncertain,,
비타민믹스혼합제제,1,,uncertain,,
쌀추출물분말,1,,uncertain,,
과립)((식물류의 리그닌)),1,,uncertain,,
스피루리나원말(총 엽록소함량 1400mg/100g),1,,uncertain,,
난소화성말토덱스트린(식이섬유 85.0%),1,난소화성 말토덱스트린,medium,,
Weissella confusa WIKIM51 프로바이오틱스(Wilac D001)(제2026-6호),1,프로바이오틱스,medium,,
복분자추출물분말,1,,uncertain,,
칼슘함량 25%이상),1,칼슘,medium,,
분말비타민A (비타민A아세테이트 11.5%,1,비타민 A,medium,,
dl-α-토코페롤 1%,1,비타민 E,medium,,
땅콩오일 2.2%,1,,uncertain,,
생선젤라틴 25.6%,1,,uncertain,,
설탕 38.4%,1,,uncertain,,
옥수수전분 21.3%),1,,uncertain,,
비타민D3 (비타민D3 0.25%,1,비타민 D,medium,,
낙화생유 0.75%,1,,uncertain,,
비타민E 0.001%),1,비타민 E,medium,,
비타민E (Dl-α-토코페릴 아세테이트 50%,1,비타민 E,medium,,
글루코사민염산염분말(글루코사민80%이상),1,글루코사민,medium,,
해조칼슘(칼슘 30%이상),1,칼슘,medium,,
정제어유(EPA와 DHA의 합으로서 30%이상),1,오메가-3,medium,,
젖산철(철분16%이상),1,철분,medium,,
헴철(철분1%이상),1,철분,medium,,
홍삼농축액분말(진세노사이드 Rg1과 Rb1 및 Rg3의 합 12mg/g이상),1,홍삼,medium,,
가르시니아캄보지아(Garcinia cambogia)열매 껍질,1,가르시니아,medium,,
유청칼슘(칼슘-25%),1,칼슘,medium,,
해조칼슘(칼슘-32%),1,칼슘,medium,,
치커리이눌린(식이섬유 80%이상),1,식이섬유,medium,,
가르시니아캄보지아추출분말(Hydroxycitric acid 60%이상),1,가르시니아,medium,,
차전자피분말(식이섬유 85% 이상),1,차전자피,medium,,
매스틱검(기능성원료인정제2014-50호),1,,uncertain,,
감초추출물(기능성원료 인정 제2014-4호),1,감초,medium,,
아티초크추출물(개별인정형원료),1,,uncertain,,
포도블루베리추출혼합분말(기능성원료인정제2019-30호),1,,uncertain,,
비즈왁스알코올(기능성원료인정제2010-1호),1,,uncertain,,
작약추출물분말,1,,uncertain,,
아세로라농축분말,1,,uncertain,,
과립)(유기농 밀순분말),1,,uncertain,,
보리순주스분말,1,,uncertain,,
진세노사이드 Rb1과 Rg1의 합 : 0.7%),1,,uncertain,,
분말비타민D3,1,비타민 D,medium,,
"락토바실루스 카제이 유산균(LACTOBACILLUS CASEI의 생균으로 200,000,000,000개/g 이상",1,프로바이오틱스,high,,
프로바이오틱스동결건조(락토바실러스 플란타럼 93.4%,1,프로바이오틱스,medium,,
프로바이오틱스동결건조(락토바실러스 루테리 93.4%,1,프로바이오틱스,medium,,
프로바이오틱스동결건조(락토바실러스 살리바리우스 93.4%,1,프로바이오틱스,medium,,
"락토바실루스 카제이(Lactobacillus casei의 생균으로 200,000,000,000개/g 이상: Lactobacillus casei 유산균 80.517%",1,프로바이오틱스,high,,
"락토바실루스 람노수스 (Lactobacillus rhamnosus의 생균으로 200,000,000,000개/g 이상: Lactobacillus rhamnosus 유산균 80.517%",1,프로바이오틱스,high,,
"스트렙토코쿠스 페칼리스(Streptococcus faecalis의 생균으로 100,000,000,000개/g 이상: Streptococcus faecalis유산균 60.00%",1,프로바이오틱스,high,,
트레할로스 2.28%,1,,uncertain,,
"Lactobacillus acidophilus(100,000,000,000 cfu/g)",1,프로바이오틱스,high,,
"Lactobacillus salivarius(100,000,000,000 cfu/g)",1,프로바이오틱스,high,,
"Lactobacillus casei(100,000,000,000 cfu/g)",1,프로바이오틱스,high,,
"Lactobacillus plantarum(100,000,000,000 cfu/g)",1,프로바이오틱스,high,,
"Bifidobacterium bifidum(100,000,000,000 cfu/g)",1,프로바이오틱스,high,,
"Bifidobacterium breve(100,000,000,000 cfu/g)",1,프로바이오틱스,high,,
"Bifidobacterium animalis spp. lactis(100,000,000,000 cfu/g)",1,프로바이오틱스,high,,
"Streptococcus thermophilus(100,000,000,000 cfu/g)",1,프로바이오틱스,high,,
유산균(Lactobacillus acidophillus,1,프로바이오틱스,high,,
"Lactobacillus plantarum동결건조(200,000,000,000마리이상/g",1,프로바이오틱스,high,,
"희석제(결정셀룰로오스)적량
)",1,,uncertain,,
인삼추출액,1,인삼,medium,,
해조분말(칼슘32%이상),1,칼슘,medium,,
과립)(혼합유산균PC11(Lactobacillus acidophilus 3.9%,1,프로바이오틱스,high,,
Lactobacillus casei 3.9%,1,프로바이오틱스,high,,
Lactobacillus plantarum 21.7%,1,프로바이오틱스,high,,
Streptococcus thermophilus  9.9%,1,프로바이오틱스,high,,
Bifidobacterium longum 3.4%,1,프로바이오틱스,high,,
Bifi,1,,uncertain,,
코엔자임Q10혼합물,1,코엔자임 Q10,medium,,
해바라기씨유,1,,uncertain,,
달맞이꽃씨앗유,1,,uncertain,,
DL-알파-토코페릴초산염 혼합제제(비타민E),1,비타민 E,medium,,
인삼농축액(국산,1,인삼,medium,,
백삼100%,1,,uncertain,,
진세노사이드Rg1Rb1의합1mg/g,1,,uncertain,,
은행잎추출물((플라보놀배당체 240~300mg/g)),1,은행잎,medium,,
쌀겨추출물(기능성원료인정제2009-66호),1,,uncertain,,
녹차추출물분말가루,1,녹차 카테킨,medium,,
바나바잎분말,1,바나바잎,medium,,
쌀겨추출물(글루코실세라마이드함량 6%),1,,uncertain,,
쌀겨추출물,1,,uncertain,,
4년근발효 농축액,1,IGNORE,skip,,
"유산균 혼합(Lactobacillus acidophilus10,000,000,000/g이상 3%",1,프로바이오틱스,high,,
"Bifidobacterium longum 10,000,000,000/g이상0.5%",1,프로바이오틱스,high,,
Bifidoba,1,,uncertain,,
바이오이소플라본(Daidzin,1,이소플라본,medium,,
Zenistin,1,,uncertain,,
Glycitin의 합으로 350mg/g),1,,uncertain,,
대두이소플라본추출물(추출액)분말(분말 추출물),1,이소플라본,medium,,
칼슘으로서 32.0%),1,칼슘,medium,,
과립)(MSM 99.8%),1,MSM,medium,,
락토페린LF300(우유유래정제단백질)(제2023-38호),1,단백질,medium,,
동결건조유산균분말(Enterococcusfaecium동결건조분말,1,프로바이오틱스,high,,
희석제 정량,1,,uncertain,,
"과립)(Enterococcus faecalis 1 X 10,000,000,000cfu/g이상",1,프로바이오틱스,high,,
동결보호제 및 희석제 적량),1,,uncertain,,
키토산분말(글루코사민으로서 함량 80%이상),1,글루코사민,medium,,
키토올리고당분말(함량 50%이상),1,,uncertain,,
"프로바이오틱스(장유래5종혼합유산균(Bifidobacterium bifidum분말(450,000,000,000CFU/g이상)4.5%",1,프로바이오틱스,high,,
"Bifidobacterium breve분말(300,000,000,000CFU/g 이상)3.5%",1,프로바이오틱스,high,,
"Bifidobacterium animalis spp. Lactis분말(450,000,000,000CFU/g 이상)4.5%",1,프로바이오틱스,high,,
풍화조초산호분말,1,,uncertain,,
패각분말(칼슘 38% 이상),1,칼슘,medium,,
난소화성말토덱스트린(제2009-4호,1,난소화성 말토덱스트린,medium,,
식이섬유함량 85.0%이상),1,식이섬유,medium,,
인삼(뿌리),1,인삼,medium,,
인삼(뿌리)농축액(농축물)(100),1,인삼,medium,,
인삼농축액(농축물)(고형분 함량 68% 이상,1,인삼,medium,,
"원료삼배합비율 (%): 인삼근류:미삼류=70:30
)",1,인삼,medium,,
인삼농축액 (진세노사이드 Rg1과 Rb1의 합 0.6%),1,인삼,medium,,
인삼농축액(농축물)분말(인삼100%),1,인삼,medium,,
인삼농축액(농축물)(고형분 60%,1,인삼,medium,,
진세노사이드 Rg1 + Rb1 0.7%),1,,uncertain,,
인삼(뿌리)농축액(농축물)(백삼근70%,1,인삼,medium,,
백미삼30%,1,,uncertain,,
인삼분말(진세노사이드 Rg1과 Rb1의 합 0.48%),1,인삼,medium,,
인삼분말(진세노사이드Rg1과 Rb1의 합 : 0.401%),1,인삼,medium,,
인삼분말(진세노사이드Rg1과 Rb1의 합=4mg/g),1,인삼,medium,,
인삼분말(진세노사이드 Rg1과 Rb1의 합: 0.3%),1,인삼,medium,,
인삼(인삼농축액분말(진세노사이드 Rg1과 Rb1의 합 2.5%),1,인삼,medium,,
건조효모(셀레늄),1,셀레늄,medium,,
건조효모(식용건조효모),1,,uncertain,,
참당귀 추출분말(Nutragen),1,,uncertain,,
강황추출물(제2025-51호),1,,uncertain,,
다래추출물,1,,uncertain,,
다래추출물(PG102)(기능성원료 인정 제2009-18호),1,,uncertain,,
L-카르니틴 타르트레이트(L-주석산 31.5%,1,,uncertain,,
기능(지표)성분 67%),1,,uncertain,,
※원료삼배합비율: 홍삼근70%,1,홍삼,medium,,
비타민 D 혼합제제(비타민D 0.25%,1,비타민 D,medium,,
아라비아검분말38%,1,,uncertain,,
수크로오스분말38%,1,,uncertain,,
중쇄중성지방분말7.5%,1,,uncertain,,
DL-알파-토코페롤0.2%),1,비타민 E,medium,,
6년근발효홍삼농축액(진세노사이드 Rg1,1,IGNORE,skip,,
Rb1 및 Rg3의 합계로서 7.5mg/g 이상),1,,uncertain,,
인삼(진세노사이드 Rg1과 Rb1의 합 1.5%),1,인삼,medium,,
인삼농축액(농축물)분말(진세노사이드 Rg1과 Rb1의 합 25 ㎎/g),1,인삼,medium,,
깻잎추출물(PF501)(기능성원료인정제2019-3호),1,,uncertain,,
비타민B2 0.008,1,비타민 B2,medium,,
"Lactobacillus acidophilus(Lactobacillus acidophilus(200,000,000,000cfu/g",1,프로바이오틱스,high,,
결정셀루로오스50%),1,,uncertain,,
"Lactobacillus plantarum(Lactobacillus plantarum(400,000,000,000cfu/g",1,프로바이오틱스,high,,
희석제정량)25%,1,,uncertain,,
결정셀룰로오스75%),1,,uncertain,,
"Lactobacillus rhamnosus(Lactobacillus rhamnosus(200,000,000,000cfu/g",1,프로바이오틱스,high,,
결정셀룰로오스50%),1,,uncertain,,
"Bifidobacterium bifidum(Bifidobacterium bifidum(450,000,000,000cfu/g",1,프로바이오틱스,high,,
희석제정량)22.3%,1,,uncertain,,
결정셀룰로오스77.7%),1,,uncertain,,
"Bifidobacterium longum(100,000,000,000cfu/g)",1,프로바이오틱스,high,,
유산균분말(Lactobacillus acidophilus 100억 이상/g),1,프로바이오틱스,high,,
치커리(전체),1,,uncertain,,
Lactobacillus casei(락토바실러스카제이((Lactobacillus casei 1×10(9)/이상) 10%,1,프로바이오틱스,high,,
탈지분유 3.76%,1,,uncertain,,
글리세린 0.16%,1,,uncertain,,
알긴산나트륨 0.16%)),1,,uncertain,,
Lactobacillus rhamnosus(락토바실러스람노수스[(Lactobacillus rhamnosus 1×10(9)/g 이상) 10%,1,프로바이오틱스,high,,
알긴산나트륨 0.2%)]),1,,uncertain,,
Bifidobacterium longum(비피도박테리움롱검[(Bifidobacterium longum 1×10(9)/g 이상 10%,1,프로바이오틱스,high,,
말토덱스트린 81.8%)] )),1,,uncertain,,
파라다이스넛추출물,1,,uncertain,,
Lactobacillus acidophilus(2.0×10^11 CFU/g 이상),1,프로바이오틱스,high,,
Lactobacillus rhamnosus(probiocap R11),1,프로바이오틱스,high,,
Lactobacillus helveticus(probiocap R52),1,프로바이오틱스,high,,
Bifidobacterium longum(probiocap R175),1,프로바이오틱스,high,,
질경이씨앗껍질분말,1,,uncertain,,
산도조절제,1,,uncertain,,
D-알파 토코페롤,1,비타민 E,medium,,
전칠삼추출물 등 복합물분말(가루,1,,uncertain,,
건조효모(아연 5%함유),1,아연,medium,,
건조효모(크롬 0.2%함유),1,크롬,medium,,
정어리펩타이드SP100N(바릴티로신-0.05%),1,,uncertain,,
정제어유(정제어유 99.7%,1,오메가-3,medium,,
D-토코페롤혼합형 0.3%),1,비타민 E,medium,,
클로렐라원말(총 엽록소 10mg/g 이상),1,,uncertain,,
농축아세로라과즙,1,,uncertain,,
카테킨[녹차추출물분말(카테킨-35%)],1,녹차 카테킨,medium,,
알로에아보레센스,1,,uncertain,,
조류 DHA 유지(Oil)(조류DHA추출유지 65 %,1,,uncertain,,
고올레산해바라기유 34.26%,1,,uncertain,,
D-토코페롤혼합형 0.3%,1,비타민 E,medium,,
레시틴 0.2%,1,,uncertain,,
로즈마리추출물 0.2%,1,,uncertain,,
아스크로빌파르미테이트 0.04%),1,,uncertain,,
홍삼농축액(농축물)(액상),1,홍삼,medium,,
구절초추출물,1,,uncertain,,
로즈힙분말,1,,uncertain,,
CMO함유FAC(Fatty Acid Complex)(기능성원료인정제2014-26호),1,,uncertain,,
글루코사민황산염혼합물,1,글루코사민,medium,,
글루코사민염산염분말 (글루코사민염산염 99% 이상),1,글루코사민,medium,,
글루코사민염산염분말(글루코사민 99%이상),1,글루코사민,medium,,
감마리놀렌산[달맞이꽃종자유(감마리놀렌산-9%이상)],1,감마리놀렌산,medium,,
비타민 D3 혼합제제유지(Oil)(비타민D3 2.5%(비타민D 100%),1,비타민 D,medium,,
가공유지(팜유) 97.25%,1,,uncertain,,
DL-α-토코페롤 0.25%),1,비타민 E,medium,,
쏘팔메토열매추출물(2009-55),1,쏘팔메토,medium,,
정제어유(EPA+DHA 27.0%),1,오메가-3,medium,,
Ligustilide 4mg/g,1,,uncertain,,
비타민 D3(분말),1,비타민 D,medium,,
해조칼슘분말(칼슘함량30%이상,1,칼슘,medium,,
해조칼슘분말96%,1,칼슘,medium,,
옥수수전분4%),1,,uncertain,,
비타민A(비타민A11.5%,1,비타민 A,medium,,
땅콩오일2.2%,1,,uncertain,,
피쉬젤라틴25.6%,1,,uncertain,,
자당38.4%,1,,uncertain,,
중쇄지방산7.5%,1,,uncertain,,
비타민 E혼합제제(DL-알파토코페롤50%,1,비타민 E,medium,,
옥테닐호박산나트륨전분24.5%,1,,uncertain,,
비타민 A아세테이트 (비타민A로써 10.02%),1,비타민 A,medium,,
비타민 B1염산염(비타민 B1으로써 89.19%),1,비타민 B1,medium,,
비타민 E아세테이트(비타민E로써 45.65%),1,비타민 E,medium,,
비타민 C (비타민 C로써 94%),1,비타민 C,medium,,
비타민 B6염산염(비타민B6로서 82.27%),1,비타민 B6,medium,,
비타민 D3 (비타민D3 0.25%),1,비타민 D,medium,,
산화마그네슘(마그네슘으로서 60.03%),1,마그네슘,medium,,
젖산철(철로서 17.5%),1,,uncertain,,
식용건조효모(셀렌으로서 0.1%),1,,uncertain,,
산화아연(아연으로서 80%),1,아연,medium,,
황산망간(망간으로서 32.51%),1,망간,medium,,
Lactobacillus plantarum(150.000.000.000cfu),1,프로바이오틱스,high,,
Lactobacillus acidophilus(50.000.000.000cfu),1,프로바이오틱스,high,,
Lactobacillus rhamnosus(40.000.000.000cfu),1,프로바이오틱스,high,,
Bifidobacterium longum(25.000.000.000cfu),1,프로바이오틱스,high,,
Streptococcus thermophilus(100.000.000cfu),1,프로바이오틱스,high,,
Enterococcus faecium(100.000.000.000cfu),1,프로바이오틱스,high,,
Bifidobacterium bifidum(50.000.000.000cfu),1,프로바이오틱스,high,,
과립)(락토바실러스불가리쿠스),1,,uncertain,,
과립)(락토바실러스 불가리쿠스),1,,uncertain,,
키토산분말(글루코사민으로80%이상),1,글루코사민,medium,,
증숙생강추출분말(GGE03)(제2022-24호),1,,uncertain,,
옥타코사놀(12% 이상),1,,uncertain,,
유청분말(가루,1,,uncertain,,
과립)(농축유청단백50%,1,,uncertain,,
홍삼농축액(농축물)(6년근,1,홍삼,medium,,
홍삼성분 70mg/g,1,홍삼,medium,,
고형분 60%),1,,uncertain,,
인삼성분 150.0㎎/g이상)(진세노사이드Rg1과 Rb1의 합 20mg/g),1,인삼,medium,,
인삼농축액(농축물)분말(진세노사이드 Rg1과 Rb1의 합 25mg/g),1,인삼,medium,,
Rb1 및 Rg3의 합 4.5mg/g이상),1,,uncertain,,
인삼(진세노사이드 Rg1과 Rb1의 합 1.2%),1,인삼,medium,,
인삼농축액(농축물)(진세노사이드 Rg1과 Rb1의 합 15mg/g),1,인삼,medium,,
인삼농축액(농축물)(고형분함량 60 % 이상,1,인삼,medium,,
원료삼배합비율 ; 인삼근류:미삼류= 50 %: 50 %,1,인삼,medium,,
진세노사이드 Rg1과 Rb1의 합: 15 ㎎/g),1,,uncertain,,
인삼발효 농축액(원료삼 배합비율(%) : 인삼근류 50,1,인삼,medium,,
미삼류 50,1,,uncertain,,
고형분함량 60 %,1,,uncertain,,
진세노사이드 Rg1과 Rb1의 합 6 mg/g),1,,uncertain,,
진세노사이드 Rg1과 Rb1의 합 10mg/g),1,,uncertain,,
인삼농축액(농축물)분말(원료삼 배합비율: 인삼근류 50%,1,인삼,medium,,
진세노사이드Rg1과 Rb1의 합 10mg/g),1,,uncertain,,
홍삼농축액(농축물)(원료삼 배합비율: 인삼근류 60%,1,인삼,medium,,
미삼류 40%,1,,uncertain,,
Rb1 및 Rg3 합 5mg/g),1,,uncertain,,
인삼(원료삼 배합비율: 인삼근류 50%,1,인삼,medium,,
진세노사이드 Rg1과 Rb1의 합10mg/g),1,,uncertain,,
분말비타민E혼합제제(DL-알파-토코페릴초산염 50%,1,비타민 E,medium,,
정제어유(DHA와EPA의 합 30%이상),1,오메가-3,medium,,
바다물범유(DHA와EPA의 합 12%이상),1,,uncertain,,
홍미삼30%,1,,uncertain,,
Rb1 및 Rg3의합 6.5mg/g),1,,uncertain,,
홍삼농축액(농축물)(Rg1+ Rb1= 4mg/g),1,홍삼,medium,,
은행잎분말,1,은행잎,medium,,
과립)( Dl-알파토코페릴초산염 50%,1,,uncertain,,
나이아신분말(고시형),1,나이아신,medium,,
과립)(플라보놀 배당체 24%),1,,uncertain,,
비타민E 분말(DL-α-tocopheryl - acetate 50%),1,비타민 E,medium,,
차전자피 분말 (식이섬유 90%이상),1,차전자피,medium,,
아연분말(가루,1,아연,medium,,
과립)(아연효모),1,아연,medium,,
황산동분말(가루,1,구리,medium,,
비타민B6,1,비타민 B6,high,,
홍삼농축액(원료삼배합비율:홍삼근70%,1,홍삼,medium,,
황칠나무잎,1,,uncertain,,
홍삼농축액(농축물)(원료삼 배합비율: 홍삼근류 60%,1,홍삼,medium,,
홍미삼류 40%,1,,uncertain,,
인삼가수분해농축액농축액(농축물),1,인삼,medium,,
표고버섯추출물분말,1,,uncertain,,
인삼분말(인삼성분함량 20mg/g이상)(진세노사이드 Rg1과 Rb1의 합 0.5%),1,인삼,medium,,
인삼농축액고형분,1,인삼,medium,,
진세노사이드Rg1과Rb1의합:4.0mg/g),1,,uncertain,,
과립)(원료삼비율: 태극삼근70%,1,,uncertain,,
태극미삼30%........100%),1,,uncertain,,
인삼발효 농축액(고형분함량 65 %,1,인삼,medium,,
원료삼배합비율(%):인삼근류50,1,인삼,medium,,
미삼류50),1,,uncertain,,
태극삼농축액(농축물)(고형분함량 65 %,1,,uncertain,,
원료삼 배합비율(%) : 태극삼근류 30,1,,uncertain,,
미삼류 70),1,,uncertain,,
과립)(인삼근류 60%,1,인삼,medium,,
인삼(열매)분말(가루,1,인삼,medium,,
인삼분말(인삼성분함량 20mg/g이상)(진세노사이드 Rg1과 Rb1의 합 0.4%),1,인삼,medium,,
과립)(원료삼 배합비율: 인삼근류(70%),1,인삼,medium,,
미삼류(30%)),1,,uncertain,,
인삼농축액(농축물)(인삼근류 60%,1,인삼,medium,,
홍삼농축액(농축물)(진세노사이드 Rg1과 Rb1 및 Rg3의 합 4mg/g,1,홍삼,medium,,
유산균발효 홍삼발효 추출물(추출액)(50 million CFU/g),1,홍삼,medium,,
홍삼농축액(고형분 60%이상),1,홍삼,medium,,
과립)(락토바실러스플란터럼;탈지분유12%,1,,uncertain,,
옥수수전분82.9998%,1,,uncertain,,
Lactobacillus plantarum 0.0002% (1×10000000000 cfu/g)),1,프로바이오틱스,high,,
홍삼농축액[진세노사이드Rg1과Rb1및 Rg3의 합 10㎎/g,1,홍삼,medium,,
고형분60%이상],1,,uncertain,,
인삼농축액(농축물)(진세노사이드 Rg1 및 Rb1 의 합 15mg/g),1,인삼,medium,,
발효홍삼농축액분말(진세노사이드 Rg1과Rb1 및 Rg3의 합으로 18mg/g이상),1,홍삼,medium,,
상어연골추출물,1,,uncertain,,
젖산철(철-16%),1,,uncertain,,
헴철분말(철 1.06%),1,철분,medium,,
커리리프(잎(엽))추출물(추출액)분말(분말 추출물)(유기농),1,,uncertain,,
커리리프(잎(엽))추출물(추출액)분말(분말 추출물),1,,uncertain,,
인산철분말(가루,1,철분,medium,,
은행잎 추출물,1,은행잎,high,,
매실추출물[매실추출물(원료성) 38.8%,1,,uncertain,,
정제수 61.2%(brix 66%이상)],1,,uncertain,,
아세로라추출물(추출액)분말(분말 추출물)(아세로라추출물 70%,1,,uncertain,,
솔잎증류농축액(기능성원료인정제2007-8호),1,,uncertain,,
과립)(javascript:setItemCode();),1,,uncertain,,
청호추출분말(리베라템)(제2021-20호),1,,uncertain,,
구아바잎추출물추출물(추출액)분말(분말 추출물),1,,uncertain,,
초록입홍합추출오일(기능성원료인정제2004-8호),1,,uncertain,,
초록입홍합추출오일(docosahexanoic acid(DHA),1,,uncertain,,
과립)(칼슘(40%) 함유),1,칼슘,medium,,
DL-알파토코페릴초산염혼합제제(DL-알파-토코페릴초산염 50%,1,,uncertain,,
비타민B1(비타민B1-98.5%),1,비타민 B1,medium,,
비타민B12(비타민B12 0.1%),1,비타민 B12,medium,,
비타민A(비타민A11.5%),1,비타민 A,medium,,
비타민B2(비타민B2-99.0%),1,비타민 B2,medium,,
비타민D3(비타민D3 0.25%),1,비타민 D,medium,,
과립)(분말비타민A 11.5%,1,비타민 A,medium,,
DL-알파-토코페릴초산염 혼합제제(DL-알파-토코페릴초산염 50%,1,,uncertain,,
히드록시프로필메틸셀룰로오스3%),1,,uncertain,,
"Streptococcus thermophilus(400,000,000,000cfu이상)",1,프로바이오틱스,high,,
"Lactococcus lactis(300,000,000,000cfu이상)",1,프로바이오틱스,high,,
"Lactobacillus rhamnosus(200,000,000,000cfu이상)",1,프로바이오틱스,high,,
"Bifidobacterium longum(50,000,000,000cfu이상)",1,프로바이오틱스,high,,
"Enterococcus faecalis(100,000,000,000cfu이상)",1,프로바이오틱스,high,,
"Enterococcus faecium(100,000,000,000cfu이상)",1,프로바이오틱스,high,,
유청칼슘(칼슘함량25%이상),1,칼슘,medium,,
해조칼슘분말(칼슘함량30%이상),1,칼슘,medium,,
락토바실러스카제이[(Lactobacillus casei 5×10(10)/g 이상) 10%,1,프로바이오틱스,high,,
락토바실러스람노수스[(Lactobacillus rhamnosus 5×10(10)/g 이상) 10%,1,프로바이오틱스,high,,
비피도박테리움롱검[(Bifidobacterium longum 1×10(9)/g 이상 10%,1,프로바이오틱스,high,,
유기산칼슘((패각발효)[유기산칼슘(패각발효) 95% 덱스트린 3%,1,칼슘,medium,,
유당혼합분말(유당 95%,1,,uncertain,,
덱스트린 5%) 2%]),1,,uncertain,,
굴패각분말(소성),1,,uncertain,,
탄산칼슘혼합제제(탄산칼슘 51%,1,칼슘,medium,,
구연산 24%,1,,uncertain,,
DL-사과산 24%,1,,uncertain,,
덱스트린 0.5%,1,,uncertain,,
정제수 0.5%),1,,uncertain,,
D-α-토코페롤혼합제제(D-α-토코페롤34%,1,비타민 E,medium,,
덱스트린54.45%,1,,uncertain,,
카제인나트륨7%,1,,uncertain,,
글리세린지방산에스테르2%,1,,uncertain,,
레시틴1%,1,,uncertain,,
구연산삼나트륨1%,1,,uncertain,,
메타인산나트륨0.5%,1,,uncertain,,
차추출물0.05%),1,,uncertain,,
비타민A혼합제제(레티닐아세트산염11.5,1,비타민 A,medium,,
상어연골분말(칼슘함량 20%이상),1,칼슘,medium,,
핑거루트추출분말(기능성원료인정제2012-36호),1,,uncertain,,
돌외잎주정추출분말(잎(엽))(DamulinA1.2%),1,,uncertain,,
대구,1,,uncertain,,
비타민D3(비타민D3로서 2.75㎍/㎎,1,비타민 D,medium,,
비타민D3 0.275%,1,비타민 D,medium,,
디엘알파토코페롤 0.0275%,1,비타민 E,medium,,
아라비아검22.0%,1,,uncertain,,
자당36.0%,1,,uncertain,,
옥수수전분27.0%,1,,uncertain,,
제삼인산칼슘0.5%,1,칼슘,medium,,
코코넛오일10.6975%,1,,uncertain,,
정제수3.5%),1,,uncertain,,
칼슘함량32.0%이상),1,칼슘,medium,,
탄산칼슘혼합제제(탄산칼슘51.0%,1,칼슘,medium,,
구연산24.0%,1,,uncertain,,
DL-사과산24.0%,1,,uncertain,,
덱스트린0.5%,1,,uncertain,,
정제수0.5%),1,,uncertain,,
해조칼슘(칼슘 31%),1,칼슘,medium,,
칼슘(탄산칼슘(칼슘34%이상)),1,칼슘,medium,,
칼슘(해조칼슘(칼슘32%이상)),1,칼슘,medium,,
난각칼슘(Ca 35% 이상),1,칼슘,medium,,
과립)(굴패각칼슘),1,칼슘,medium,,
산호분말(비소성),1,,uncertain,,
탄산칼슘(칼슘 함량 40%),1,칼슘,medium,,
난각칼슘(칼슘함량 34%),1,칼슘,medium,,
칼슘건조분말(난각),1,칼슘,medium,,
탄산칼슘(칼슘 34%이상),1,칼슘,medium,,
해조칼슘(칼슘 32%이상),1,칼슘,medium,,
밀크분말(유청칼슘),1,칼슘,medium,,
산호분말분말(가루,1,,uncertain,,
과립)(소성,1,,uncertain,,
칼슘50% 이상),1,칼슘,medium,,
피니톨 분말(기능성원료인정제2014-65호),1,,uncertain,,
과립)(비타민D로서 0.0125%함유),1,비타민 D,medium,,
과립)(아연으로서 5%함유),1,아연,medium,,
"Lactobacillus acidophilus(DDS-1,300,000,000,000cfu이상)",1,프로바이오틱스,high,,
"과립)(200,000,000,000cfu이상)",1,,uncertain,,
혼합제제비타민E분말,1,비타민 E,medium,,
이눌린(식이섬유 85%),1,식이섬유,medium,,
건조효모(크롬함량 0.2%),1,크롬,medium,,
난소화성말토덱스트린(식이섬유함량 85.0%이상),1,난소화성 말토덱스트린,medium,,
녹차가루,1,,uncertain,,
돌외잎주정추출분말(잎(엽)),1,,uncertain,,
홍국,1,홍국,high,,
글루코사민염산염분말(글루코사민80%함유),1,글루코사민,medium,,
인삼농축액(농축물)(인삼근70%,1,인삼,medium,,
건조효모(40)아연함유(41),1,아연,medium,,
코엔자임 Q10 혼합용액,1,코엔자임 Q10,medium,,
덱스트린30%  계100%),1,,uncertain,,
구아바잎추출물 등 복합물(BENDU381)(구아바잎추출물 50%,1,,uncertain,,
녹차잎추출물 30%,1,,uncertain,,
장미꽃잎추출물 20%),1,,uncertain,,
대웅 코엔자임Q10(코엔자임Q10 99%),1,코엔자임 Q10,medium,,
대웅 코엔자임Q10,1,코엔자임 Q10,medium,,
식용건조효모(셀렌 0.1%),1,,uncertain,,
당근추출물분말(비타민A-0.796%),1,비타민 A,medium,,
비타민B1염산염(비타민B1으로서 78%),1,비타민 B1,medium,,
비타민B6염산염(비타민B6로서 82%),1,비타민 B6,medium,,
베타카로틴분말(10%),1,비타민 A,medium,,
비타민A유(비타민A로서 30%),1,비타민 A,medium,,
비타민 A 혼합제제(비타민A팔미테이트 1.7MIU/g (55.5%),1,비타민 A,medium,,
땅콩유 (43.5%),1,,uncertain,,
비타민E (1%)),1,비타민 E,medium,,
비타민E(d-a-토코페롤),1,비타민 E,medium,,
차전자피(식이섬유80%이상),1,차전자피,medium,,
과립)(총 모나콜린K함량 2% 이상),1,,uncertain,,
호박씨추출물등 복합물(호박씨추출물87.5%,1,,uncertain,,
(Polyphenolderivatives(피로갈롤:Pyrogallol)1.8%,1,,uncertain,,
대두이소플라본배당체4.0%)),1,이소플라본,medium,,
비타민 E 혼합제제(DL-알파토코페릴아세테이트 50,1,비타민 E,medium,,
KD-28복합추출분말[복합추출물(차조기 40%,1,,uncertain,,
갈근 30%,1,,uncertain,,
인진 30%,1,,uncertain,,
계100%) 66.7%,1,,uncertain,,
덱스트린 33.3%],1,,uncertain,,
DL-알파-토코페릴 초산염,1,,uncertain,,
코엔자임Q10 추출물,1,코엔자임 Q10,medium,,
크롬 분말(가루,1,크롬,medium,,
과립)(건조효모),1,,uncertain,,
클로렐라원말(엽록소 1000mg/100g),1,,uncertain,,
클로렐라원말(총엽록소20mg/g이상),1,,uncertain,,
클로렐라원말(총엽록소-2.0%),1,,uncertain,,
클로렐라속 조류(고시형),1,,uncertain,,
클로렐라추출물분말,1,,uncertain,,
클로렐라원말(엽록소20mg/g이상),1,,uncertain,,
아스코르빌파르미테이트,1,,uncertain,,
차전자피(식이섬유함량 80%이상),1,차전자피,medium,,
"엔테로코쿠스페슘유산균[엔테로코쿠스페슘유산균 4,000,000,000 CFU/g이상:엔테로코쿠스페슘유산균분말(100,000,000,000/g이상) 4%",1,유산균,medium,,
탈지분유 4%,1,,uncertain,,
황기추출물등복합물(HT042)(기능성원료인정제2014-40호),1,,uncertain,,
비타민 A 혼합제제유지(Oil)(비타민A팔미테이트 1.7MIU/g 55.5%,1,비타민 A,medium,,
비타민E 1%),1,비타민 E,medium,,
Lactobacillus acidophilus(락토바실러스 애시도필러스,1,프로바이오틱스,high,,
1 X 10^8 CFU/g 이상)(락토바실러스 애시도필러스 38.5%,1,IGNORE,skip,,
Bifidobacterium longum(비피도박테리움 롱검 1 X 10^8 CFU/g 이상)(비피도박테리움 롱검 23%,1,프로바이오틱스,high,,
식물유 23%,1,,uncertain,,
말토덱스트린 53.6%,1,,uncertain,,
과립)(Lactobacillus plantarum발효분말 83.6%,1,프로바이오틱스,high,,
과립)(Lactococcus lactis 83.6%,1,프로바이오틱스,high,,
과립)(Lactobacillus rhamnosus 84.74%,1,프로바이오틱스,high,,
트레할로스 6.78%,1,,uncertain,,
제이인산칼륨 2.95%,1,칼륨,medium,,
제일인산칼륨 1.8%),1,칼륨,medium,,
과립)(Lactobacillus fermentum 83.6%,1,프로바이오틱스,high,,
과립)(Bifidobacterium longum분말 80.04%,1,프로바이오틱스,high,,
말토덱스트린 4%,1,,uncertain,,
제이인산칼륨 4.7%,1,칼륨,medium,,
제일인산칼륨 2.86%),1,칼륨,medium,,
과립)(Bifidobacterium animalis ssp.lactis분말 85.7%,1,프로바이오틱스,high,,
트레할로스 6.86%,1,,uncertain,,
말토덱스트린 3.43%,1,,uncertain,,
제이인산칼륨 2.28%,1,칼륨,medium,,
제일인산칼륨 1.39%),1,칼륨,medium,,
과립)(Streptococcus thermophilus분말 79.69%,1,프로바이오틱스,high,,
트레할로스 11.15%,1,,uncertain,,
말토덱스트린5.58%,1,,uncertain,,
제이인산칼륨1.88%,1,칼륨,medium,,
탈지분유 0.56%,1,,uncertain,,
제일인산칼륨 1.14%),1,칼륨,medium,,
과립)(Enterococcus faecalis분말 83.6%,1,프로바이오틱스,high,,
트레할로스6.69%,1,,uncertain,,
말토덱스트린3.34%,1,,uncertain,,
제이인산칼륨3.75%,1,칼륨,medium,,
제일인산칼륨2.29%),1,칼륨,medium,,
과립)(Bifidobacterium bifidum분말 80.48%,1,프로바이오틱스,high,,
트레할로스8.06%,1,,uncertain,,
말토덱스트린4.02%,1,,uncertain,,
제이인산칼륨4.37%,1,칼륨,medium,,
제일인산칼륨2.67%),1,칼륨,medium,,
과립)(Bifidobacterium breve분말 75.86%,1,프로바이오틱스,high,,
트레할로스10.62%,1,,uncertain,,
말토덱스트린5.31%,1,,uncertain,,
제이인산칼륨4.77%,1,칼륨,medium,,
탈지분유 0.53%,1,,uncertain,,
제일인산칼륨2.91%),1,칼륨,medium,,
과립)(Lactobacillus casei발효분말 83.6%,1,프로바이오틱스,high,,
과립)(Latobacillus paracasei발효분말 84.26%,1,,uncertain,,
제이인산칼륨 3.29%,1,칼륨,medium,,
제일인산칼륨 2%),1,칼륨,medium,,
과립)(Lactobacillus acidophilus발효분말 84.7%,1,프로바이오틱스,high,,
트레할로스 6.77%,1,,uncertain,,
제이인산칼륨 2.98%,1,칼륨,medium,,
제일인산칼륨 1.82%),1,칼륨,medium,,
폴리덱스트로스(식이섬유 85%함유),1,식이섬유,medium,,
치커리식이섬유(식이섬유90%),1,식이섬유,medium,,
난소화성말토덱스트린(식이섬유85%),1,난소화성 말토덱스트린,medium,,
패각(가리비)칼슘(비소성,1,칼슘,medium,,
비타민 C(아스코르빈산,1,비타민 C,medium,,
100%),1,IGNORE,skip,,
건조비타민K1,1,비타민 K,medium,,
과립)(베타카로틴 10%,1,비타민 A,medium,,
코코넛유 4%,1,,uncertain,,
DL-알파토코페롤 2%,1,비타민 E,medium,,
복합토코페롤분말,1,비타민 E,medium,,
글리세린지방산에스테르7.5%)),1,,uncertain,,
비타민 E 혼합제제(분말)(DL-알파토코페릴아세테이트 50%,1,비타민 E,medium,,
비타민 A 혼합제제(분말)(레티닐아세트산염 11.5%,1,비타민 A,medium,,
비타민 D3 혼합제제(분말)(비타민D3 0.25%,1,비타민 D,medium,,
비타민 B12 혼합제제(분말)(비타민B12 1%,1,비타민 B12,medium,,
비타민 E(D-α-토코페롤),1,비타민 E,medium,,
덱스트린 47%,1,,uncertain,,
dl-알파토코페롤 1.5%),1,비타민 E,medium,,
정제어유(정제어유99,1,오메가-3,medium,,
디-토코페롤혼합형1),1,비타민 E,medium,,
비타민 E 혼합(D-알파토코페롤67,1,비타민 E,medium,,
과립)(아연 9.5% 이상),1,아연,medium,,
건조효모(망간 5.0% 이상),1,망간,medium,,
셀레늄함유건조효모(셀레늄 0.1% 이상),1,셀레늄,medium,,
건조효모(아연 5.0% 이상),1,아연,medium,,
건조효모(판토텐산 24.0% 이상),1,판토텐산,medium,,
건조효모(비타민B2 9.0% 이상),1,비타민 B2,medium,,
건조효모(비타민B6 20.0% 이상),1,비타민 B6,medium,,
레몬추출물(추출액)분말(분말 추출물)(엽산 5.0% 이상),1,,uncertain,,
건조효모(비타민B1 20.0% 이상),1,비타민 B12,medium,,
건조효모(비타민B12 0.4% 이상),1,비타민 B12,medium,,
"비타민 D3((100,000IU=2.5mg))",1,비타민 D,medium,,
키토올리고당분말(키토올리고당 80.0% 이상,1,,uncertain,,
키토산분말,1,,uncertain,,
게껍질,1,,uncertain,,
키토산분말{키토산(글루코사민으로서)80%이상},1,글루코사민,medium,,
키토산분말(글루코사민 80%이상),1,글루코사민,medium,,
키토산(탈아세틸화도(당 사슬 중에 글루코사민 잔기 비율) 80%이상,1,글루코사민,medium,,
키토산(글루코사민으로서) 900㎎/g 이상),1,글루코사민,medium,,
키토산분말 (글루코사민 함량80%이상),1,글루코사민,medium,,
과립)(총(-)-HCA 60%이상),1,,uncertain,,
키토올리고당분말,1,,uncertain,,
키토올리고당분말(사용원료: 키토산,1,,uncertain,,
염산,1,,uncertain,,
키토올리고당분말(사용원료:키토산,1,,uncertain,,
젖산,1,,uncertain,,
과립)(글루코사민 80%이상),1,글루코사민,medium,,
효소처리스테비아,1,,uncertain,,
태극삼농축액(진노사이드 Rg1과 Rb1의 합 4mg/g),1,,uncertain,,
글루코사민분말,1,글루코사민,medium,,
과립)(Silymarin(silybin) 50%),1,,uncertain,,
밀크씨슬추출물(추출액)분말(분말 추출물),1,밀크씨슬,medium,,
칼슘으로서34%함유),1,칼슘,medium,,
혼합제제비타민D3 (비타민D3 0.25%,1,비타민 D,medium,,
비타민E 0.2%,1,비타민 E,medium,,
칼슘으로서38%함유),1,칼슘,medium,,
비타민B1염산염(비타민B1으로서78%함유),1,비타민 B1,medium,,
d-알파-토코페롤,1,비타민 E,high,,
과립)((DDS-1)),1,,uncertain,,
Dimethylsulfone (MSM)분말(가루,1,MSM,medium,,
난백분,1,,uncertain,,
홍삼농축액(농축물)(고형분 60% 이상,1,홍삼,medium,,
대두이소플라본추출물(추출액)분말(분말 추출물)(비배당체로서 6.25%),1,이소플라본,medium,,
과립)(칼슘 12%),1,칼슘,medium,,
칼슘-PGA(BLS)분말(가루,1,칼슘,medium,,
과립)(폴리감마글루탐산 90%이상),1,,uncertain,,
과립)(1000억cfu/g:Lactobacillus plantarum 21.7%,1,프로바이오틱스,high,,
Lactoba,1,,uncertain,,
옥수수전분16.05% ),1,,uncertain,,
"프로바이오틱스(Lactobacillus acidophilus 10,000,000,000/g이상 3%",1,프로바이오틱스,high,,
비타민 혼합제제분말(가루,1,,uncertain,,
과립)(멀티비타민믹스[비타민C 65.1363%,1,비타민 C,medium,,
비타민E 13%,1,비타민 E,medium,,
비타민A 4.75%,1,비타민 A,medium,,
비타민D3 1.3%,1,비타민 D,medium,,
비타민B2 0.78,1,비타민 B2,medium,,
홍삼농축액(농축물)(진세노사이드Rg1,1,홍삼,medium,,
Rb1 및 Rg3의 합 4mg/g이상),1,,uncertain,,
칼슘함량 35%이상),1,칼슘,medium,,
레몬(열매)추출물(추출액)분말(분말 추출물)(유기농),1,,uncertain,,
은행잎 추출물추출물(추출액)분말(분말 추출물),1,은행잎,medium,,
칼슘으로서35%함유),1,칼슘,medium,,
칼슘으로서32%함유),1,칼슘,medium,,
혼합제제나노칼슘(탄산칼슘,1,칼슘,medium,,
아라비아검,1,,uncertain,,
비소성,1,,uncertain,,
칼슘으로서24%함유),1,칼슘,medium,,
요오드화칼륨(요오드로서 75% 이상 함유),1,요오드,medium,,
가르시니아캄보지아추출물분말[총(-)-HCA60%이상,1,가르시니아,medium,,
인도산],1,,uncertain,,
대두레시틴(인지질로62.5%),1,,uncertain,,
비타민E (DL-알파-토코페릴 초산염 50%이상),1,비타민 E,medium,,
비타민C[비타민C(L-Ascorbic acid)(비타민C-100%)],1,비타민 C,medium,,
글루코사민 황산염분말(가루,1,글루코사민,medium,,
쏘팔메토 열매추출물추출물(추출액) 유지(oil),1,쏘팔메토,medium,,
비타민 E추출물(추출액) 유지(oil)(D-알파토코페롤),1,비타민 E,medium,,
황산아연분말(가루,1,아연,medium,,
하프물범유(EPA와 DHA의 합 - 12%이상),1,,uncertain,,
난백알부민,1,,uncertain,,
크레아틴모노하이드레이트(99%이상),1,,uncertain,,
식물스테롤(고시형),1,,uncertain,,
인삼농축액(농축물)분말,1,인삼,medium,,
홍삼농축액(농축물)(고형분함량 65%,1,홍삼,medium,,
원료삼 배합비율: 홍삼근류 70%,1,홍삼,medium,,
칼슘으로서 32%이상),1,칼슘,medium,,
칼슘으로서34%이상),1,칼슘,medium,,
수산화마그네슘(마그네슘으로서40%이상),1,마그네슘,medium,,
판토텐산칼슘(판토텐산 90%),1,칼슘,medium,,
과립)(패각발효생성유기산칼슘),1,칼슘,medium,,
과립)(Streptococcus thermophilus (1x10(9) CFU/g) 4%,1,프로바이오틱스,high,,
Lactobacillus acidophilus (1x10(9) CFU/g) 3%,1,프로바이오틱스,high,,
Bifidobacterium longum (1x10(9) CFU/g) 3%,1,프로바이오틱스,high,,
식물성크림분말 45%,1,,uncertain,,
말토덱스트린 45%),1,,uncertain,,
과립)(프로폴리스추출물80%,1,프로폴리스,medium,,
식용건조효모(크롬 0.2%),1,크롬,medium,,
홍삼(진세노사이드 Rb1과 Rb1의합8mg/g),1,홍삼,medium,,
Rb1 및 Rg3의합10.5mg/g),1,,uncertain,,
비타민E(D-알파-토코페롤),1,비타민 E,medium,,
비타민A유(유성비타민A지방산에스테르 300㎍RE/mg),1,비타민 A,medium,,
비타민C(L-Asocrbic acid),1,비타민 C,medium,,
비타민B6염산염(비타민B6로서 82.2%),1,비타민 B6,medium,,
그린마떼추출물(기능성원료인정제2010-7호),1,,uncertain,,
이산화규소 0.5%)),1,,uncertain,,
리놀렌산(고시형),1,,uncertain,,
Ligilactobacillus salivarius,1,프로바이오틱스,high,,
가시오가피숙지황 복합추출물농축액(농축물)분말,1,,uncertain,,
DL-α-토코페롤 0.2%,1,비타민 E,medium,,
비타민 E 혼합제제(DL-α-토코페릴아세테이트(비타민E 45.5%)50%,1,비타민 E,medium,,
이산화규소 1%,1,,uncertain,,
비타민 A 혼합제제(레티닐아세트산염(V-A 84.8%)11.5%,1,비타민 A,medium,,
DL-α-토코페롤 1.5%,1,비타민 E,medium,,
파라다이스넛(견과)유지(Oil),1,,uncertain,,
폴리감마글루탐산분말(가루,1,,uncertain,,
프로폴리스추출물분말(플라보노이드1%이상),1,프로폴리스,medium,,
폴리코사놀-사탕수수 왁스알코올(기능성원료 인정 제2006-4호),1,폴리코사놀,medium,,
사탕수수왁스알코올(폴리코사놀)(제2025-19호),1,폴리코사놀,medium,,
매실 농축과즙,1,,uncertain,,
이눌린(식이섬유 함량 90%이상),1,식이섬유,medium,,
글루코만난(식이섬유 함량 95%이상),1,식이섬유,medium,,
밀크씨슬추출분말,1,밀크씨슬,medium,,
D-α-토코페롤(대두,1,비타민 E,medium,,
비타민E 67.2%),1,비타민 E,medium,,
밀식이섬유(고시형),1,식이섬유,medium,,
블루베리식이섬유,1,식이섬유,medium,,
비타민C(L-Ascorbic acid)(비타민C 100%),1,비타민 C,medium,,
프락토올리고당(프락토올리고당분말(프락토올리고당-90%이상),1,프리바이오틱스,medium,,
비타민 D분말(가루,1,비타민 D,medium,,
해조칼슘분말(가루,1,칼슘,medium,,
과립)(비타민 A 아세테이트 11.5%,1,비타민 A,medium,,
비타민E 1.5%,1,비타민 E,medium,,
과립)(DL-α-Tocopheryl Acetate 50%,1,,uncertain,,
변성전분(옥테닐호박산나트륨전분) 24.5%,1,,uncertain,,
분리유청단백가수분해물((유청단백농축99%,1,,uncertain,,
대두레시틴1%)),1,,uncertain,,
치아씨((알파리놀렌산 20%)),1,,uncertain,,
유산균 혼합(Lactobacillus acidophilus 3.93%,1,프로바이오틱스,high,,
Enterococus faecium 3.34%,1,,uncertain,,
Bifidobacterium longum 5.67%,1,프로바이오틱스,high,,
혼합유당(유당95%,1,,uncertain,,
덱스트린5%) 87.06%),1,,uncertain,,
유산균 혼합(Lactobacillus rhamnosus 12.5%,1,프로바이오틱스,high,,
Lactobacillus paracasei 12.5%,1,프로바이오틱스,high,,
Lactobacillus bulgaricus 12.5%,1,프로바이오틱스,high,,
Lactobacillus reuteri 12.5%,1,프로바이오틱스,high,,
Lactobacillus fermentum 12.5%,1,프로바이오틱스,high,,
Streptococcus thermophilus 12.5%,1,프로바이오틱스,high,,
Bifidobacterium lactis 12.5%,1,프로바이오틱스,high,,
Bifidobacteriu,1,,uncertain,,
"Lactobacillus plantarum(150,000,000,000)",1,프로바이오틱스,high,,
"과립)(1.0x100,000,000,000 CFU/g)",1,,uncertain,,
"과립)(150,000,000,000 cfu/g이상)",1,,uncertain,,
"과립)(50,000,000,000 cfu/g 이상)",1,,uncertain,,
"과립)(50,000,000,000 cfu/g이상)",1,,uncertain,,
"과립)(150,000,000,000 cfu/g 이상)",1,,uncertain,,
"과립)(7종혼합유산균[1,000,000,000cfu/g 이상(Lactobacillus plantarum(400,000,000,000 cfu/g이상) 0.04% Lactobacillus casei(400,000,000,000 cfu/g이상) 0.04%",1,프로바이오틱스,high,,
"Lactobacillus rhamnosus (400,000,000,000 cfu/g이",1,프로바이오틱스,high,,
과립)((프로폴리스추출물 22.2%,1,프로폴리스,medium,,
옥수수전분 66.7%,1,,uncertain,,
갈매보리수나무(열매)농축액(농 축물) 분말 11.1%)),1,,uncertain,,
락추로스 파우더(기능성원료 인정 제2009-40호),1,,uncertain,,
잠두씨앗,1,,uncertain,,
우유 단백 혼합분말,1,,uncertain,,
식물성크림혼합분말,1,,uncertain,,
유단백가수분해식품,1,,uncertain,,
제삼인산마그네슘,1,마그네슘,medium,,
유류 단백(고시형),1,,uncertain,,
옥수수단백추출물분말,1,,uncertain,,
건조저장육류,1,,uncertain,,
프로폴리스추출물분말(호주산),1,프로폴리스,medium,,
프로폴리스추출물(총 플라보노이드 7%이상),1,프로폴리스,medium,,
프로폴리스추출물혼합물{프로폴리스추출물(총플라보노이드 함량5%이상)25.00%,1,프로폴리스,medium,,
시클로덱스트린 75.00%},1,,uncertain,,
프로폴리스추출물분말(총플라보노이드 7%이상),1,프로폴리스,medium,,
프로폴리스(총플라보노이드 3.3%이상,1,프로폴리스,medium,,
프로폴리스고형분 37%이상),1,프로폴리스,medium,,
프로폴리스(총플라보노이드 2.4%이상,1,프로폴리스,medium,,
프로폴리스고형분 29%이상),1,프로폴리스,medium,,
프로폴리스(총플라보노이드 1.3%이상,1,프로폴리스,medium,,
프로폴리스고형분 16%이상),1,프로폴리스,medium,,
프로폴리스(총플라보노이드 2.0%이상,1,프로폴리스,medium,,
프로폴리스고형분24%이상),1,프로폴리스,medium,,
프로폴리스(총플라보노이드 1.5%이상,1,프로폴리스,medium,,
프로폴리스고형분 18%이상),1,프로폴리스,medium,,
프로폴리스추출분말[프로폴리스추출물(총플라보노이드 7%이상) 70%,1,프로폴리스,medium,,
덱스트린 30],1,,uncertain,,
덱스트린 30),1,,uncertain,,
프로폴리스추출물추출물(추출액)분말(분말 추출물),1,프로폴리스,medium,,
프로폴리스추출물분말(플라보노이드 5%이상),1,프로폴리스,medium,,
정제어유(유지)(EPA 33%,1,오메가-3,medium,,
DHA 22%),1,,uncertain,,
하프물범신제외)유지(Oil)(EPA 6%이상,1,,uncertain,,
비타민 E유지(Oil)(D-알파토코페롤),1,비타민 E,medium,,
조류 DHA 유지(Oil)(조류DHA추출유지 96.27%,1,,uncertain,,
알로에 겔농축액(농축물)(20:1,1,,uncertain,,
고형분10%이상),1,,uncertain,,
프로바이오틱스(Enterococus faecium 5%,1,프로바이오틱스,medium,,
Enterococcus faecalis 5%,1,프로바이오틱스,high,,
Bifidobacterium longum 4%,1,프로바이오틱스,high,,
Lactobacillus acidophilus 2%,1,프로바이오틱스,high,,
Streptococcus thermophilus 2%,1,프로바이오틱스,high,,
Lactobacillus plantarum 1%,1,프로바이오틱스,high,,
Lactobacillus paracasei 1%,1,프로바이오틱스,high,,
Lactobacill,1,,uncertain,,
말토덱스트린 95.9%),1,,uncertain,,
과립)(아라비아검 38%,1,,uncertain,,
연어(전체)유지(Oil)((EPA18%,1,,uncertain,,
DHA12%)),1,,uncertain,,
분말비타민 A(비타민A로써 9.75%),1,비타민 A,medium,,
과립)(프로폴리스 추출물분말 70%,1,프로폴리스,medium,,
과립)(유기농난각칼슘100%),1,칼슘,medium,,
비타민 D2분말(가루,1,비타민 D,medium,,
과립)(유기농버섯분말100%),1,,uncertain,,
회화나무 열매추출물추출물(추출액)분말(분말 추출물),1,회화나무열매추출물,medium,,
도라지추출물(기능성원료 인정 제2013-26호),1,,uncertain,,
Lactobacillus plantarum(1.0x10^10 cfu/g 이상 원료 사용),1,프로바이오틱스,high,,
아카시아검(고시형),1,,uncertain,,
치커리추출분말,1,,uncertain,,
탄산칼슘(혼합제제)(탄산칼슘 51,1,칼슘,medium,,
구연산 24,1,,uncertain,,
DL-사과산 24,1,,uncertain,,
덱스트린 0.5,1,,uncertain,,
정제수 0.5),1,,uncertain,,
산수유추출물등복합물(제2022-26호),1,,uncertain,,
비타민E(50%) 1%),1,비타민 E,medium,,
피니톨,1,,uncertain,,
피브로인추출물(BF-7®)(제2009-46호),1,,uncertain,,
EPA와DHA의합[정제어유(EPA와DHA의 합-25%),1,오메가-3,medium,,
소나무껍질추출물등복합물(프랑스해안송껍질추출물2.6557,1,,uncertain,,
비타민C53.0966,1,비타민 C,medium,,
비타민E8.8501,1,비타민 E,medium,,
달맞이꽃종자유35.3976),1,,uncertain,,
홍삼농축액분말(진세노사이드 Rg1과 Rb1 및 Rg3의 합으로 12mg/g이상),1,홍삼,medium,,
홍삼분말(진세노사이드 Rg1과 Rb1 및 Rg3의 합으로 6mg/g이상),1,홍삼,medium,,
유청,1,,uncertain,,
렌즈콩분말,1,,uncertain,,
차전자피분말(식이섬유 90%이상),1,차전자피,medium,,
비타민D2,1,비타민 D,medium,,
아세로라분말,1,,uncertain,,
DHA 6%,1,,uncertain,,
EPA와 DHA의 합 12%),1,,uncertain,,
정제어유(EPA18%함유),1,오메가-3,medium,,
하프물범유(EPA6%함유),1,,uncertain,,
하프물범유(EPA+DHA 12%이상),1,,uncertain,,
밀크씨슬(카르두스마리아누스)추출물추출물(추출액),1,밀크씨슬,medium,,
"과립)(Bifidobacterium bifidum BGN4 (1g당 50,000,000,000개 이상) 40%",1,프로바이오틱스,high,,
"과립)(Enterococcus faecium BH06 (1g당 50,000,000,000개 이상) 40%",1,프로바이오틱스,high,,
"과립)(Lactobacillus acidophilus AD031 (1g당 50,000,000,000개 이상) 40%",1,프로바이오틱스,high,,
아세로라추출물(추출액)분말(분말 추출물)(비타민C함량 17%),1,비타민 C,medium,,
아세로라추출분말(아세로라94.3%,1,,uncertain,,
말토덱스트린5.7%),1,,uncertain,,
한국양봉 프로폴리스액,1,프로폴리스,medium,,
비타민 D 혼합(비타민D3 0.25%.이산화규소0.5%.중쇄중성지방7.5%.아카시아검38%.옥수수전분15.55%.DL-알파토코페롤0.2%.수쿠로즈38%				),1,비타민 D,medium,,
비타민 D3 혼합제제((비타민D3분말 0.25%,1,비타민 D,medium,,
이산화규소 0.5% 중쇄중성지방 7.5%,1,,uncertain,,
옥수수전분 15.55%),1,,uncertain,,
헛개나무과병추출분말(퀘르세틴 5.9~8.9ug/g,1,헛개나무,medium,,
(헛개나무과병 62.5%,1,헛개나무,medium,,
덱스트린 37.5%),1,,uncertain,,
제2008-55호),1,,uncertain,,
과립)(파코스),1,,uncertain,,
과립)(DL-α-토코페릴아세테이트 50%,1,,uncertain,,
레티닐 팔미트산염 혼합제제(레티닐 팔미트산염 55.5%,1,,uncertain,,
루테인(마리골드꽃추출물20%,1,루테인,medium,,
홍화씨유80%),1,,uncertain,,
D-알파-토코페롤혼합제제{비타민E로서 67%(D-알파-토코페롤 72%,1,비타민 E,medium,,
대두유 28%)},1,,uncertain,,
보라지오일,1,,uncertain,,
글루코사민분말(글루코사민염산염으로서 98%이상),1,글루코사민,medium,,
루테인(마리골드꽃추출물36.2%,1,루테인,medium,,
홍화씨유63.8%),1,,uncertain,,
오메가-3지방산함유유지(정제어유(EPA와 DHA의 합-30%이상)),1,오메가-3,medium,,
이산화규소0.5%),1,,uncertain,,
굴껍질패각분말(칼슘 30%이상 / 굴껍질분말 80%,1,칼슘,medium,,
한삼덩굴추출분말,1,,uncertain,,
비타민B1질산염(비타민B1 81%),1,비타민 B1,medium,,
6년근농축액(농축물)(국산,1,IGNORE,skip,,
Rb1 및 Rg3의합 8mg/g이상,1,,uncertain,,
고형분68%이상 (홍삼비율:홍삼70%,1,홍삼,medium,,
홍삼분말(6년근,1,홍삼,medium,,
Rb1 및 Rg3의 합 6mg/g)100%,1,,uncertain,,
홍삼분말(국산,1,홍삼,medium,,
Rb1 및 Rg3의 합 7.5mg/g이상)100%,1,,uncertain,,
홍삼농축액(국산,1,홍삼,medium,,
Rb1 및 Rg3의 합 7mg/g이상,1,,uncertain,,
고형분68%이상),1,,uncertain,,
6년근농축액(농축물)(6년근이상,1,IGNORE,skip,,
Rb1 및 Rg3의합 7mg/g이상. 고형분 68%이상,1,,uncertain,,
과립)(6년근이상,1,,uncertain,,
홍삼농축액(농축물)(((국산,1,홍삼,medium,,
Rb1 및 Rg3의합 10mg/g이상,1,,uncertain,,
고형분 68%이상)(홍삼배합비율:홍삼근75%,1,홍삼,medium,,
홍미삼25%)),1,,uncertain,,
디메틸설폰,1,MSM,high,,
해조분말(칼슘),1,칼슘,medium,,
Bifidobacterium bifidum(2.0 x 10^11 cfu/g 이상 원료 사용),1,프로바이오틱스,high,,
Bifidobacterium longum(2.0 x 10^11 cfu/g 이상 원료 사용),1,프로바이오틱스,high,,
Bifidobacterium animalis ssp. lactis(2.0 x 10^11 cfu/g 이상 원료 사용),1,프로바이오틱스,high,,
Lactobacillus acidophilus(2.0 x 10^11 cfu/g 이상 원료 사용),1,프로바이오틱스,high,,
Lactobacillus reuteri(2.0 x 10^11 cfu/g 이상 원료 사용),1,프로바이오틱스,high,,
Lactobacillus rhamnosus(2.0 x 10^11 cfu/g 이상 원료 사용),1,프로바이오틱스,high,,
Streptococcus thermophilus(2.0 x 10^11 cfu/g 이상 원료 사용),1,프로바이오틱스,high,,
차전자피(차전자피100%),1,차전자피,medium,,
산화칼슘(칼슘함량 67%),1,칼슘,medium,,
나이아신(함량100%),1,나이아신,medium,,
해조칼슘(칼슘함량30%이상),1,칼슘,medium,,
과립)(인삼근 70%,1,인삼,medium,,
글루코사민염산염분말(글루코사민100%함유),1,글루코사민,medium,,
L-테아닌(L-테아닌으로서 94%함유),1,테아닌,medium,,
"Bifidobacterium animalis spp. lactis(50,000,000,000cfu/g)",1,프로바이오틱스,high,,
"Streptococcus thermophilus(100,000,000,000cfu/g)",1,프로바이오틱스,high,,
"Bifidobacterium longum(50,000,000,000cfu/g)",1,프로바이오틱스,high,,
Dimethylsulfone(MSM)(Dimethylsulfone함량 98%이상),1,MSM,medium,,
과립)((10종)(Streptococcus thermophilus 2%,1,프로바이오틱스,high,,
Bifidobacterium longum 0.5,1,프로바이오틱스,high,,
유단백가수분해물(락티움)(αs1-casein(f91-100)(mg/g)),1,유단백가수분해물,medium,,
가르시니아캄보지아추출분말,1,가르시니아,medium,,
허니부쉬잎,1,,uncertain,,
녹차추출물(카테킨 40% 이상,1,녹차 카테킨,medium,,
카페인 5% 이하),1,카페인,medium,,
나이아신(니코틴산아미드),1,나이아신,medium,,
과립)(헛개나무과병추출물 10 대 덱스트린 6),1,헛개나무,medium,,
비타민E(DL-알파-토코페롤),1,비타민 E,medium,,
비타민A유(유성비타민A지방산에스테르,1,비타민 A,medium,,
300㎍RE/㎎),1,IGNORE,skip,,
헴철분말(철로서1%함유),1,철분,medium,,
푸마르산제일철분말(철로서 32%함유),1,철분,medium,,
젖산철분말(철로서20%함유),1,철분,medium,,
비타민 B12 혼합제제(시아노코발라민 0.1%,1,비타민 B12,medium,,
글루콘산철(고시형),1,,uncertain,,
환원철(고시형),1,,uncertain,,
빌베리추출물(기능성원료인정제2018-2호),1,,uncertain,,
표고버섯균사체추출물분말(기능성원료 인정 제2009-3호),1,,uncertain,,
과립)(Silymarin(silybin으로서) 50%),1,,uncertain,,
밀크씨슬추출물추출물(추출액)분말(분말 추출물),1,밀크씨슬,medium,,
유당혼합분말(가루,1,,uncertain,,
식용자라분말(가루,1,,uncertain,,
L-아르기닌,1,아르기닌,high,,
리소짐,1,,uncertain,,
헛개나무(열매)분말(가루,1,헛개나무,medium,,
감마리놀렌산함량 8.5%이상,1,감마리놀렌산,medium,,
니코틴산아미드 혼합분말(가루,1,나이아신,medium,,
비타민 B2(혼합제제),1,비타민 B2,medium,,
그린마떼추출물？920,1,,uncertain,,
식물스타놀에스테르(식물스타놀 에스테르 850mg/g 이상),1,,uncertain,,
칼슘(패각분말(칼슘 38%),1,칼슘,medium,,
해조칼슘(칼슘함량31%),1,칼슘,medium,,
D-α-토코페릴호박산,1,,uncertain,,
키토산(글루코사민함량 100%이상),1,글루코사민,medium,,
조류추출베타카로틴(카로틴1%이상),1,비타민 A,medium,,
히드록시프로필메틸셀룰로오스 3%),1,,uncertain,,
설탕 5%,1,,uncertain,,
건조효모(크롬 0.2%이상),1,크롬,medium,,
글루코사민황산염분말(글루코사민55%이상),1,글루코사민,medium,,
비타민 B1 염산염,1,비타민 B1,high,,
가르시니아캄보지아 추출물(총(-)-HCA 60% 이상),1,가르시니아,medium,,
오메가-3 지방산함유유지(정제어유 99.7%,1,오메가-3,medium,,
토코페롤혼합형 0.21%,1,비타민 E,medium,,
해바라기유 0.09% / EPA와 DHA의 합 70%),1,,uncertain,,
건조효모(아연 5% 이상),1,아연,medium,,
대웅 코엔자임 Q10분말(가루,1,코엔자임 Q10,medium,,
"Lactobacillus plantarum(1.7 x 100,000,000,000/g 이상)",1,프로바이오틱스,high,,
마그나스표고균사체추출물분말(제2009-3호),1,,uncertain,,
헛개나무과병추출분,1,헛개나무,medium,,
치커리추출물,1,,uncertain,,
조류 DHA 추출물(추출액) 유지(oil)(DHA와 EPA의 합40%),1,,uncertain,,
패각,1,,uncertain,,
이온칼슘,1,칼슘,medium,,
호프추출물,1,,uncertain,,
프로바이오틱스동결건조(락토바실러스 플란타럼 유산균(Lactobacillus plantarum)),1,프로바이오틱스,high,,
프로바이오틱스동결건조(락토바실러스 루테리 유산균(Lactobacillus reuteri) ),1,프로바이오틱스,high,,
프로바이오틱스동결건조(락토바실러스 살리바리우스 유산균(Lactobacillus salivarius)),1,프로바이오틱스,high,,
비피도박테리움 비피둠 비피더스 생균 원말,1,,uncertain,,
비피도박테리움 브레브 비피더스 생균 원말,1,,uncertain,,
"스트렙토코쿠스 써모필루스 유산균{STREPTOCOCCUS STHERMOPHILUS의 생균으로 200,000,000,000개/g 이상",1,프로바이오틱스,high,,
"락토바실루스 아시도필루스 유산균{LACTOBACILLUS ACIDOPHILUS의 생균으로 200,000,000,000개/g 이상",1,프로바이오틱스,high,,
"비피도박테리움 인판티스 비피더스균{BIFIDOBACTERIUM INFANTIS의 생균으로 50,000,000,000개/g 이상",1,프로바이오틱스,high,,
"Lactobacillus casei(100,000,000,000cfu/g)",1,프로바이오틱스,high,,
"Bifidobacterium bifidum(Bifidobacterium bifidum+Bifidobacterium animalis spp. lactis 100,000,000,000cfu/g)",1,프로바이오틱스,high,,
"Bifidobacterium breve(100,000,000,000cfu/g)",1,프로바이오틱스,high,,
"Enterococcus faecium(100,000,000,000cfu/g)",1,프로바이오틱스,high,,
"락토바실루스 아시도필루스 유산균 (Lactobacillus acidophilus의 생균으로 100,000,000,000개/g 이상: Lactobacillus acidophilus유산균 80.0%",1,프로바이오틱스,high,,
"스트렙토코쿠스 써모필루스 유산균(Streptococcus thermophilus의 생균으로 100,000,000,000개/g 이상: Streptococcus thermophilus유산균 80.644%",1,프로바이오틱스,high,,
말토덱스트린 6.452%,1,,uncertain,,
옥수수전분 6.452%,1,,uncertain,,
트레할로스 6.452%),1,,uncertain,,
"락토바실루스 카제이(Lactobacillus casei의 생균으로 200,000,000,000개/g 이상: Lactobacillus casei유산균 77.808%",1,프로바이오틱스,high,,
제이인산칼륨 0.7,1,칼륨,medium,,
"락토바실루스 람노수스(Lactobacillus rhamnosus의 생균으로 200,000,000,000개/g 이상: Lactobacillus rhamnosus유산균 77.808%",1,프로바이오틱스,high,,
"락토바실루스 아시도필루스(Lactobacillus acidophilus의 생균으로 100,000,000,000개/g 이상: Lactobacillus acidophilus유산균 80.0%",1,프로바이오틱스,high,,
"비피도박테리움 롱굼(Bifidobacterium longum의 생균으로 50,000,000,000개/g 이상: Bifidobacterium longum비피더스균 81.632%",1,프로바이오틱스,high,,
유청 4.082%,1,,uncertain,,
유당 2.041%),1,,uncertain,,
"락토바실루스 카제이 (Lactobacillus casei의 생균으로 200,000,000,000개/g 이상: Lactobacillus casei 유산균 80.517%",1,프로바이오틱스,high,,
"비피도박테리움 롱굼(Bifidobacteriuim longum의 생균으로 50,000,000,000개/g 이상: Bifidobacteriuim longum 비피더스균 60%",1,,uncertain,,
"스트렙토코쿠스 써모필루스(Streptococcus thermophilus의 생균으로 200,000,000,000개/g 이상: Streptococcusthermophilus 유산균 60%",1,프로바이오틱스,high,,
옥수수전,1,,uncertain,,
"락토바실루스 델브루에키 불가리쿠스 유산균{LACTOBACILLUS DELBRUECKII BULGARICUS의 생균으로 10,000,000,000개/g 이상",1,프로바이오틱스,high,,
"스트렙토코쿠스 써모필루스 유산균(Streptococcus thermophilus의 생균으로 50,000,000,000개/g 이상 함유 : Streptococcus thermophilus 유산균 82.457%",1,프로바이오틱스,high,,
트레할로스 8.246%,1,,uncertain,,
말토덱스트린 4.123%,1,,uncertain,,
혼합유청분말(유청,1,,uncertain,,
"락토바실루스 플란타룸 유산균(Lactobacillus plantarum의 생균으로 200,000,000,000개/g 이상 함유 : Lactobacillus plantarum 유산균 77.808%",1,프로바이오틱스,high,,
"락토바실루스 카제이 유산균(Lactobacillus casei의 생균으로 200,000,000,000개/g 이상 함유 : Lactobacillus casei 유산균 79.064%",1,프로바이오틱스,high,,
트레할로스 6.326%,1,,uncertain,,
말토덱스트린 6.325%,1,,uncertain,,
옥수수전분 6.325%,1,,uncertain,,
제이인산칼륨 0.727,1,칼륨,medium,,
"락토바실루스 람노수스 유산균(Lactobacillus rhamnosus의 생균으로 200,000,000,000개/g 이상 함유 : Lactobacillus rhamnosus 유산균 77.808%",1,프로바이오틱스,high,,
트레할로스,1,,uncertain,,
"락토바실루스 아시도필루스 유산균{Lactobacillus acidophilus의 생균으로 100,000,000,000개/g 이상 함유 : Lactobacillus acidophilus 유산균 80.0%",1,프로바이오틱스,high,,
덱스트,1,,uncertain,,
"비피도박테리움 롱굼 비피더스균{Bifidobacterium longum의 생균으로 50,000,000,000개/g 이상 함유 : Bifidobacterium longum 비피더스균 81.632%",1,프로바이오틱스,high,,
혼합유청분말(유청분말 95,1,,uncertain,,
유산균(Lactobacillus acidophilus,1,프로바이오틱스,high,,
유산균(Enterococcus faecium,1,프로바이오틱스,high,,
비피더스균(Bifidobacterium breve,1,프로바이오틱스,high,,
표고버섯균사체 AHCC분말(가루,1,,uncertain,,
피리독신염산염(비타민B6로서 80%),1,비타민 B6,medium,,
비타민B12(시아노코발라민),1,비타민 B12,medium,,
정제어유(유지)(정제어유 99.95%,1,오메가-3,medium,,
비타민E 0.05%),1,비타민 E,medium,,
홍삼발효 농축(액) 분말((WGP발효홍삼농축액분말,1,홍삼,medium,,
Rb1과 Rg1의 합 5mg/g 이상)(홍삼근 70%,1,홍삼,medium,,
홍미삼30%))),1,,uncertain,,
홍국 (현미(국산) 90%,1,홍국,medium,,
홍국균(Monascus pilosus) 10%),1,홍국,medium,,
홍국분말[현미 90%,1,홍국,medium,,
홍국균(Monascus pilosus) 10%],1,홍국,medium,,
유산균발효 홍삼발효 농축액,1,홍삼,medium,,
Rb1함량 3mg/g),1,,uncertain,,
홍삼농축액(농축물)(고형분 65%이상,1,홍삼,medium,,
홍삼농축액(농축물)(1.2% 이상),1,홍삼,medium,,
4년근농축액(농축물)(고형분 60%),1,IGNORE,skip,,
Rb1 및 Rg3의 합 5mg/g이상,1,,uncertain,,
홍삼(원료삼배합비율:홍삼근70%,1,홍삼,medium,,
홍삼미30%),1,홍삼,medium,,
홍삼농축액[진세노사이드 Rg1과 Rb1 및 Rg3의 합 0.3%] 100%,1,홍삼,medium,,
홍삼농축액(홍삼100%)(진세노사이드 Rg1,1,홍삼,medium,,
Rb1 및 Rg3의 합5mg/g),1,,uncertain,,
홍삼근: 홍미삼= 70:30),1,홍삼,medium,,
최종제품:홍삼농축액(진세노사이드Rg1과 Rb1의 합계로서 0.45%),1,홍삼,medium,,
Rb1과 Rg3 의 합 11mg/g,1,,uncertain,,
Rb1 및 Rg3 의 합 5mg/g),1,,uncertain,,
Rb1 및 Rg3의합10mg/g),1,,uncertain,,
홍삼(고형분 60%이상),1,홍삼,medium,,
주정,1,,uncertain,,
홍삼농축액(농축물)(고형분 함량 65% 이상),1,홍삼,medium,,
4년근(4년근이상),1,IGNORE,skip,,
홍삼농축액(고형분65%이상,1,홍삼,medium,,
홍삼근(6년근)70%,1,홍삼,medium,,
홍미삼(6년근)30%,1,,uncertain,,
Rb1 및 Rg3의 합 24mg/g)(홍삼근30%,1,홍삼,medium,,
홍삼농축액(농축물)((고형분70%,1,홍삼,medium,,
홍삼근:홍미삼=70%:30%,1,홍삼,medium,,
국산)),1,,uncertain,,
홍삼농축액농축액(농축물)분말(6년근)(원료삼비율 : 홍삼근 30%,1,홍삼,medium,,
홍미삼 70%),1,,uncertain,,
홍삼(진세노사이드 Rg1과 Rb1 및 Rg3의 합 0.75%),1,홍삼,medium,,
Rb1 및 Rg3의 합 11mg/g)(홍삼근70%,1,홍삼,medium,,
홍삼농축액(농축물)(홍미삼70%,1,홍삼,medium,,
홍삼근30%),1,홍삼,medium,,
Rb1 및 Rg3의 합 18mg/g)(홍삼근30%,1,홍삼,medium,,
Rb1 및 Rg3의 합 7mg/g)(홍삼근70%,1,홍삼,medium,,
홍삼농축액(진세노사이드Rg1과 Rb1 및 Rg3의 합 7mg/g),1,홍삼,medium,,
"옥수수전분 20%)
분",1,,uncertain,,
쏘팔메토 열매 추출물,1,쏘팔메토,high,,
아세로라농축액(농축물)분말,1,,uncertain,,
과립)(원료삼 배합비율 : 홍삼근 100%),1,홍삼,medium,,
홍삼(진세노사이드Rg1,1,홍삼,medium,,
Rb1 및 Rg3의 합0.29%),1,,uncertain,,
홍삼분말(홍삼성분 20mg/g이상)(진세노사이드 Rg1과 Rb1 및 Rg3의 합 0.8%),1,홍삼,medium,,
과립)(진세노사이드Rg1과Rb1 및 Rg3의 합 5mg/g,1,,uncertain,,
원료삼배합비율: 홍삼근류 60,1,홍삼,medium,,
홍삼미류 40),1,홍삼,medium,,
Rb1 및 Rg3의 합: 6.0mg/g),1,,uncertain,,
"홍삼성분 발효 효삼(酵蔘) 분말
(제 2004-광주청-0024-0011호)",1,홍삼,medium,,
Rb1 및 Rg3의 합 7mg/g,1,,uncertain,,
과립)(진세노사이드   Rg1과 Rb1 및 Rg3의 합 3mg/g,1,,uncertain,,
Rg1과 Rb1 및 Rg3의합 2.5mg/g이상),1,,uncertain,,
벌꿀,1,,uncertain,,
L-아르지닌,1,,uncertain,,
바나바주정추출분말,1,,uncertain,,
4년근농축액(농축물)분말,1,IGNORE,skip,,
진세노사이드 Rg1과 Rb1및 Rg3의 합 7㎎/g: 홍삼근 70%,1,홍삼,medium,,
팽화홍삼농축액(6년근,1,홍삼,medium,,
발효홍삼농축액(6년근,1,홍삼,medium,,
홍삼농축액(진세노사이드 Rg1과 Rb1및 Rg3의 합 7.7mg/g),1,홍삼,medium,,
홍삼농축액(농축물)(6년근 홍삼,1,홍삼,medium,,
고형분 64%),1,,uncertain,,
고형분 65%,1,,uncertain,,
진세노사이드 Rg1과 Rb1 및 Rg3의 합 6mg/g),1,,uncertain,,
원료삼배합비율:홍삼근70%,1,홍삼,medium,,
홍삼농축액(진세노사이드Rg1과Rb1 및 Rg3의 합 0.6%,1,홍삼,medium,,
고형분 60%이상),1,,uncertain,,
홍삼 (※ 최종제품 : 홍삼농축액(홍삼성분 70mg/g이상,1,홍삼,medium,,
고형분60%이상)(진세노사이드 Rg1,1,,uncertain,,
Rb1 및 Rg3의 합 13mg/g)100%,1,,uncertain,,
Rb1과 Rg3 의 합 5mg/g,1,,uncertain,,
홍삼농축액(농축물)(진세노사이드 Rg1과 Rb1및 Rg3의 합 7㎎:홍삼근 70%,1,홍삼,medium,,
홍삼농축액농축액(농축물)(고형분 64%이상,1,홍삼,medium,,
국내산),1,,uncertain,,
홍삼농축액(농축물)(고형분65%이상,1,홍삼,medium,,
원료삼배합비율: 홍삼근70%,1,홍삼,medium,,
홍미삼30% ),1,,uncertain,,
Rb1 및 Rg3의 합 15mg/g),1,,uncertain,,
홍삼농축액(농축물)(고형분 64%,1,홍삼,medium,,
Rb1 및 Rg3의 합 5.5mg),1,,uncertain,,
홍삼농축액(농축물)(고형분60%이상),1,홍삼,medium,,
홍삼농축액(고형분 68%,1,홍삼,medium,,
Rb1 및 Rg3의 합 6.4mg/g),1,,uncertain,,
홍삼농축액 분말,1,홍삼,medium,,
홍삼농축액(농축물)분말(원료삼배합비율 : 홍삼근 100%),1,홍삼,medium,,
Rb1과 Rg3 의 합 9mg/g,1,,uncertain,,
Rb1과 Rg3 의 합 7mg/g,1,,uncertain,,
홍삼농축액(농축물)분말(원료삼배합비율 : 홍삼근(양삼) 70%,1,홍삼,medium,,
홍삼분말 (홍삼성분 20mg/g이상)(진세노사이드 Rg1과 Rb1 및 Rg3의 합 0.8%),1,홍삼,medium,,
홍삼농축액(홍삼성분함량 70mg/g이상)(진세노사이드 Rg1과 Rb1 및 Rg3의 합 0.5%),1,홍삼,medium,,
홍삼농축액(진세노사이드Rg1,1,홍삼,medium,,
Rb1 및 Rg3의 합0.59%),1,,uncertain,,
Rb1 및 Rg3의 합 4mg/g,1,,uncertain,,
홍삼농축액(홍삼성분함량 70mg/g이상)(진세노사이드 Rg1과 Rb1 및 Rg3의 합 0.67%),1,홍삼,medium,,
홍삼(고형분 68%이상,1,홍삼,medium,,
초록입홍합추출오일복합물(EPA/DHA/DPA/알파-LINOLENIC ACID 80.6MG/G이상,1,,uncertain,,
비타민E(D-알파-토코페롤)3.22%),1,비타민 E,medium,,
팔라티노스 2%,1,,uncertain,,
정제수 5%),1,,uncertain,,
홍삼추출물분말,1,홍삼,medium,,
과립)(원료삼 배합비율 : 홍삼근류 70% +홍미삼류 30%,1,홍삼,medium,,
원산지 : 국산),1,,uncertain,,
홍어껍질콜라겐펩타이드(제2025-49호),1,콜라겐,medium,,
뮤코다당·단백(고시형),1,,uncertain,,
홍삼농축액(농축물)(진세노사이드 Rg1+Rb1=4mg/g,1,홍삼,medium,,
민들레 등 복합추출물(기능성원료인정제2012-12호),1,,uncertain,,
홍삼농축액분말(고형분 65%이상),1,홍삼,medium,,
플란타김치유산균,1,유산균,medium,,
차전자피분말(식이섬유 80%이상),1,차전자피,medium,,
난소화성말토덱스트린농축액(농축물),1,난소화성 말토덱스트린,medium,,
사과 식이섬유,1,식이섬유,medium,,
아가베선인장(이눌린),1,식이섬유,medium,,
현미볶음분말,1,,uncertain,,
쌀(알피화분말),1,,uncertain,,
호밀분말,1,,uncertain,,
옥수수건조분말,1,,uncertain,,
밀식이섬유,1,식이섬유,medium,,
크랜베리(식이섬유),1,크랜베리,medium,,
블루베리(식이섬유),1,식이섬유,medium,,
오렌지(식이섬유),1,식이섬유,medium,,
자몽(식이섬유),1,자몽,medium,,
레몬(식이섬유),1,식이섬유,medium,,
아라비아검(아카시아식이섬유),1,식이섬유,medium,,
올리고당,1,,uncertain,,
DL-알파-토코페롤,1,비타민 E,medium,,
글루콘산칼슘분말,1,칼슘,medium,,
비타민b2,1,,uncertain,,
프로폴리스추출분말(프로폴리스추출물70%,1,프로폴리스,medium,,
홍삼농축액(농축물)(팽화발효,1,홍삼,medium,,
인삼근류70%,1,인삼,medium,,
Rb1 및 Rg3합: 5mg/g),1,,uncertain,,
식물성대두단백,1,,uncertain,,
인삼발효 농축액(고형분 함량 65 %,1,인삼,medium,,
원료삼 배합비율(%): 인삼근류:미삼류=50:50,1,인삼,medium,,
진세노사이드 Rg1과 Rb1의 합: 6.0 ㎎/g),1,,uncertain,,
지초추출분말(제2025-52호),1,,uncertain,,
홍삼농축액(고형분 64%,1,홍삼,medium,,
진세노사이드 Rg1과 Rb1 및 Rg3의 합: 3.5mg/g),1,,uncertain,,
가시오갈피등 복합추출물,1,,uncertain,,
강황추출물(기능성원료 인정 제2014-2호),1,,uncertain,,
황금등복합물(기능성원료인정제2006-3호),1,,uncertain,,
난황레시틴(오리난황),1,,uncertain,,
글루코만난(식이섬유90% 이상),1,식이섬유,medium,,
결정셀룰로오스(식이섬유90% 이상),1,식이섬유,medium,,
폴리덱스트로스(식이섬유90% 이상),1,식이섬유,medium,,
차전자피(식이섬유80% 이상),1,차전자피,medium,,
갈락토만난(식이섬유80% 이상),1,식이섬유,medium,,
비타민 A(비타민A아세트산염 11.5%,1,비타민 A,medium,,
아카시아 20%,1,,uncertain,,
전분 20%,1,,uncertain,,
DL-a-토코페롤 1.5%),1,비타민 E,medium,,
홍삼농축액(진세노사이드 Rg1과 Rb1 및 Rg3의합 0.35%),1,홍삼,medium,,
진센노사이드 Rg1,1,,uncertain,,
Rb1 및 Rg3의 합 6.5mg이상),1,,uncertain,,
젖산철(철 19.0%),1,,uncertain,,
헴철(철 1% 이상),1,,uncertain,,
푸마르산제일철(철 31% 이상),1,철분,medium,,
인삼열매농축액,1,인삼,medium,,
씨폴리놀 감태주정추출물,1,,uncertain,,
"과립)(400,000,000,000 CFU/g 이상)",1,,uncertain,,
"과립)(200,000,000,000 cfu/g이상)",1,,uncertain,,
"과립)(300,000,000,000cfu/g 이상)",1,,uncertain,,
초록입홍합추출오일복합물(기능성원료 인정 제2004-8호),1,,uncertain,,
히알루론산(히알루론산 90~100%,1,히알루론산,medium,,
제2008-37호),1,,uncertain,,
